date,demand_mw,wind_mw,thermal_generation_mw,net_interconnector_mw,renewable_generation_mw,peak_demand_mw,peak_wind_mw,demand_gwh,wind_gwh,thermal_generation_gwh,renewable_generation_gwh,net_interconnector_gwh,wind_demand_ratio,thermal_demand_ratio,id,reducing_largest_loss_cost,increasing_system_inertia_cost,voltage_constraints_cost,thermal_constraints_cost,reducing_largest_loss_volume,increasing_system_inertia_volume,voltage_constraints_volume,thermal_constraints_volume,financial_year,total_constraint_cost,total_constraint_volume,thermal_constraint_cost_per_unit,year,month,month_name,day_of_week
2022-01-01,22837.020833333332,11970.5625,3466.7291666666665,-554.1666666666666,11970.5625,30967.0,13194.0,548.0885,287.2935,83.2015,287.2935,-13.3,0.5241735595620051,0.15180303910773535,276.0,7827.0,1598300.0,3045681.0,9488867.0,13.0,17014.0,19462.0,-69710.0,2021-2022,14140675.0,-33221.0,-136.11916511260938,2022,1,January,Saturday
2022-01-02,24601.208333333332,12513.574468085106,3881.0,42.723404255319146,12513.574468085106,33993.0,13438.0,590.429,294.069,91.2035,294.069,1.004,0.49805988526986317,0.15446988545616833,277.0,0.0,651412.0,1469248.0,7531062.0,0.0,14793.0,14697.0,-46825.0,2021-2022,9651722.0,-17335.0,-160.83421249332622,2022,1,January,Sunday
2022-01-03,26779.5625,11531.875,6296.479166666667,456.6666666666667,11531.875,39040.0,13326.0,642.7095,276.765,151.1155,276.765,10.96,0.4306222329061574,0.2351225553691053,278.0,0.0,274702.0,1132573.0,5295988.0,0.0,5390.0,12602.0,-28360.0,2021-2022,6703263.0,-10368.0,-186.74146685472496,2022,1,January,Monday
2022-01-04,32004.166666666668,10691.0625,9271.395833333334,2622.4583333333335,10691.0625,43029.0,13492.0,768.1,256.5855,222.5135,256.5855,62.939,0.33405220674391356,0.2896933992969665,279.0,0.0,0.0,308737.0,12248454.0,0.0,0.0,6785.0,-46119.0,2021-2022,12557191.0,-39334.0,-265.58368568269043,2022,1,January,Tuesday
2022-01-05,34175.25,10119.729166666666,12164.5625,2799.375,10119.729166666666,44128.0,13793.0,820.206,242.8735,291.9495,242.8735,67.185,0.2961128058073216,0.35594655488986915,280.0,0.0,162646.0,276616.0,3256193.0,0.0,2014.0,5710.0,-14083.0,2021-2022,3695455.0,-6359.0,-231.21444294539515,2022,1,January,Wednesday
2022-01-06,35166.291666666664,9644.375,13660.291666666666,3592.0833333333335,9644.375,43324.0,13934.0,843.991,231.465,327.847,231.465,86.21,0.2742505548044944,0.3884484550190701,281.0,0.0,0.0,-361.0,9898304.0,0.0,0.0,852.0,-34390.0,2021-2022,9897943.0,-33538.0,-287.82506542599594,2022,1,January,Thursday
2022-01-07,34387.979166666664,11132.291666666666,10915.458333333334,3815.5416666666665,11132.291666666666,43472.0,13028.0,825.3115,267.175,261.971,267.175,91.573,0.3237262536630109,0.3174207556783106,282.0,0.0,0.0,268341.0,2069147.0,0.0,0.0,5993.0,-5569.0,2021-2022,2337488.0,424.0,-371.54731549649847,2022,1,January,Friday
2022-01-08,31105.833333333332,10996.354166666666,7729.0,4339.958333333333,10996.354166666666,39346.0,13088.0,746.54,263.9125,185.496,263.9125,104.159,0.35351421223243235,0.24847429474643024,283.0,0.0,49531.0,360215.0,2404371.0,0.0,476.0,8984.0,-8922.0,2021-2022,2814117.0,538.0,-269.4878950907868,2022,1,January,Saturday
2022-01-09,30987.125,7656.6875,10910.8125,4499.708333333333,7656.6875,42087.0,11353.0,743.691,183.7605,261.8595,183.7605,107.993,0.2470925424672344,0.35210793192333917,284.0,0.0,1003708.0,1495097.0,0.0,0.0,7280.0,8776.0,0.0,2021-2022,2498805.0,16056.0,,2022,1,January,Sunday
2022-01-10,35358.916666666664,7143.872340425532,19310.55319148936,191.36170212765958,7143.872340425532,43799.0,10625.0,848.614,167.881,453.798,167.881,4.497,0.19782963750303434,0.5347519602551926,285.0,0.0,0.0,1554.0,4600577.0,0.0,0.0,208.0,-12247.0,2021-2022,4602131.0,-12039.0,-375.64930186984566,2022,1,January,Monday
2022-01-11,34844.9375,6170.458333333333,19949.5,372.5,6170.458333333333,43686.0,8166.0,836.2785,148.091,478.788,148.091,8.94,0.17708335201730047,0.5725221920687905,286.0,0.0,0.0,34936.0,3326851.0,0.0,0.0,1450.0,-10816.0,2021-2022,3361787.0,-9366.0,-307.58607618343194,2022,1,January,Tuesday
2022-01-12,34283.625,6200.916666666667,21617.145833333332,-1180.7916666666667,6200.916666666667,43677.0,7297.0,822.807,148.822,518.8115,148.822,-28.339,0.1808710912765691,0.6305385102460237,287.0,0.0,0.0,1911.0,12385695.0,0.0,0.0,721.0,-38072.0,2021-2022,12387606.0,-37351.0,-325.32294074385374,2022,1,January,Wednesday
2022-01-13,34838.083333333336,6267.895833333333,20223.354166666668,716.1666666666666,6267.895833333333,44195.0,6744.0,836.114,150.4295,485.3605,150.4295,17.188,0.17991505942969496,0.580495602274331,288.0,0.0,0.0,9270.0,6491707.0,0.0,0.0,1800.0,-26450.0,2021-2022,6500977.0,-24650.0,-245.43315689981097,2022,1,January,Thursday
2022-01-14,35107.0,1829.1875,21526.583333333332,3396.875,1829.1875,42223.0,5616.0,842.568,43.9005,516.638,43.9005,81.525,0.05210321303443758,0.613170687707105,289.0,0.0,0.0,0.0,133367.0,0.0,0.0,0.0,-651.0,2021-2022,133367.0,-651.0,-204.86482334869433,2022,1,January,Friday
2022-01-15,32840.9375,2771.5625,18966.4375,3252.9166666666665,2771.5625,41007.0,6683.0,788.1825,66.5175,455.1945,66.5175,78.07,0.08439352561113701,0.5775242408959854,290.0,0.0,0.0,-1831.0,250927.0,0.0,0.0,200.0,-294.0,2021-2022,249096.0,-94.0,-853.4931972789116,2022,1,January,Saturday
2022-01-16,30900.9375,7874.541666666667,12200.833333333334,3142.75,7874.541666666667,40984.0,8589.0,741.6225,188.989,292.82,188.989,75.426,0.2548318045906105,0.39483699591099247,291.0,0.0,0.0,46957.0,5419597.0,0.0,0.0,3870.0,-18599.0,2021-2022,5466554.0,-14729.0,-291.3918490241411,2022,1,January,Sunday
2022-01-17,34715.895833333336,5060.354166666667,19106.5625,2621.2916666666665,5060.354166666667,43983.0,8897.0,833.1815,121.4485,458.5575,121.4485,62.911,0.14576475833896935,0.5503692772823209,292.0,0.0,0.0,34609.0,1323533.0,0.0,0.0,868.0,-5264.0,2021-2022,1358142.0,-4396.0,-251.43104103343464,2022,1,January,Monday
2022-01-18,35683.208333333336,5871.866666666667,20659.155555555557,1825.911111111111,5871.866666666667,43851.0,9293.0,856.397,132.117,464.831,132.117,41.083,0.1542707412566835,0.5427751381660608,293.0,0.0,0.0,33460.0,5408057.0,0.0,0.0,1491.0,-13975.0,2021-2022,5441517.0,-12484.0,-386.9808228980322,2022,1,January,Tuesday
2022-01-19,33531.0,11453.270833333334,14990.1875,621.25,11453.270833333334,42995.0,12920.0,804.744,274.8785,359.7645,274.8785,14.91,0.3415725994850536,0.44705459127374664,294.0,0.0,0.0,94854.0,8540025.0,0.0,0.0,5492.0,-32915.0,2021-2022,8634879.0,-27423.0,-259.4569345283305,2022,1,January,Wednesday
2022-01-20,35642.458333333336,8171.404255319149,18962.72340425532,1679.276595744681,8171.404255319149,44885.0,11146.0,855.419,192.028,445.624,192.028,39.463,0.22448414168962813,0.5209423685936366,295.0,0.0,0.0,0.0,349665.0,0.0,0.0,0.0,-1315.0,2021-2022,349665.0,-1315.0,-265.90494296577947,2022,1,January,Thursday
2022-01-21,36048.020833333336,6960.520833333333,19877.020833333332,1918.9166666666667,6960.520833333333,44192.0,7594.0,865.1525,167.0525,477.0485,167.0525,46.054,0.19309023553650947,0.5514039432354412,296.0,0.0,0.0,0.0,1143387.0,0.0,0.0,0.0,-6138.0,2021-2022,1143387.0,-6138.0,-186.2800586510264,2022,1,January,Friday
2022-01-22,32261.166666666668,5560.1875,15525.479166666666,3362.9583333333335,5560.1875,40829.0,7005.0,774.268,133.4445,372.6115,133.4445,80.711,0.17234923824825513,0.4812435745762449,297.0,0.0,0.0,0.0,384553.0,0.0,0.0,0.0,-1169.0,2021-2022,384553.0,-1169.0,-328.9589392643285,2022,1,January,Saturday
2022-01-23,32081.125,5028.604166666667,15725.583333333334,3577.4166666666665,5028.604166666667,42225.0,6217.0,769.947,120.6865,377.414,120.6865,85.858,0.15674650333074874,0.49018179173371673,298.0,0.0,0.0,0.0,2251861.0,0.0,0.0,0.0,-8065.0,2021-2022,2251861.0,-8065.0,-279.2140111593304,2022,1,January,Sunday
2022-01-24,35898.291666666664,3191.75,21538.25,2554.375,3191.75,44315.0,6621.0,861.559,76.602,516.918,76.602,61.305,0.0889109161415527,0.5999798040528855,299.0,0.0,0.0,0.0,775164.0,0.0,0.0,0.0,-2982.0,2021-2022,775164.0,-2982.0,-259.9476861167002,2022,1,January,Monday
2022-01-25,36736.333333333336,3441.6666666666665,23273.0625,1791.8333333333333,3441.6666666666665,44803.0,5705.0,881.672,82.6,558.5535,82.6,43.004,0.09368563365968295,0.6335162055730476,300.0,0.0,0.0,0.0,14074199.0,0.0,0.0,0.0,-21976.0,2021-2022,14074199.0,-21976.0,-640.4349745176556,2022,1,January,Tuesday
2022-01-26,34133.916666666664,9806.791666666666,16616.395833333332,176.875,9806.791666666666,43113.0,13833.0,819.214,235.363,398.7935,235.363,4.245,0.2873034396384827,0.4868001523411465,301.0,0.0,56618.0,26834.0,8843451.0,0.0,3118.0,1125.0,-40923.0,2021-2022,8926903.0,-36680.0,-216.09977274393373,2022,1,January,Wednesday
2022-01-27,32914.625,11286.1875,13872.645833333334,1068.7916666666667,11286.1875,42263.0,14151.0,789.951,270.8685,332.9435,270.8685,25.651,0.3428927870209671,0.4214736103884924,302.0,0.0,595451.0,308326.0,4934024.0,0.0,10579.0,5022.0,-19053.0,2021-2022,5837801.0,-3452.0,-258.9631029234241,2022,1,January,Thursday
2022-01-28,33477.0625,8851.25,15788.958333333334,1370.4583333333333,8851.25,40720.0,14295.0,803.4495,212.43,378.935,212.43,32.891,0.26439745123993486,0.471635118324176,303.0,0.0,138899.0,56484.0,4523248.0,0.0,4439.0,1487.0,-17585.0,2021-2022,4718631.0,-11659.0,-257.2219505260165,2022,1,January,Friday
2022-01-29,27906.895833333332,13721.041666666666,5584.520833333333,2368.7083333333335,13721.041666666666,36187.0,14745.0,669.7655,329.305,134.0285,329.305,56.849,0.49167208522983047,0.2001125767152832,304.0,0.0,581363.0,271210.0,5559528.0,0.0,10159.0,4587.0,-21170.0,2021-2022,6412101.0,-6424.0,-262.6135096835144,2022,1,January,Saturday
2022-01-30,29191.6875,7663.020833333333,10701.166666666666,3778.6666666666665,7663.020833333333,38900.0,14054.0,700.6005,183.9125,256.828,183.9125,90.688,0.26250694939555425,0.366582667297554,305.0,0.0,310093.0,93553.0,3436890.0,0.0,2388.0,813.0,-13499.0,2021-2022,3840536.0,-10298.0,-254.6033039484406,2022,1,January,Sunday
2022-01-31,32176.083333333332,12698.375,10572.541666666666,2399.375,12698.375,43488.0,14057.0,772.226,304.761,253.741,304.761,57.585,0.3946526016995025,0.3285838601652884,306.0,0.0,1122689.0,365149.0,4810100.0,0.0,12331.0,4019.0,-20382.0,2021-2022,6297938.0,-4032.0,-235.99744872927093,2022,1,January,Monday
2022-02-01,30587.375,13525.395833333334,8139.1875,2834.9583333333335,13525.395833333334,40132.0,14279.0,734.097,324.6095,195.3405,324.6095,68.039,0.4421888388046812,0.2660963060739929,307.0,0.0,920465.0,501800.0,9027870.0,0.0,13030.0,7681.0,-43930.0,2021-2022,10450135.0,-23219.0,-205.5058046892784,2022,2,February,Tuesday
2022-02-02,32335.5,9357.458333333334,13119.729166666666,2109.5,9357.458333333334,41393.0,11997.0,776.052,224.579,314.8735,224.579,50.628,0.2893865359537763,0.40573763098349075,308.0,0.0,0.0,239091.0,832136.0,0.0,0.0,3821.0,-4076.0,2021-2022,1071227.0,-255.0,-204.1550539744848,2022,2,February,Wednesday
2022-02-03,31414.020833333332,11436.541666666666,11714.104166666666,457.4166666666667,11436.541666666666,40146.0,14002.0,753.9365,274.477,281.1385,274.477,10.978,0.3640585115589973,0.37289413630988816,309.0,0.0,178194.0,203229.0,5142836.0,0.0,3803.0,3915.0,-22704.0,2021-2022,5524259.0,-14986.0,-226.51673713883017,2022,2,February,Thursday
2022-02-04,31248.604166666668,12966.520833333334,8074.708333333333,2234.9166666666665,12966.520833333334,40528.0,14119.0,749.9665,311.1965,193.793,311.1965,53.638,0.4149472009749769,0.2584022086319856,310.0,0.0,676780.0,169413.0,3796971.0,0.0,11700.0,3490.0,-15375.0,2021-2022,4643164.0,-185.0,-246.95746341463413,2022,2,February,Friday
2022-02-05,28308.458333333332,13244.6875,4853.854166666667,3210.2083333333335,13244.6875,36388.0,14045.0,679.403,317.8725,116.4925,317.8725,77.045,0.4678703214439736,0.17146303445819344,311.0,1123.0,814261.0,355200.0,11108014.0,-10.0,14940.0,6352.0,-52333.0,2021-2022,12278598.0,-31051.0,-212.25639653755758,2022,2,February,Saturday
2022-02-06,27399.0,13400.404255319148,4359.255319148936,3055.3617021276596,13400.404255319148,37496.0,14182.0,657.576,314.9095,102.4425,314.9095,71.801,0.4788944547854544,0.15578807620716084,312.0,24817.0,1929808.0,1020967.0,6194665.0,514.0,17295.0,8580.0,-26868.0,2021-2022,9170257.0,-479.0,-230.5592154235522,2022,2,February,Sunday
2022-02-07,32794.6875,10787.270833333334,11342.166666666666,2532.125,10787.270833333334,41835.0,14042.0,787.0725,258.8945,272.212,258.8945,60.771,0.32893348452652077,0.3458537809413999,313.0,0.0,262272.0,207994.0,4317268.0,0.0,5987.0,3696.0,-18434.0,2021-2022,4787534.0,-8751.0,-234.20136703916677,2022,2,February,Monday
2022-02-08,31288.104166666668,12671.270833333334,9132.895833333334,1837.9583333333333,12671.270833333334,41200.0,13784.0,750.9145,304.1105,219.1895,304.1105,44.111,0.40498685269761076,0.29189674723287407,314.0,0.0,1160684.0,745928.0,5353770.0,0.0,10028.0,5586.0,-29395.0,2021-2022,7260382.0,-13781.0,-182.13199523728525,2022,2,February,Tuesday
2022-02-09,31551.416666666668,10191.583333333334,10411.5625,2167.4166666666665,10191.583333333334,41416.0,12510.0,757.234,244.598,249.8775,244.598,52.018,0.323015078562241,0.3299871638093376,315.0,0.0,695282.0,566150.0,5709353.0,0.0,8461.0,6632.0,-27408.0,2021-2022,6970785.0,-12315.0,-208.3097270869819,2022,2,February,Wednesday
2022-02-10,32187.958333333332,10661.148936170213,11418.382978723404,1685.4468085106382,10661.148936170213,41269.0,12603.0,772.511,250.537,268.332,250.537,39.608,0.324315123020902,0.34735039371607657,316.0,0.0,0.0,119168.0,2774457.0,0.0,0.0,4323.0,-10608.0,2021-2022,2893625.0,-6285.0,-261.54383484162895,2022,2,February,Thursday
2022-02-11,33359.604166666664,7094.270833333333,16221.270833333334,1936.0,7094.270833333333,41474.0,12137.0,800.6305,170.2625,389.3105,170.2625,46.464,0.21266052192615695,0.4862548953605939,317.0,0.0,203724.0,111806.0,3024960.0,0.0,2558.0,2208.0,-18334.0,2021-2022,3340490.0,-13568.0,-164.99181847932803,2022,2,February,Friday
2022-02-12,27911.1875,13757.744680851063,5955.021276595745,2328.808510638298,13757.744680851063,36375.0,14745.0,669.8685,323.307,139.943,323.307,54.727,0.48264248878697835,0.20891115196490057,318.0,0.0,1652182.0,705029.0,5982831.0,0.0,19841.0,7399.0,-31421.0,2021-2022,8340042.0,-4181.0,-190.408675726425,2022,2,February,Saturday
2022-02-13,28903.1875,10598.125,8008.395833333333,3528.375,10598.125,37940.0,12969.0,693.6765,254.355,192.2015,254.355,84.681,0.3666766857461655,0.2770765623457044,319.0,0.0,1277296.0,555335.0,657569.0,0.0,19502.0,7495.0,-2971.0,2021-2022,2490200.0,24026.0,-221.32918209357118,2022,2,February,Sunday
2022-02-14,32264.083333333332,10496.416666666666,9964.5,4509.291666666667,10496.416666666666,42030.0,13082.0,774.338,251.914,239.148,251.914,108.223,0.3253282158437272,0.3088418752534423,320.0,0.0,279622.0,493877.0,34350.0,0.0,2789.0,6294.0,-183.0,2021-2022,807849.0,8900.0,-187.70491803278688,2022,2,February,Monday
2022-02-15,32957.770833333336,11515.958333333334,10969.145833333334,3129.6666666666665,11515.958333333334,42300.0,14387.0,790.9865,276.383,263.2595,276.383,75.112,0.3494155715679092,0.332824264383779,321.0,0.0,122134.0,265679.0,3123274.0,0.0,1599.0,4873.0,-12366.0,2021-2022,3511087.0,-5894.0,-252.56946466116773,2022,2,February,Tuesday
2022-02-16,29998.645833333332,12241.9375,6211.208333333333,4551.833333333333,12241.9375,39026.0,13508.0,719.9675,293.8065,149.069,293.8065,109.244,0.408083003746697,0.2070496237677395,322.0,0.0,1048474.0,1222100.0,580976.0,0.0,8819.0,9549.0,-1006.0,2021-2022,2851550.0,17362.0,-577.5109343936382,2022,2,February,Wednesday
2022-02-17,29958.333333333332,12618.297872340425,6605.723404255319,3142.1702127659573,12618.297872340425,39873.0,14837.0,719.0,296.53,155.2345,296.53,73.841,0.4124200278164116,0.21590333796940195,323.0,0.0,1184356.0,702562.0,3412283.0,0.0,8711.0,7596.0,-14972.0,2021-2022,5299201.0,1335.0,-227.91096713865883,2022,2,February,Thursday
2022-02-18,30383.083333333332,10284.083333333334,8030.583333333333,4133.083333333333,10284.083333333334,38074.0,12783.0,729.194,246.818,192.734,246.818,99.194,0.338480568956958,0.26431100639884586,324.0,0.0,281799.0,601181.0,0.0,0.0,3971.0,8665.0,0.0,2021-2022,882980.0,12636.0,,2022,2,February,Friday
2022-02-19,29317.958333333332,9331.541666666666,8951.416666666666,4246.5,9331.541666666666,37108.0,12991.0,703.631,223.957,214.834,223.957,101.916,0.31828756834192923,0.3053219656325546,325.0,0.0,1249698.0,1187284.0,1337199.0,0.0,11268.0,8847.0,-4710.0,2021-2022,3774181.0,15405.0,-283.9063694267516,2022,2,February,Saturday
2022-02-20,26922.125,12267.583333333334,5062.75,3394.4583333333335,12267.583333333334,35652.0,13230.0,646.131,294.422,121.506,294.422,81.467,0.45566920639932157,0.18805164896901713,326.0,0.0,600221.0,529976.0,15225972.0,0.0,14825.0,9199.0,-59980.0,2021-2022,16356169.0,-35956.0,-253.85081693897965,2022,2,February,Sunday
2022-02-21,31072.791666666668,10990.291666666666,9406.916666666666,3577.5833333333335,10990.291666666666,40860.0,14009.0,745.747,263.767,225.766,263.767,85.862,0.3536950198928055,0.3027380599586723,327.0,0.0,442112.0,321147.0,4457883.0,0.0,9644.0,6078.0,-14813.0,2021-2022,5221142.0,909.0,-300.94396813609666,2022,2,February,Monday
2022-02-22,30441.291666666668,11441.458333333334,8139.729166666667,3431.75,11441.458333333334,39593.0,13524.0,730.591,274.595,195.3535,274.595,82.362,0.3758532475762773,0.267391057376836,328.0,0.0,137416.0,305619.0,12165113.0,0.0,2134.0,11126.0,-52466.0,2021-2022,12608148.0,-39206.0,-231.86659932146534,2022,2,February,Tuesday
2022-02-23,30624.229166666668,12006.895833333334,7991.104166666667,2822.625,12006.895833333334,39752.0,13835.0,734.9815,288.1655,191.7865,288.1655,67.743,0.39207177323510867,0.2609405814976295,329.0,0.0,815798.0,201757.0,14788966.0,0.0,14135.0,6012.0,-62035.0,2021-2022,15806521.0,-41888.0,-238.39713065205126,2022,2,February,Wednesday
2022-02-24,31002.145833333332,12467.416666666666,6527.6875,4246.041666666667,12467.416666666666,40181.0,14371.0,744.0515,299.218,156.6645,299.218,101.905,0.4021468944017988,0.2105559897399575,330.0,0.0,480468.0,241770.0,9866943.0,0.0,13207.0,6601.0,-33566.0,2021-2022,10589181.0,-13758.0,-293.9564738127867,2022,2,February,Thursday
2022-02-25,30839.770833333332,8775.666666666666,11252.041666666666,3114.8333333333335,8775.666666666666,39292.0,13691.0,740.1545,210.616,270.049,210.616,74.756,0.28455680536968975,0.36485490529342185,331.0,0.0,935972.0,530615.0,4538890.0,0.0,8303.0,4129.0,-19734.0,2021-2022,6005477.0,-7302.0,-230.00354717746023,2022,2,February,Friday
2022-02-26,26394.395833333332,9713.270833333334,6720.208333333333,3217.0416666666665,9713.270833333334,34594.0,12642.0,633.4655,233.1185,161.285,233.1185,77.209,0.36800504526292277,0.2546073937728258,332.0,0.0,0.0,55162.0,12305634.0,0.0,425.0,3307.0,-49433.0,2021-2022,12360796.0,-45701.0,-248.93560981530555,2022,2,February,Saturday
2022-02-27,25768.0,12226.916666666666,4114.875,2811.4166666666665,12226.916666666666,35922.0,13150.0,618.432,293.446,98.757,293.446,67.474,0.47450002587188245,0.15968934337162372,333.0,0.0,507513.0,603178.0,8319346.0,0.0,6669.0,7312.0,-35791.0,2021-2022,9430037.0,-21810.0,-232.44240172110307,2022,2,February,Sunday
2022-02-28,31842.583333333332,10119.166666666666,11358.479166666666,1707.375,10119.166666666666,41846.0,12115.0,764.222,242.86,272.6035,242.86,40.977,0.3177872398334516,0.3567072133490007,334.0,0.0,0.0,61921.0,9396322.0,0.0,0.0,4694.0,-42863.0,2021-2022,9458243.0,-38169.0,-219.21755360100786,2022,2,February,Monday
2022-03-01,32939.083333333336,4189.8125,16200.4375,3129.8333333333335,4189.8125,41005.0,6756.0,790.538,100.5555,388.8105,100.5555,75.116,0.12719881903210217,0.49183024724934155,335.0,0.0,0.0,16754.0,2040916.0,0.0,0.0,2521.0,-7900.0,2021-2022,2057670.0,-5379.0,-258.3437974683544,2022,3,March,Tuesday
2022-03-02,33198.9375,9379.375,13286.75,1758.0,9379.375,41805.0,10614.0,796.7745,225.105,318.882,225.105,42.192,0.28252033668246157,0.4002161213743663,336.0,0.0,0.0,216979.0,10760140.0,0.0,0.0,3021.0,-30547.0,2021-2022,10977119.0,-27526.0,-352.2486659901136,2022,3,March,Wednesday
2022-03-03,33061.125,6491.340425531915,14312.893617021276,3117.4893617021276,6491.340425531915,40919.0,9478.0,793.467,152.5465,336.353,152.5465,73.261,0.19225311197567135,0.42390294744456924,337.0,0.0,0.0,4570.0,8311436.0,0.0,0.0,1969.0,-20735.0,2021-2022,8316006.0,-18766.0,-400.8408970340005,2022,3,March,Thursday
2022-03-04,32548.395833333332,3311.3333333333335,16259.666666666666,3539.7083333333335,3311.3333333333335,39875.0,4006.0,781.1615,79.472,390.232,79.472,84.953,0.10173568461835356,0.499553549426079,338.0,0.0,0.0,70228.0,301576.0,0.0,0.0,2000.0,-195.0,2021-2022,371804.0,1805.0,-1546.5435897435898,2022,3,March,Friday
2022-03-05,28756.1875,5056.6875,11141.625,3918.5,5056.6875,36929.0,6857.0,690.1485,121.3605,267.399,121.3605,94.044,0.17584693728958334,0.3874513963299203,339.0,0.0,0.0,101134.0,9378.0,0.0,0.0,1360.0,-93.0,2021-2022,110512.0,1267.0,-100.83870967741936,2022,3,March,Saturday
2022-03-06,29176.583333333332,5361.291666666667,11505.083333333334,4385.291666666667,5361.291666666667,38725.0,6549.0,700.238,128.671,276.122,128.671,105.247,0.18375323818473144,0.3943259291840774,340.0,0.0,0.0,245183.0,0.0,0.0,0.0,1530.0,0.0,2021-2022,245183.0,1530.0,,2022,3,March,Sunday
2022-03-07,32085.583333333332,6812.106382978724,13939.106382978724,3516.127659574468,6812.106382978724,41034.0,13528.0,770.054,160.0845,327.569,160.0845,82.629,0.2078873689377628,0.42538445355780247,341.0,0.0,3536.0,190947.0,2719976.0,0.0,411.0,1783.0,-7197.0,2021-2022,2914459.0,-5003.0,-377.93191607614284,2022,3,March,Monday
2022-03-08,30390.520833333332,12814.6875,8350.208333333334,1605.3333333333333,12814.6875,39632.0,13399.0,729.3725,307.5525,200.405,307.5525,38.528,0.42166725507199687,0.27476358102341397,342.0,0.0,68577.0,660334.0,17494380.0,0.0,1907.0,5809.0,-38980.0,2021-2022,18223291.0,-31264.0,-448.8040020523345,2022,3,March,Tuesday
2022-03-09,29724.208333333332,11071.729166666666,9574.770833333334,1370.2916666666667,11071.729166666666,38581.0,12580.0,713.381,265.7215,229.7945,265.7215,32.887,0.37248188555624556,0.32212029756890076,343.0,0.0,948754.0,633367.0,15486033.0,0.0,7028.0,5945.0,-40827.0,2021-2022,17068154.0,-27854.0,-379.3086192960541,2022,3,March,Wednesday
2022-03-10,29696.395833333332,10784.145833333334,9105.166666666666,1941.9166666666667,10784.145833333334,38455.0,11830.0,712.7135,258.8195,218.524,258.8195,46.606,0.36314662202974973,0.3066084759163395,344.0,0.0,126292.0,253466.0,7144068.0,0.0,2217.0,5886.0,-31953.0,2021-2022,7523826.0,-23850.0,-223.58050887240634,2022,3,March,Thursday
2022-03-11,29238.770833333332,13303.416666666666,6877.604166666667,1850.1666666666667,13303.416666666666,36805.0,14700.0,701.7305,319.282,165.0625,319.282,44.404,0.45499233680166384,0.2352220688711692,345.0,0.0,878529.0,922245.0,8246807.0,0.0,7633.0,7515.0,-25899.0,2021-2022,10047581.0,-10751.0,-318.4218309587243,2022,3,March,Friday
2022-03-12,25577.854166666668,11584.041666666666,5158.145833333333,2258.25,11584.041666666666,34544.0,12959.0,613.8685,278.017,123.7955,278.017,54.198,0.4528934128400463,0.20166452587158323,346.0,0.0,0.0,1772624.0,8010437.0,0.0,0.0,10133.0,-21764.0,2021-2022,9783061.0,-11631.0,-368.059042455431,2022,3,March,Saturday
2022-03-13,25766.0625,11413.541666666666,5701.5625,1625.3333333333333,11413.541666666666,35628.0,13713.0,618.3855,273.925,136.8375,273.925,39.008,0.4429680191401642,0.22128187028964943,347.0,0.0,1750669.0,2004059.0,11017393.0,0.0,16284.0,11627.0,-37245.0,2021-2022,14772121.0,-9334.0,-295.8086454557659,2022,3,March,Sunday
2022-03-14,29886.458333333332,6567.104166666667,13683.645833333334,1604.7083333333333,6567.104166666667,39414.0,8469.0,717.275,157.6105,328.4075,157.6105,38.513,0.21973510857063192,0.4578543794221185,348.0,0.0,0.0,147099.0,3018.0,0.0,0.0,1818.0,-153.0,2021-2022,150117.0,1665.0,-19.725490196078432,2022,3,March,Monday
2022-03-15,30334.666666666668,6124.333333333333,15531.395833333334,617.9166666666666,6124.333333333333,38941.0,8141.0,728.032,146.984,372.7535,146.984,14.83,0.20189222451760364,0.5120015328996527,349.0,0.0,0.0,78132.0,5145104.0,0.0,0.0,878.0,-21751.0,2021-2022,5223236.0,-20873.0,-236.54563008597304,2022,3,March,Tuesday
2022-03-16,32379.75,5111.166666666667,17819.1875,1888.25,5111.166666666667,40510.0,7359.0,777.114,122.668,427.6605,122.668,45.318,0.15785071430961223,0.5503188721345903,350.0,0.0,0.0,33285.0,72310.0,0.0,0.0,1197.0,-474.0,2021-2022,105595.0,723.0,-152.55274261603375,2022,3,March,Wednesday
2022-03-17,29476.583333333332,8455.895833333334,10484.458333333334,2035.7916666666667,8455.895833333334,38029.0,11179.0,707.438,202.9415,251.627,202.9415,48.859,0.28686824852495907,0.3556877069085913,351.0,0.0,0.0,233206.0,5823100.0,0.0,0.0,3640.0,-25723.0,2021-2022,6056306.0,-22083.0,-226.37717218053882,2022,3,March,Thursday
2022-03-18,28839.9375,5761.958333333333,12355.770833333334,3083.875,5761.958333333333,35875.0,10429.0,692.1585,138.287,296.5385,138.287,74.013,0.19979094383728582,0.42842571463039175,352.0,0.0,97151.0,199755.0,3360332.0,0.0,847.0,1966.0,-17292.0,2021-2022,3657238.0,-14479.0,-194.3287069164932,2022,3,March,Friday
2022-03-19,23599.25,11084.8125,3620.375,2757.0833333333335,11084.8125,32075.0,14556.0,566.382,266.0355,86.889,266.0355,66.17,0.46971037215165745,0.15341059567571003,353.0,0.0,3084992.0,2291940.0,2422606.0,0.0,17025.0,11263.0,-8722.0,2021-2022,7799538.0,19566.0,-277.7580830084843,2022,3,March,Saturday
2022-03-20,25130.666666666668,7734.916666666667,8277.8125,1816.6666666666667,7734.916666666667,35464.0,12114.0,603.136,185.638,198.6675,185.638,43.6,0.3077879615874364,0.3293908836481324,354.0,0.0,1031711.0,1125971.0,4797583.0,0.0,10202.0,11503.0,-17876.0,2021-2022,6955265.0,3829.0,-268.38123741329156,2022,3,March,Sunday
2022-03-21,30372.791666666668,2245.1041666666665,16980.25,3259.75,2245.1041666666665,38594.0,4111.0,728.947,53.8825,407.526,53.8825,78.234,0.07391826840634504,0.5590612211861767,355.0,0.0,0.0,23609.0,17580.0,0.0,0.0,1560.0,-333.0,2021-2022,41189.0,1227.0,-52.792792792792795,2022,3,March,Monday
2022-03-22,28402.895833333332,3364.0833333333335,15877.020833333334,1898.0,3364.0833333333335,36796.0,4314.0,681.6695,80.738,381.0485,80.738,45.552,0.11844156148984222,0.558993031080311,356.0,0.0,0.0,39889.0,10983.0,0.0,0.0,2624.0,1487.0,2021-2022,50872.0,4111.0,7.386012104909213,2022,3,March,Tuesday
2022-03-23,28417.916666666668,1404.5833333333333,17528.104166666668,1633.0,1404.5833333333333,37037.0,3127.0,682.03,33.71,420.6745,33.71,39.192,0.049425978329399003,0.6167976481972934,357.0,0.0,0.0,-5114.0,0.0,0.0,0.0,975.0,0.0,2021-2022,-5114.0,975.0,,2022,3,March,Wednesday
2022-03-24,28314.541666666668,771.4583333333334,18172.208333333332,2388.0833333333335,771.4583333333334,36403.0,1048.0,679.549,18.515,436.133,18.515,57.314,0.02724601169304936,0.6417977217242612,358.0,0.0,0.0,-504.0,28426.0,0.0,0.0,180.0,-280.0,2021-2022,27922.0,-100.0,-101.52142857142857,2022,3,March,Thursday
2022-03-25,27371.145833333332,1025.125,17626.0,2990.875,1025.125,34604.0,1515.0,656.9075,24.603,423.024,24.603,71.781,0.03745276161407809,0.6439628105935767,359.0,0.0,0.0,43922.0,0.0,0.0,0.0,1260.0,0.0,2021-2022,43922.0,1260.0,,2022,3,March,Friday
2022-03-26,24147.458333333332,1467.4166666666667,13376.583333333334,3886.6666666666665,1467.4166666666667,31923.0,2982.0,579.539,35.218,321.038,35.218,93.28,0.060768990525227815,0.553954091096544,360.0,0.0,0.0,0.0,0.0,0.0,0.0,0.0,0.0,2021-2022,0.0,0.0,,2022,3,March,Saturday
2022-03-27,24808.956521739132,1050.4222222222222,14331.977777777778,3821.0666666666666,1050.4222222222222,31726.0,1985.0,570.606,23.6345,322.4695,23.6345,85.974,0.04141999908868817,0.5651351370297543,361.0,0.0,0.0,0.0,0.0,0.0,0.0,0.0,0.0,2021-2022,0.0,0.0,,2022,3,March,Sunday
2022-03-28,28931.229166666668,339.0851063829787,20003.44680851064,1887.531914893617,339.0851063829787,35536.0,766.0,694.3495,7.9685,470.081,7.9685,44.357,0.011476209027298212,0.6770092006979194,362.0,0.0,0.0,0.0,15100.0,0.0,0.0,0.0,209.0,2021-2022,15100.0,209.0,72.2488038277512,2022,3,March,Monday
2022-03-29,30579.583333333332,1361.375,20229.416666666668,1761.5,1361.375,36347.0,2870.0,733.91,32.673,485.506,32.673,42.276,0.04451908272131461,0.661533430529629,363.0,0.0,0.0,260.0,52740.0,0.0,0.0,230.0,-410.0,2021-2022,53000.0,-180.0,-128.6341463414634,2022,3,March,Tuesday
2022-03-30,31128.645833333332,5683.958333333333,17440.770833333332,1029.7083333333333,5683.958333333333,37265.0,9308.0,747.0875,136.415,418.5785,136.415,24.713,0.18259574681680527,0.5602804223066241,364.0,0.0,0.0,7245.0,1531224.0,0.0,0.0,1380.0,-4640.0,2021-2022,1538469.0,-3260.0,-330.0051724137931,2022,3,March,Wednesday
2022-03-31,30176.5,10530.270833333334,11478.125,1322.0833333333333,10530.270833333334,37036.0,11585.0,724.236,252.7265,275.475,252.7265,31.73,0.34895600329174464,0.3803663446721787,365.0,0.0,0.0,10004.0,22155.0,0.0,0.0,1265.0,-59.0,2021-2022,32159.0,1206.0,-375.50847457627117,2022,3,March,Thursday
2022-04-01,30385.0,6963.604166666667,15955.145833333334,621.75,6963.604166666667,35849.0,9969.0,729.24,167.1265,382.9235,167.1265,14.922,0.22917900828259558,0.5250994185727607,1.0,0.0,0.0,0.0,0.0,0.0,0.0,0.0,0.0,2022-2023,0.0,0.0,,2022,4,April,Friday
2022-04-02,28176.520833333332,2031.0625,18065.333333333332,1361.375,2031.0625,33534.0,3078.0,676.2365,48.7455,433.568,48.7455,32.673,0.07208350924565592,0.6411484739436573,2.0,0.0,0.0,0.0,0.0,0.0,0.0,0.0,0.0,2022-2023,0.0,0.0,,2022,4,April,Saturday
2022-04-03,26517.666666666668,4773.291666666667,14502.729166666666,39.916666666666664,4773.291666666667,32214.0,11481.0,636.424,114.559,348.0655,114.559,0.958,0.18000421102912523,0.5469081932799518,3.0,0.0,37109.0,4241.0,5019014.0,0.0,1750.0,690.0,-10037.0,2022-2023,5060364.0,-7597.0,-500.05121052107205,2022,4,April,Sunday
2022-04-04,28488.395833333332,12335.895833333334,9720.25,-196.0,12335.895833333334,34143.0,13901.0,683.7215,296.0615,233.286,296.0615,-4.704,0.43301475820198726,0.34120032791129135,4.0,0.0,578206.0,164451.0,10823754.0,0.0,11522.0,4639.0,-36364.0,2022-2023,11566411.0,-20203.0,-297.65025849741505,2022,4,April,Monday
2022-04-05,27758.395833333332,10890.645833333334,9656.125,48.625,10890.645833333334,33379.0,12081.0,666.2015,261.3755,231.747,261.3755,1.167,0.39233700314394365,0.3478632215628455,5.0,0.0,234290.0,174371.0,4059710.0,0.0,4486.0,5623.0,-13870.0,2022-2023,4468371.0,-3761.0,-292.6971881759192,2022,4,April,Tuesday
2022-04-06,26971.041666666668,12042.875,7610.083333333333,564.0416666666666,12042.875,32867.0,12975.0,647.305,289.029,182.642,289.029,13.537,0.4465113045627641,0.2821575609643059,6.0,58774.0,1385053.0,380875.0,5074462.0,680.0,13947.0,4633.0,-19344.0,2022-2023,6899164.0,-84.0,-262.32744003308517,2022,4,April,Wednesday
2022-04-07,27482.729166666668,12421.520833333334,7488.104166666667,1259.7083333333333,12421.520833333334,34532.0,13868.0,659.5855,298.1165,179.7145,298.1165,30.233,0.45197552099007626,0.2724658137572763,7.0,30827.0,3160289.0,214410.0,5462664.0,1100.0,16088.0,4964.0,-19958.0,2022-2023,8868190.0,2194.0,-273.70798677222166,2022,4,April,Thursday
2022-04-08,28743.666666666668,6836.708333333333,13993.895833333334,1354.625,6836.708333333333,33499.0,10145.0,689.848,164.081,335.8535,164.081,32.511,0.23785094687525368,0.486851451334207,8.0,0.0,232934.0,263191.0,3964280.0,0.0,4272.0,3687.0,-14215.0,2022-2023,4460405.0,-6256.0,-278.880056278579,2022,4,April,Friday
2022-04-09,25371.229166666668,6140.354166666667,10793.333333333334,2107.7916666666665,6140.354166666667,31714.0,9055.0,608.9095,147.3685,259.04,147.3685,50.587,0.24202036591644574,0.42541625643876474,9.0,0.0,0.0,783663.0,1408316.0,0.0,0.0,6868.0,-6061.0,2022-2023,2191979.0,807.0,-232.35703679260848,2022,4,April,Saturday
2022-04-10,25156.875,1729.8541666666667,13413.770833333334,3626.5833333333335,1729.8541666666667,31247.0,4533.0,603.765,41.5165,321.9305,41.5165,87.038,0.06876268084436826,0.5332049721331975,10.0,0.0,0.0,43609.0,0.0,0.0,0.0,695.0,0.0,2022-2023,43609.0,695.0,,2022,4,April,Sunday
2022-04-11,26333.541666666668,9748.458333333334,7979.979166666667,2148.7916666666665,9748.458333333334,32403.0,13467.0,632.005,233.963,191.5195,233.963,51.571,0.37019169152142783,0.3030347861171984,11.0,0.0,600.0,330439.0,5107773.0,0.0,145.0,5201.0,-18904.0,2022-2023,5438812.0,-13558.0,-270.1953554803216,2022,4,April,Monday
2022-04-12,28825.479166666668,7612.104166666667,13558.395833333334,1070.2083333333333,7612.104166666667,34784.0,11101.0,691.8115,182.6905,325.4015,182.6905,25.685,0.26407554659036453,0.47036150743374455,12.0,0.0,19679.0,565724.0,3337546.0,0.0,403.0,6614.0,-14451.0,2022-2023,3922949.0,-7434.0,-230.95605840426268,2022,4,April,Tuesday
2022-04-13,27828.416666666668,4806.520833333333,16763.833333333332,-1170.1666666666667,4806.520833333333,33236.0,6260.0,667.882,115.3565,402.332,115.3565,-28.084,0.1727198816557416,0.6023998251188084,13.0,0.0,0.0,0.0,581725.0,0.0,0.0,0.0,-3941.0,2022-2023,581725.0,-3941.0,-147.60847500634355,2022,4,April,Wednesday
2022-04-14,27585.854166666668,1227.5208333333333,18736.083333333332,-44.458333333333336,1227.5208333333333,31823.0,1980.0,662.0605,29.4605,449.666,29.4605,-1.067,0.04449819918270309,0.6791917052897734,14.0,0.0,0.0,0.0,153296.0,0.0,0.0,0.0,-866.0,2022-2023,153296.0,-866.0,-177.0161662817552,2022,4,April,Thursday
2022-04-15,23534.625,3490.6041666666665,14357.833333333334,-1919.9583333333333,3490.6041666666665,28374.0,6221.0,564.831,83.7745,344.588,83.7745,-46.079,0.14831781541735492,0.6100727474235657,15.0,0.0,0.0,22163.0,0.0,0.0,0.0,273.0,0.0,2022-2023,22163.0,273.0,,2022,4,April,Friday
2022-04-16,21558.416666666668,5672.1875,7104.395833333333,985.0833333333334,5672.1875,27075.0,7171.0,517.402,136.1325,170.5055,136.1325,23.642,0.26310779625900166,0.3295416330048975,16.0,0.0,0.0,501512.0,307710.0,0.0,0.0,6759.0,-275.0,2022-2023,809222.0,6484.0,-1118.9454545454546,2022,4,April,Saturday
2022-04-17,20688.520833333332,6754.333333333333,4612.854166666667,1372.75,6754.333333333333,26011.0,10344.0,496.5245,162.104,110.7085,162.104,32.946,0.32647734401827105,0.22296684252237303,17.0,0.0,3211.0,384120.0,111562.0,0.0,304.0,8361.0,-589.0,2022-2023,498893.0,8076.0,-189.40916808149404,2022,4,April,Sunday
2022-04-18,22546.729166666668,4369.875,9159.854166666666,1096.3333333333333,4369.875,29015.0,9153.0,541.1215,104.877,219.8365,104.877,26.312,0.19381414340402295,0.40626088595629634,18.0,0.0,0.0,149630.0,2308850.0,0.0,0.0,4910.0,-13161.0,2022-2023,2458480.0,-8251.0,-175.43119823721602,2022,4,April,Monday
2022-04-19,26502.6875,2321.7708333333335,17667.354166666668,-577.5833333333334,2321.7708333333335,32054.0,3308.0,636.0645,55.7225,424.0165,55.7225,-13.862,0.0876051092302746,0.6666250042252005,19.0,0.0,0.0,0.0,1713381.0,0.0,0.0,0.0,-9635.0,2022-2023,1713381.0,-9635.0,-177.82885313959522,2022,4,April,Tuesday
2022-04-20,25535.875,4285.291666666667,16486.6875,-2227.1666666666665,4285.291666666667,31397.0,7256.0,612.861,102.847,395.6805,102.847,-53.452,0.16781456154005556,0.6456284540866526,20.0,0.0,0.0,0.0,733573.0,0.0,0.0,0.0,-4146.0,2022-2023,733573.0,-4146.0,-176.93511818620357,2022,4,April,Wednesday
2022-04-21,24524.020833333332,6641.0625,13611.604166666666,-2460.25,6641.0625,30074.0,9523.0,588.5765,159.3855,326.6785,159.3855,-59.046,0.27079827346147867,0.5550315039761187,21.0,0.0,0.0,68699.0,536165.0,0.0,0.0,741.0,-3918.0,2022-2023,604864.0,-3177.0,-136.84660541092393,2022,4,April,Thursday
2022-04-22,24283.541666666668,10500.229166666666,10875.8125,-2236.625,10500.229166666666,28678.0,11914.0,582.805,252.0055,261.0195,252.0055,-53.679,0.43240106038898096,0.44786764011976565,22.0,0.0,10745.0,236351.0,68075.0,0.0,426.0,7184.0,-579.0,2022-2023,315171.0,7031.0,-117.573402417962,2022,4,April,Friday
2022-04-23,21619.208333333332,11420.208333333334,4038.3125,1061.7083333333333,11420.208333333334,26182.0,12338.0,518.861,274.085,96.9195,274.085,25.481,0.5282435951054328,0.18679280192575662,23.0,0.0,2325703.0,766909.0,152681.0,0.0,28836.0,13430.0,-109.0,2022-2023,3245293.0,42157.0,-1400.7431192660551,2022,4,April,Saturday
2022-04-24,21142.416666666668,8840.229166666666,5791.916666666667,1172.625,8840.229166666666,28108.0,10704.0,507.418,212.1655,139.006,212.1655,28.143,0.41812765806494845,0.27394771174849925,24.0,0.0,2316191.0,2884665.0,86997.0,0.0,16703.0,23940.0,-212.0,2022-2023,5287853.0,40431.0,-410.3632075471698,2022,4,April,Sunday
2022-04-25,26868.6875,3651.9791666666665,15990.3125,-752.5,3651.9791666666665,32344.0,6020.0,644.8485,87.6475,383.7675,87.6475,-18.06,0.13591952218234205,0.5951281580092068,25.0,0.0,0.0,30927.0,0.0,0.0,0.0,1211.0,0.0,2022-2023,30927.0,1211.0,,2022,4,April,Monday
2022-04-26,26873.979166666668,2482.7916666666665,19014.625,-2584.2083333333335,2482.7916666666665,32232.0,3461.0,644.9755,59.587,456.351,59.587,-62.021,0.09238645498937557,0.7075478060794557,26.0,0.0,0.0,0.0,0.0,0.0,0.0,0.0,0.0,2022-2023,0.0,0.0,,2022,4,April,Tuesday
2022-04-27,28525.166666666668,2279.2708333333335,18823.0625,-852.25,2279.2708333333335,33363.0,3156.0,684.604,54.7025,451.7535,54.7025,-20.454,0.07990385682818096,0.6598756361341739,27.0,0.0,0.0,0.0,0.0,0.0,0.0,0.0,0.0,2022-2023,0.0,0.0,,2022,4,April,Wednesday
2022-04-28,28864.354166666668,1540.875,19505.770833333332,-455.875,1540.875,33549.0,2805.0,692.7445,36.981,468.1385,36.981,-10.941,0.053383318092023825,0.6757736799065168,28.0,0.0,0.0,0.0,93739.0,0.0,0.0,0.0,770.0,2022-2023,93739.0,770.0,121.73896103896104,2022,4,April,Thursday
2022-04-29,27328.770833333332,1452.1666666666667,20170.645833333332,-2056.2916666666665,1452.1666666666667,31625.0,2216.0,655.8905,34.852,484.0955,34.852,-49.351,0.053136918433793444,0.7380736571119723,29.0,0.0,0.0,0.0,0.0,0.0,0.0,0.0,0.0,2022-2023,0.0,0.0,,2022,4,April,Friday
2022-04-30,23144.340425531915,2503.723404255319,18450.68085106383,-4355.191489361702,2503.723404255319,28187.0,4547.0,543.892,58.8375,433.591,58.8375,-102.347,0.10817864576055539,0.7972005471674523,30.0,0.0,0.0,0.0,118332.0,0.0,0.0,0.0,-577.0,2022-2023,118332.0,-577.0,-205.08145580589255,2022,4,April,Saturday
2022-05-01,24382.791666666668,1964.6458333333333,17698.354166666668,-2787.0833333333335,1964.6458333333333,29112.0,4354.0,585.187,47.1515,424.7605,47.1515,-66.89,0.08057509821646755,0.7258542995657797,31.0,0.0,0.0,0.0,163275.0,0.0,0.0,0.0,-1122.0,2022-2023,163275.0,-1122.0,-145.52139037433156,2022,5,May,Sunday
2022-05-02,24981.625,1026.9166666666667,19055.291666666668,-3217.4166666666665,1026.9166666666667,30805.0,2178.0,599.559,24.646,457.327,24.646,-77.218,0.041106880223631036,0.7627723043103348,32.0,0.0,0.0,0.0,100956.0,0.0,0.0,0.0,-380.0,2022-2023,100956.0,-380.0,-265.6736842105263,2022,5,May,Monday
2022-05-03,27846.958333333332,1155.5,18872.0625,-692.0,1155.5,32897.0,1988.0,668.327,27.732,452.9295,27.732,-16.608,0.04149465755535838,0.6777064221556215,33.0,0.0,0.0,0.0,133967.0,0.0,0.0,0.0,1568.0,2022-2023,133967.0,1568.0,85.43813775510205,2022,5,May,Tuesday
2022-05-04,27055.708333333332,3906.9166666666665,18771.916666666668,-3771.4166666666665,3906.9166666666665,31244.0,6770.0,649.337,93.766,450.526,93.766,-90.514,0.14440267534423576,0.6938246241936006,34.0,0.0,0.0,0.0,844493.0,0.0,0.0,0.0,-2510.0,2022-2023,844493.0,-2510.0,-336.4513944223108,2022,5,May,Wednesday
2022-05-05,26208.145833333332,2895.3333333333335,18646.520833333332,-3675.0833333333335,2895.3333333333335,31324.0,4368.0,628.9955,69.488,447.5165,69.488,-88.202,0.11047455824405739,0.7114780630386068,35.0,0.0,0.0,0.0,3174923.0,0.0,0.0,300.0,-8030.0,2022-2023,3174923.0,-7730.0,-395.3826899128269,2022,5,May,Thursday
2022-05-06,25252.875,4940.625,17253.3125,-4612.125,4940.625,30240.0,6450.0,606.069,118.575,414.0795,118.575,-110.691,0.19564604030234184,0.6832217123792835,36.0,0.0,0.0,205267.0,3022275.0,0.0,0.0,2565.0,-25865.0,2022-2023,3227542.0,-23300.0,-116.84805722018172,2022,5,May,Friday
2022-05-07,22455.416666666668,1593.7083333333333,18434.770833333332,-3470.625,1593.7083333333333,26735.0,2963.0,538.93,38.249,442.4345,38.249,-83.295,0.07097211140593399,0.8209498450633664,37.0,0.0,0.0,223868.0,523648.0,0.0,0.0,2902.0,-1142.0,2022-2023,747516.0,1760.0,-458.5359019264448,2022,5,May,Saturday
2022-05-08,21222.625,4052.25,14179.208333333334,-2404.0416666666665,4052.25,26726.0,5691.0,509.343,97.254,340.301,97.254,-57.697,0.19094009341445745,0.6681175553605331,38.0,0.0,0.0,390380.0,1984106.0,0.0,0.0,4907.0,-12797.0,2022-2023,2374486.0,-7890.0,-155.0446198327733,2022,5,May,Sunday
2022-05-09,23803.270833333332,8808.333333333334,13207.1875,-4318.0,8808.333333333334,29165.0,13138.0,571.2785,211.4,316.9725,211.4,-103.632,0.3700471836416039,0.5548475918488093,39.0,0.0,0.0,324623.0,6951939.0,0.0,0.0,4758.0,-40188.0,2022-2023,7276562.0,-35430.0,-172.98544341594507,2022,5,May,Monday
2022-05-10,23503.541666666668,11628.083333333334,9399.4375,-3621.5416666666665,11628.083333333334,28516.0,12778.0,564.085,279.074,225.5865,279.074,-86.917,0.4947374952356471,0.39991579283264045,40.0,0.0,0.0,643963.0,6063079.0,0.0,0.0,6107.0,-52759.0,2022-2023,6707042.0,-46652.0,-114.92027900453003,2022,5,May,Tuesday
2022-05-11,25068.541666666668,9887.333333333334,11286.916666666666,-2875.5,9887.333333333334,29554.0,11815.0,601.645,237.296,270.886,237.296,-69.012,0.3944119871352708,0.450242252491087,41.0,0.0,0.0,188055.0,6601098.0,0.0,0.0,5559.0,-57616.0,2022-2023,6789153.0,-52057.0,-114.57057067481256,2022,5,May,Wednesday
2022-05-12,24317.958333333332,8313.520833333334,12784.479166666666,-3742.7916666666665,8313.520833333334,29020.0,11722.0,583.631,199.5245,306.8275,199.5245,-89.827,0.3418675498731219,0.5257217317106185,42.0,0.0,5326.0,174437.0,6124104.0,0.0,84.0,4073.0,-46900.0,2022-2023,6303867.0,-42743.0,-130.57791044776118,2022,5,May,Thursday
2022-05-13,22397.916666666668,11848.625,8004.020833333333,-3328.125,11848.625,26586.0,13194.0,537.55,284.367,192.0965,284.367,-79.875,0.5290056738908009,0.3573555948283881,43.0,21459.0,77191.0,247585.0,6803811.0,225.0,6769.0,6254.0,-53012.0,2022-2023,7150046.0,-39764.0,-128.34473326793935,2022,5,May,Friday
2022-05-14,21065.229166666668,2709.7083333333335,15183.791666666666,-3183.2916666666665,2709.7083333333335,25098.0,6345.0,505.5655,65.033,364.411,65.033,-76.399,0.12863417302011312,0.7207987886831677,44.0,0.0,0.0,146479.0,915601.0,0.0,0.0,2056.0,-8050.0,2022-2023,1062080.0,-5994.0,-113.7392546583851,2022,5,May,Saturday
2022-05-15,22035.0,6708.1875,12236.333333333334,-2425.1666666666665,6708.1875,27039.0,12661.0,528.84,160.9965,293.672,160.9965,-58.204,0.30443328795098706,0.5553135163754633,45.0,0.0,0.0,315263.0,630634.0,0.0,0.0,4926.0,6400.0,2022-2023,945897.0,11326.0,98.5365625,2022,5,May,Sunday
2022-05-16,25440.458333333332,8512.541666666666,13551.229166666666,-3191.2916666666665,8512.541666666666,30024.0,12500.0,610.571,204.301,325.2295,204.301,-76.591,0.3346064585445427,0.5326645058478047,46.0,125693.0,0.0,120640.0,3322703.0,3500.0,0.0,5968.0,-20011.0,2022-2023,3569036.0,-10543.0,-166.04382589575732,2022,5,May,Monday
2022-05-17,24728.3125,7110.375,14356.9375,-2946.2916666666665,7110.375,30138.0,11760.0,593.4795,170.649,344.5665,170.649,-70.711,0.2875398392025335,0.5805870295435647,47.0,422304.0,0.0,188279.0,1468033.0,6895.0,0.0,2941.0,-8229.0,2022-2023,2078616.0,1607.0,-178.39749665816018,2022,5,May,Tuesday
2022-05-18,24007.333333333332,8876.270833333334,12252.583333333334,-2998.75,8876.270833333334,30465.0,12129.0,576.176,213.0305,294.062,213.0305,-71.97,0.3697316444975146,0.5103683596678792,48.0,0.0,0.0,237162.0,4189274.0,0.0,0.0,5640.0,-30873.0,2022-2023,4426436.0,-25233.0,-135.6937777345901,2022,5,May,Wednesday
2022-05-19,24385.083333333332,5374.75,15481.979166666666,-3072.0416666666665,5374.75,29083.0,9553.0,585.242,128.994,371.5675,128.994,-73.729,0.2204113853756224,0.634895479135127,49.0,0.0,0.0,161198.0,3352513.0,0.0,0.0,6452.0,-23559.0,2022-2023,3513711.0,-17107.0,-142.30285665775287,2022,5,May,Thursday
2022-05-20,24776.833333333332,6470.5625,15809.75,-3436.5,6470.5625,29515.0,10518.0,594.644,155.2935,379.434,155.2935,-82.476,0.2611537323171511,0.6380859808557726,50.0,0.0,0.0,199451.0,1671727.0,0.0,0.0,2330.0,-9835.0,2022-2023,1871178.0,-7505.0,-169.97732587697,2022,5,May,Friday
2022-05-21,21080.0625,6676.9375,11122.9375,-1944.5,6676.9375,25316.0,11073.0,505.9215,160.2465,266.9505,160.2465,-46.668,0.3167418265481898,0.527652017160765,51.0,0.0,0.0,457629.0,1215132.0,0.0,0.0,5205.0,-3450.0,2022-2023,1672761.0,1755.0,-352.2121739130435,2022,5,May,Saturday
2022-05-22,20691.166666666668,5936.020833333333,11787.541666666666,-2086.75,5936.020833333333,26620.0,7497.0,496.588,142.4645,282.901,142.4645,-50.082,0.2868867149427694,0.569689561568141,52.0,0.0,0.0,346768.0,1029709.0,0.0,0.0,3070.0,-540.0,2022-2023,1376477.0,2530.0,-1906.8685185185186,2022,5,May,Sunday
2022-05-23,25199.270833333332,2453.6458333333335,16105.666666666666,-362.5416666666667,2453.6458333333335,30696.0,5713.0,604.7825,58.8875,386.536,58.8875,-8.701,0.09736971555889927,0.6391322500237688,53.0,0.0,0.0,206449.0,0.0,0.0,0.0,1517.0,0.0,2022-2023,206449.0,1517.0,,2022,5,May,Monday
2022-05-24,24495.3125,4563.958333333333,12915.145833333334,-1422.9166666666667,4563.958333333333,29434.0,6546.0,587.8875,109.535,309.9635,109.535,-34.15,0.18631966149986176,0.5272496863770704,54.0,0.0,0.0,40352.0,875921.0,0.0,0.0,1119.0,10799.0,2022-2023,916273.0,11918.0,81.11130660246319,2022,5,May,Tuesday
2022-05-25,24260.833333333332,11759.875,9148.416666666666,-2665.25,11759.875,28325.0,15746.0,582.26,282.237,219.562,282.237,-63.966,0.4847267543708996,0.37708583794181294,55.0,4986.0,11337.0,85308.0,3745463.0,478.0,735.0,2043.0,-7370.0,2022-2023,3847094.0,-4114.0,-508.203934871099,2022,5,May,Wednesday
2022-05-26,24085.791666666668,11899.541666666666,7345.875,-698.1666666666666,11899.541666666666,27902.0,14334.0,578.059,285.589,176.301,285.589,-16.756,0.49404818539284057,0.30498789915908237,56.0,0.0,449605.0,300755.0,5579431.0,0.0,10562.0,3443.0,-33220.0,2022-2023,6329791.0,-19215.0,-167.95397350993377,2022,5,May,Thursday
2022-05-27,21721.104166666668,11359.666666666666,6610.291666666667,-1562.9166666666667,11359.666666666666,26245.0,13032.0,521.3065,272.632,158.647,272.632,-37.51,0.5229783246516205,0.304325766127988,57.0,339889.0,0.0,958374.0,4962816.0,4450.0,0.0,10936.0,-19282.0,2022-2023,6261079.0,-3896.0,-257.38076962970644,2022,5,May,Friday
2022-05-28,21259.479166666668,6378.729166666667,9533.229166666666,-249.5,6378.729166666667,25333.0,9084.0,510.2275,153.0895,228.7975,153.0895,-5.988,0.3000416480883527,0.44842251740645106,58.0,19440.0,0.0,587979.0,2127290.0,778.0,0.0,6814.0,-8797.0,2022-2023,2734709.0,-1205.0,-241.81993861543708,2022,5,May,Saturday
2022-05-29,21188.4375,5146.708333333333,8183.395833333333,2081.3333333333335,5146.708333333333,25724.0,7052.0,508.5225,123.521,196.4015,123.521,49.952,0.242901739844353,0.3862198821094445,59.0,562543.0,0.0,954788.0,1113.0,6540.0,0.0,12294.0,-17.0,2022-2023,1518444.0,18817.0,-65.47058823529412,2022,5,May,Sunday
2022-05-30,25195.3125,1805.5625,17234.604166666668,-728.6666666666666,1805.5625,30254.0,2639.0,604.6875,43.3335,413.6305,43.3335,-17.488,0.07166263565891473,0.6840401033591731,60.0,0.0,0.0,253181.0,149970.0,0.0,0.0,1996.0,2200.0,2022-2023,403151.0,4196.0,68.16818181818182,2022,5,May,Monday
2022-05-31,25202.354166666668,1900.125,18228.75,-2433.375,1900.125,29186.0,2653.0,604.8565,45.603,437.49,45.603,-58.401,0.07539474238931053,0.723295525467611,61.0,0.0,0.0,0.0,337103.0,0.0,0.0,0.0,4994.0,2022-2023,337103.0,4994.0,67.50160192230676,2022,5,May,Tuesday
2022-06-01,24695.145833333332,808.2916666666666,18635.3125,-2610.25,808.2916666666666,28394.0,1566.0,592.6835,19.399,447.2475,19.399,-62.646,0.03273079139203302,0.7546143936856687,62.0,0.0,0.0,0.0,71400.0,0.0,0.0,0.0,1300.0,2022-2023,71400.0,1300.0,54.92307692307692,2022,6,June,Wednesday
2022-06-02,21584.666666666668,824.7916666666666,17342.875,-4136.291666666667,824.7916666666666,25993.0,2158.0,518.032,19.795,416.229,19.795,-99.271,0.03821192513203817,0.8034812521234208,63.0,0.0,0.0,0.0,331218.0,0.0,0.0,0.0,7214.0,2022-2023,331218.0,7214.0,45.91322428611034,2022,6,June,Thursday
2022-06-03,21021.479166666668,4519.875,14030.020833333334,-4990.791666666667,4519.875,24901.0,8470.0,504.5155,108.477,336.7205,108.477,-119.779,0.21501222459964067,0.6674135878877855,64.0,0.0,0.0,0.0,489631.0,0.0,0.0,0.0,7016.0,2022-2023,489631.0,7016.0,69.7877708095781,2022,6,June,Friday
2022-06-04,20285.645833333332,6577.333333333333,9483.9375,-3126.4166666666665,6577.333333333333,24191.0,8161.0,486.8555,157.856,227.6145,157.856,-75.034,0.32423583588970445,0.4675196233790108,65.0,627.0,0.0,3580.0,428597.0,-42.0,0.0,290.0,2859.0,2022-2023,432804.0,3107.0,149.91150752011194,2022,6,June,Saturday
2022-06-05,22792.979166666668,5396.0,10485.875,-1314.7083333333333,5396.0,28484.0,7607.0,547.0315,129.504,251.661,129.504,-31.553,0.23673956618585945,0.46004846156025747,66.0,0.0,0.0,69708.0,525553.0,0.0,0.0,4888.0,3285.0,2022-2023,595261.0,8173.0,159.98569254185693,2022,6,June,Sunday
2022-06-06,26228.8125,3558.3541666666665,13678.3125,806.875,3558.3541666666665,31292.0,4147.0,629.4915,85.4005,328.2795,85.4005,19.365,0.13566585092888467,0.521499496021789,67.0,0.0,0.0,43384.0,322811.0,0.0,0.0,2815.0,-3441.0,2022-2023,366195.0,-626.0,-93.81313571636153,2022,6,June,Monday
2022-06-07,25438.6875,1971.2916666666667,16605.729166666668,-1790.6666666666667,1971.2916666666667,29930.0,4222.0,610.5285,47.311,398.5375,47.311,-42.976,0.07749187793854014,0.6527746042977519,68.0,0.0,0.0,2073.0,122980.0,0.0,0.0,195.0,4400.0,2022-2023,125053.0,4595.0,27.95,2022,6,June,Tuesday
2022-06-08,24251.270833333332,4425.270833333333,14474.729166666666,-2867.125,4425.270833333333,28905.0,6046.0,582.0305,106.2065,347.3935,106.2065,-68.811,0.18247583245207943,0.5968647691143334,69.0,0.0,0.0,16126.0,2518435.0,0.0,0.0,1622.0,24036.0,2022-2023,2534561.0,25658.0,104.77762522882342,2022,6,June,Wednesday
2022-06-09,24852.270833333332,6453.9375,13946.125,-3078.0,6453.9375,29638.0,9723.0,596.4545,154.8945,334.707,154.8945,-73.872,0.25969206368633313,0.5611609938394294,70.0,0.0,0.0,38057.0,4259028.0,0.0,0.0,1431.0,9917.0,2022-2023,4297085.0,11348.0,429.46737924775636,2022,6,June,Thursday
2022-06-10,22067.166666666668,9861.541666666666,8872.895833333334,-3251.5416666666665,9861.541666666666,25545.0,10699.0,529.612,236.677,212.9495,236.677,-78.037,0.44688753275983173,0.40208586663444185,71.0,247725.0,2979.0,20620.0,14001783.0,9503.0,382.0,1902.0,-34206.0,2022-2023,14273107.0,-22419.0,-409.3370461322575,2022,6,June,Friday
2022-06-11,18592.833333333332,9789.604166666666,5299.166666666667,-3641.25,9789.604166666666,22713.0,10700.0,446.228,234.9505,127.18,234.9505,-87.39,0.5265256774563676,0.28501124985433457,72.0,0.0,642660.0,1308123.0,20494968.0,0.0,14950.0,12410.0,-67380.0,2022-2023,22445751.0,-40020.0,-304.1699020480855,2022,6,June,Saturday
2022-06-12,18806.833333333332,7817.5,5487.416666666667,-1969.5833333333333,7817.5,23632.0,9639.0,451.364,187.62,131.698,187.62,-47.27,0.41567338112919955,0.29177781125654684,73.0,0.0,0.0,53759.0,14947461.0,0.0,0.0,1776.0,-47795.0,2022-2023,15001220.0,-46019.0,-312.7411026257977,2022,6,June,Sunday
2022-06-13,23767.666666666668,5261.25,11847.291666666666,-1300.5,5261.25,28473.0,9194.0,570.424,126.27,284.335,126.27,-31.212,0.22136165378735817,0.49846254715790356,74.0,0.0,0.0,0.0,3633156.0,0.0,0.0,0.0,-10747.0,2022-2023,3633156.0,-10747.0,-338.0623429794361,2022,6,June,Monday
2022-06-14,24161.833333333332,2148.8333333333335,15358.6875,-1403.4166666666667,2148.8333333333335,28656.0,2662.0,579.884,51.572,368.6085,51.572,-33.682,0.08893502838498735,0.6356590283573956,75.0,0.0,0.0,0.0,3158230.0,0.0,0.0,0.0,-6029.0,2022-2023,3158230.0,-6029.0,-523.8397744236191,2022,6,June,Tuesday
2022-06-15,24589.333333333332,2128.6041666666665,16110.833333333334,-1591.2916666666667,2128.6041666666665,29152.0,3598.0,590.144,51.0865,386.66,51.0865,-38.191,0.08656616012363084,0.6551960199544519,76.0,0.0,0.0,0.0,1847839.0,0.0,0.0,0.0,7795.0,2022-2023,1847839.0,7795.0,237.05439384220654,2022,6,June,Wednesday
2022-06-16,25014.020833333332,2149.0833333333335,15632.0625,-518.7916666666666,2149.0833333333335,30025.0,5216.0,600.3365,51.578,375.1695,51.578,-12.451,0.0859151492537935,0.6249320172936346,77.0,0.0,0.0,5156.0,1857598.0,0.0,0.0,120.0,5473.0,2022-2023,1862754.0,5593.0,339.41129179608987,2022,6,June,Thursday
2022-06-17,23237.958333333332,8377.229166666666,9702.625,-2128.375,8377.229166666666,27933.0,10720.0,557.711,201.0535,232.863,201.0535,-51.081,0.36049764125147254,0.41753345370631023,78.0,0.0,0.0,5508.0,11590731.0,0.0,0.0,352.0,-21526.0,2022-2023,11596239.0,-21174.0,-538.4526154417913,2022,6,June,Friday
2022-06-18,22290.479166666668,6280.229166666667,10872.083333333334,-1283.0,6280.229166666667,25909.0,7720.0,534.9715,150.7255,260.93,150.7255,-30.792,0.2817449153833429,0.48774560887823,79.0,126957.0,182117.0,7749.0,15803197.0,2200.0,4428.0,429.0,-55021.0,2022-2023,16120020.0,-47964.0,-287.22118827356826,2022,6,June,Saturday
2022-06-19,20538.916666666668,6291.729166666667,7954.604166666667,-104.0,6291.729166666667,25616.0,8195.0,492.934,151.0015,190.9105,151.0015,-2.496,0.3063320850255815,0.3872942422312115,80.0,708713.0,420195.0,348677.0,12401063.0,9905.0,6122.0,4764.0,-40828.0,2022-2023,13878648.0,-20037.0,-303.7391740962085,2022,6,June,Sunday
2022-06-20,23269.9375,4086.5416666666665,14603.416666666666,-2733.5833333333335,4086.5416666666665,28566.0,6568.0,558.4785,98.077,350.482,98.077,-65.606,0.1756146387014003,0.6275657881189697,81.0,0.0,0.0,0.0,4525021.0,0.0,0.0,0.0,12862.0,2022-2023,4525021.0,12862.0,351.8131705800031,2022,6,June,Monday
2022-06-21,23502.479166666668,1344.4791666666667,17272.833333333332,-2393.25,1344.4791666666667,28116.0,2833.0,564.0595,32.2675,414.548,32.2675,-57.438,0.05720584441889553,0.7349366511866213,82.0,0.0,0.0,0.0,3860947.0,0.0,0.0,0.0,22382.0,2022-2023,3860947.0,22382.0,172.5023232955053,2022,6,June,Tuesday
2022-06-22,24018.104166666668,2525.8958333333335,17412.895833333332,-3172.625,2525.8958333333335,28734.0,4142.0,576.4345,60.6215,417.9095,60.6215,-76.143,0.10516632852475,0.7249904369013305,83.0,0.0,0.0,0.0,7628022.0,0.0,0.0,0.0,12360.0,2022-2023,7628022.0,12360.0,617.1538834951456,2022,6,June,Wednesday
2022-06-23,24810.041666666668,2593.9166666666665,17389.104166666668,-2370.875,2593.9166666666665,28982.0,3914.0,595.441,62.254,417.3385,62.254,-56.901,0.10455108062763564,0.7008897606983732,84.0,0.0,0.0,0.0,5130221.0,0.0,0.0,0.0,16255.0,2022-2023,5130221.0,16255.0,315.6087972931406,2022,6,June,Thursday
2022-06-24,24133.020833333332,3940.5625,16089.1875,-3096.5,3940.5625,27380.0,9648.0,579.1925,94.5735,386.1405,94.5735,-74.316,0.1632850908808384,0.6666876729239415,85.0,0.0,0.0,0.0,2848146.0,0.0,0.0,0.0,30021.0,2022-2023,2848146.0,30021.0,94.87178974717698,2022,6,June,Friday
2022-06-25,19070.4375,10348.270833333334,6608.458333333333,-3755.7916666666665,10348.270833333334,23518.0,12528.0,457.6905,248.3585,158.603,248.3585,-90.139,0.542634159983657,0.3465289316688898,86.0,0.0,8829.0,60215.0,6588186.0,0.0,511.0,2833.0,-8593.0,2022-2023,6657230.0,-5249.0,-766.692191318515,2022,6,June,Saturday
2022-06-26,18294.875,11219.583333333334,6129.729166666667,-4483.0,11219.583333333334,23007.0,12805.0,439.077,269.27,147.1135,269.27,-107.592,0.6132637327849101,0.3350517107477731,87.0,0.0,500672.0,127862.0,6620621.0,0.0,12965.0,1811.0,-16683.0,2022-2023,7249155.0,-1907.0,-396.848348618354,2022,6,June,Sunday
2022-06-27,22943.791666666668,5721.354166666667,14431.416666666666,-3323.8333333333335,5721.354166666667,26747.0,9772.0,550.651,137.3125,346.354,137.3125,-79.772,0.24936393468821452,0.6289900499590485,88.0,0.0,0.0,25269.0,6517598.0,0.0,0.0,1110.0,12758.0,2022-2023,6542867.0,13868.0,510.86361498667503,2022,6,June,Monday
2022-06-28,22734.9375,8719.875,12818.791666666666,-4235.791666666667,8719.875,27490.0,11204.0,545.6385,209.277,307.651,209.277,-101.659,0.38354514939836537,0.5638366794132013,89.0,0.0,0.0,0.0,13115902.0,0.0,0.0,0.0,-16485.0,2022-2023,13115902.0,-16485.0,-795.6264482863209,2022,6,June,Tuesday
2022-06-29,24389.416666666668,5344.291666666667,15228.229166666666,-2857.0,5344.291666666667,28683.0,9539.0,585.346,128.263,365.4775,128.263,-68.568,0.21912339026831995,0.6243785726732566,90.0,0.0,0.0,0.0,6433332.0,0.0,0.0,0.0,-9836.0,2022-2023,6433332.0,-9836.0,-654.059780398536,2022,6,June,Wednesday
2022-06-30,24469.229166666668,1417.0416666666667,17454.875,-1274.3333333333333,1417.0416666666667,29110.0,3346.0,587.2615,34.009,418.917,34.009,-30.584,0.057911169044795215,0.7133397983692104,91.0,0.0,0.0,0.0,174685.0,0.0,0.0,0.0,1266.0,2022-2023,174685.0,1266.0,137.98183254344391,2022,6,June,Thursday
2022-07-01,23410.583333333332,3460.0,16328.645833333334,-3178.875,3460.0,26858.0,6126.0,561.854,83.04,391.8875,83.04,-76.293,0.14779640262416927,0.697489917309479,92.0,0.0,0.0,0.0,541812.0,0.0,0.0,0.0,4028.0,2022-2023,541812.0,4028.0,134.51142005958292,2022,7,July,Friday
2022-07-02,20768.333333333332,6339.083333333333,11847.479166666666,-3425.0833333333335,6339.083333333333,24206.0,7471.0,498.44,152.138,284.3395,152.138,-82.202,0.3052283123344836,0.5704588315544499,93.0,0.0,0.0,0.0,676419.0,0.0,0.0,0.0,6687.0,2022-2023,676419.0,6687.0,101.15432929564827,2022,7,July,Saturday
2022-07-03,20646.895833333332,4588.458333333333,12047.729166666666,-2122.1666666666665,4588.458333333333,24961.0,6384.0,495.5255,110.123,289.1455,110.123,-50.932,0.22223477903760755,0.5835128565532954,94.0,0.0,0.0,0.0,4266418.0,0.0,0.0,0.0,-15774.0,2022-2023,4266418.0,-15774.0,-270.47153543806263,2022,7,July,Sunday
2022-07-04,22933.25,8615.0,11347.3125,-3441.5416666666665,8615.0,27693.0,9812.0,550.398,206.76,272.3355,206.76,-82.597,0.3756554347944578,0.49479740115334725,95.0,0.0,0.0,0.0,10564992.0,0.0,0.0,0.0,-7442.0,2022-2023,10564992.0,-7442.0,-1419.6441816715937,2022,7,July,Monday
2022-07-05,23809.520833333332,3753.3333333333335,14895.020833333334,-2156.75,3753.3333333333335,27961.0,7605.0,571.4285,90.08,357.4805,90.08,-51.762,0.15764001970500247,0.6255909531988691,96.0,0.0,0.0,0.0,4588621.0,0.0,0.0,0.0,10784.0,2022-2023,4588621.0,10784.0,425.50268916913944,2022,7,July,Tuesday
2022-07-06,23522.5,8865.8125,10811.895833333334,-2409.6666666666665,8865.8125,27901.0,12341.0,564.54,212.7795,259.4855,212.7795,-57.832,0.37690774790094594,0.4596405923406668,97.0,0.0,0.0,0.0,19185151.0,0.0,0.0,98.0,-35308.0,2022-2023,19185151.0,-35210.0,-543.3655545485442,2022,7,July,Wednesday
2022-07-07,24041.541666666668,7194.104166666667,13273.3125,-2998.7916666666665,7194.104166666667,28122.0,12743.0,576.997,172.6585,318.5595,172.6585,-71.971,0.29923639117707723,0.5520990577074059,98.0,0.0,0.0,0.0,6679246.0,0.0,0.0,975.0,-16747.0,2022-2023,6679246.0,-15772.0,-398.8323878903684,2022,7,July,Thursday
2022-07-08,23210.291666666668,3943.375,15343.145833333334,-2656.4583333333335,3943.375,26856.0,4586.0,557.047,94.641,368.2355,94.641,-63.755,0.16989769265430027,0.661049247190991,99.0,0.0,0.0,0.0,8023082.0,0.0,0.0,0.0,-15784.0,2022-2023,8023082.0,-15784.0,-508.3047389761784,2022,7,July,Friday
2022-07-09,20706.895833333332,4585.234042553191,11805.978723404256,-1526.8936170212767,4585.234042553191,24894.0,7924.0,496.9655,107.753,277.4405,107.753,-35.882,0.2168218920629299,0.5582691353826372,100.0,0.0,0.0,0.0,2756710.0,0.0,0.0,0.0,-12600.0,2022-2023,2756710.0,-12600.0,-218.78650793650795,2022,7,July,Saturday
2022-07-10,20543.395833333332,1595.391304347826,12074.54347826087,532.7391304347826,1595.391304347826,25793.0,3007.0,493.0415,36.694,277.7145,36.694,12.253,0.07442375540395688,0.5632680007666697,101.0,0.0,0.0,0.0,72174.0,0.0,0.0,0.0,61.0,2022-2023,72174.0,61.0,1183.1803278688524,2022,7,July,Sunday
2022-07-11,24225.729166666668,2990.6041666666665,16401.166666666668,-2237.5416666666665,2990.6041666666665,28693.0,7985.0,581.4175,71.7745,393.628,71.7745,-53.701,0.12344743665266354,0.6770143657526648,102.0,0.0,0.0,0.0,8372165.0,0.0,0.0,0.0,16584.0,2022-2023,8372165.0,16584.0,504.8338760250844,2022,7,July,Monday
2022-07-12,25768.666666666668,6231.4375,14574.083333333334,-2255.5,6231.4375,30304.0,8557.0,618.448,149.5545,349.778,149.5545,-54.132,0.24182227123379815,0.5655738235065843,103.0,0.0,0.0,0.0,14684108.0,0.0,0.0,0.0,5864.0,2022-2023,14684108.0,5864.0,2504.111186903138,2022,7,July,Tuesday
2022-07-13,24508.125,4828.895833333333,14566.041666666666,-1568.125,4828.895833333333,28975.0,7616.0,588.195,115.8935,349.585,115.8935,-37.635,0.19703244672260048,0.5943352119620193,104.0,0.0,0.0,0.0,15046885.0,0.0,0.0,0.0,-14953.0,2022-2023,15046885.0,-14953.0,-1006.2786731759513,2022,7,July,Wednesday
2022-07-14,24292.604166666668,2526.0833333333335,14630.479166666666,-786.25,2526.0833333333335,28292.0,3613.0,583.0225,60.626,351.1315,60.626,-18.87,0.1039856952347465,0.6022606331659585,105.0,0.0,0.0,0.0,3221496.0,0.0,0.0,0.0,8990.0,2022-2023,3221496.0,8990.0,358.3421579532814,2022,7,July,Thursday
2022-07-15,23823.125,3911.1875,15342.604166666666,-2040.6666666666667,3911.1875,27243.0,5898.0,571.755,93.8685,368.2225,93.8685,-48.976,0.16417608940892514,0.6440214777308463,106.0,0.0,0.0,0.0,7294588.0,0.0,0.0,0.0,31748.0,2022-2023,7294588.0,31748.0,229.76527655285372,2022,7,July,Friday
2022-07-16,21324.333333333332,1874.7083333333333,14405.208333333334,-1489.5,1874.7083333333333,25868.0,4768.0,511.784,44.993,345.725,44.993,-35.748,0.08791404186141029,0.6755291294764979,107.0,0.0,0.0,0.0,2566670.0,0.0,0.0,0.0,8322.0,2022-2023,2566670.0,8322.0,308.4198509973564,2022,7,July,Saturday
2022-07-17,20930.166666666668,4070.7291666666665,12450.229166666666,-1917.5,4070.7291666666665,26411.0,7277.0,502.324,97.6975,298.8055,97.6975,-46.02,0.19449100580501827,0.594846155071229,108.0,0.0,0.0,0.0,4275299.0,0.0,0.0,0.0,10722.0,2022-2023,4275299.0,10722.0,398.7408132811043,2022,7,July,Sunday
2022-07-18,25128.333333333332,3479.3125,16096.229166666666,-2010.7083333333333,3479.3125,30427.0,6900.0,603.08,83.5035,386.3095,83.5035,-48.257,0.13846172978709292,0.640560953770644,109.0,0.0,0.0,0.0,4333194.0,0.0,0.0,0.0,6778.0,2022-2023,4333194.0,6778.0,639.3027441723223,2022,7,July,Monday
2022-07-19,26467.604166666668,5450.479166666667,15542.354166666666,-2187.2083333333335,5450.479166666667,31167.0,7558.0,635.2225,130.8115,373.0165,130.8115,-52.493,0.20593020555789507,0.5872218002353506,110.0,0.0,0.0,0.0,6806980.0,0.0,0.0,0.0,22720.0,2022-2023,6806980.0,22720.0,299.6029929577465,2022,7,July,Tuesday
2022-07-20,26448.291666666668,6371.333333333333,14263.708333333334,-740.4166666666666,6371.333333333333,29903.0,8474.0,634.759,152.912,342.329,152.912,-17.77,0.2408977265387336,0.5393054686896916,111.0,0.0,0.0,0.0,62073965.0,0.0,0.0,0.0,37840.0,2022-2023,62073965.0,37840.0,1640.432478858351,2022,7,July,Wednesday
2022-07-21,26073.416666666668,4009.25,16401.354166666668,-1608.75,4009.25,30428.0,7161.0,625.762,96.222,393.6325,96.222,-38.61,0.15376772638798777,0.6290450682527863,112.0,0.0,0.0,0.0,4725416.0,0.0,0.0,0.0,8579.0,2022-2023,4725416.0,8579.0,550.8119827485721,2022,7,July,Thursday
2022-07-22,25059.1875,1351.1041666666667,17103.083333333332,-1178.2083333333333,1351.1041666666667,28856.0,2012.0,601.4205,32.4265,410.474,32.4265,-28.277,0.05391651930720685,0.6825074968345776,113.0,0.0,0.0,217420.0,3434951.0,0.0,0.0,2818.0,8285.0,2022-2023,3652371.0,11103.0,414.5987929993965,2022,7,July,Friday
2022-07-23,21308.354166666668,5314.8125,11955.020833333334,-1960.75,5314.8125,24332.0,11272.0,511.4005,127.5555,286.9205,127.5555,-47.058,0.2494238859758643,0.5610485324124634,114.0,2976.0,2926.0,10374.0,7722098.0,183.0,360.0,475.0,-23216.0,2022-2023,7738374.0,-22198.0,-332.6196588559614,2022,7,July,Saturday
2022-07-24,19855.604166666668,10345.291666666666,6147.0,-1886.875,10345.291666666666,25220.0,11796.0,476.5345,248.287,147.528,248.287,-45.285,0.5210262845607191,0.30958514021545136,115.0,798941.0,984058.0,509834.0,5755280.0,14003.0,8333.0,6256.0,-12896.0,2022-2023,8048113.0,15696.0,-446.28411910669973,2022,7,July,Sunday
2022-07-25,23707.354166666668,9227.4375,10854.520833333334,-2679.6666666666665,9227.4375,28582.0,10682.0,568.9765,221.4585,260.5085,221.4585,-64.312,0.38922257773387825,0.4578545862614713,116.0,0.0,0.0,925.0,9382341.0,0.0,0.0,126.0,-31895.0,2022-2023,9383266.0,-31769.0,-294.16337984010033,2022,7,July,Monday
2022-07-26,24405.333333333332,3874.8541666666665,14827.541666666666,-1141.625,3874.8541666666665,28515.0,9374.0,585.728,92.9965,355.861,92.9965,-27.399,0.15877079463505245,0.6075533353365385,117.0,0.0,0.0,0.0,4984045.0,0.0,0.0,0.0,-14278.0,2022-2023,4984045.0,-14278.0,-349.07164869029276,2022,7,July,Tuesday
2022-07-27,24454.104166666668,1162.1458333333333,16454.291666666668,-91.33333333333333,1162.1458333333333,29409.0,2886.0,586.8985,27.8915,394.903,27.8915,-2.192,0.04752354964274061,0.6728642175776561,118.0,0.0,0.0,0.0,55774.0,0.0,0.0,0.0,200.0,2022-2023,55774.0,200.0,278.87,2022,7,July,Wednesday
2022-07-28,24633.583333333332,3013.5,17329.875,-2693.1666666666665,3013.5,29013.0,4615.0,591.206,72.324,415.917,72.324,-64.636,0.12233299391413482,0.7035060537274654,119.0,0.0,0.0,0.0,4344267.0,0.0,0.0,0.0,-2870.0,2022-2023,4344267.0,-2870.0,-1513.681881533101,2022,7,July,Thursday
2022-07-29,23181.1875,2463.2916666666665,17262.520833333332,-3245.4583333333335,2463.2916666666665,26901.0,4680.0,556.3485,59.119,414.3005,59.119,-77.891,0.10626253148880603,0.7446780210605404,120.0,0.0,0.0,7650.0,5328459.0,0.0,0.0,235.0,-2253.0,2022-2023,5336109.0,-2018.0,-2365.0505992010653,2022,7,July,Friday
2022-07-30,21270.1875,4630.041666666667,14371.354166666666,-2904.5416666666665,4630.041666666667,24706.0,5995.0,510.4845,111.121,344.9125,111.121,-69.709,0.21767752008141283,0.6756571453197894,121.0,0.0,0.0,-6820.0,3924968.0,0.0,0.0,315.0,-17207.0,2022-2023,3918148.0,-16892.0,-228.10298134480152,2022,7,July,Saturday
2022-07-31,21430.604166666668,3550.9583333333335,14864.416666666666,-1755.4583333333333,3550.9583333333335,25373.0,4927.0,514.3345,85.223,356.746,85.223,-42.131,0.16569567081344921,0.693606981448843,122.0,0.0,0.0,326285.0,0.0,0.0,0.0,2507.0,0.0,2022-2023,326285.0,2507.0,,2022,7,July,Sunday
2022-08-01,23431.854166666668,3429.2291666666665,16764.791666666668,-2374.8333333333335,3429.2291666666665,28587.0,11040.0,562.3645,82.3015,402.355,82.3015,-56.996,0.1463490316333979,0.7154701265816032,123.0,0.0,0.0,0.0,2937028.0,0.0,0.0,0.0,1670.0,2022-2023,2937028.0,1670.0,1758.6994011976049,2022,8,August,Monday
2022-08-02,23609.833333333332,11998.354166666666,8452.375,-3197.3333333333335,11998.354166666666,28218.0,13818.0,566.636,287.9605,202.857,287.9605,-76.736,0.5081930904496009,0.35800231541942273,124.0,0.0,8273.0,0.0,10748565.0,0.0,1335.0,0.0,-15831.0,2022-2023,10756838.0,-14496.0,-678.9567936327459,2022,8,August,Tuesday
2022-08-03,23561.8125,7899.625,11462.645833333334,-2088.4166666666665,7899.625,27829.0,12251.0,565.4835,189.591,275.1035,189.591,-50.122,0.3352723819527891,0.48649253249652724,125.0,0.0,723634.0,145624.0,9560683.0,0.0,10225.0,1607.0,-27916.0,2022-2023,10429941.0,-16084.0,-342.48040550222095,2022,8,August,Wednesday
2022-08-04,23219.645833333332,2892.0833333333335,17358.583333333332,-3903.25,2892.0833333333335,27229.0,3986.0,557.2715,69.41,416.606,69.41,-93.678,0.12455329224623905,0.7475817442664842,126.0,0.0,0.0,0.0,1856275.0,0.0,0.0,0.0,4940.0,2022-2023,1856275.0,4940.0,375.76417004048585,2022,8,August,Thursday
2022-08-05,22391.625,3535.2291666666665,15527.895833333334,-3393.6666666666665,3535.2291666666665,26175.0,4815.0,537.399,84.8455,372.6695,84.8455,-81.448,0.15788176010748067,0.6934689122979388,127.0,0.0,0.0,0.0,797396.0,0.0,0.0,0.0,-1133.0,2022-2023,797396.0,-1133.0,-703.7917034421889,2022,8,August,Friday
2022-08-06,19743.583333333332,3157.0208333333335,9936.6875,761.75,3157.0208333333335,24312.0,5134.0,473.846,75.7685,238.4805,75.7685,18.282,0.15990110711074906,0.5032869328853679,128.0,19005.0,32076.0,156919.0,5642976.0,379.0,503.0,3377.0,-25118.0,2022-2023,5850976.0,-20859.0,-224.65865116649414,2022,8,August,Saturday
2022-08-07,19387.708333333332,3899.6875,8125.604166666667,1475.4166666666667,3899.6875,25211.0,5479.0,465.305,93.5925,195.0145,93.5925,35.41,0.20114226152738526,0.41911112066279105,129.0,54607.0,426990.0,897305.0,4813929.0,2607.0,5966.0,8881.0,-28398.0,2022-2023,6192831.0,-10944.0,-169.5164800338052,2022,8,August,Sunday
2022-08-08,23648.5625,2232.5208333333335,16482.75,-2366.5416666666665,2232.5208333333335,28985.0,2555.0,567.5655,53.5805,395.586,53.5805,-56.797,0.09440408199582251,0.6969873961683717,130.0,0.0,0.0,0.0,4180997.0,0.0,0.0,0.0,-21796.0,2022-2023,4180997.0,-21796.0,-191.82405028445586,2022,8,August,Monday
2022-08-09,24277.8125,2648.2916666666665,16222.3125,-1372.7916666666667,2648.2916666666665,28963.0,3457.0,582.6675,63.559,389.3355,63.559,-32.947,0.10908279593421634,0.6681949825586634,131.0,0.0,0.0,0.0,8235894.0,0.0,0.0,0.0,-35685.0,2022-2023,8235894.0,-35685.0,-230.7942833123161,2022,8,August,Tuesday
2022-08-10,24433.3125,2841.5208333333335,16100.854166666666,-889.25,2841.5208333333335,29259.0,3535.0,586.3995,68.1965,386.4205,68.1965,-21.342,0.11629699547833858,0.6589714008964879,132.0,0.0,0.0,0.0,7396645.0,0.0,0.0,0.0,-32945.0,2022-2023,7396645.0,-32945.0,-224.51494915768706,2022,8,August,Wednesday
2022-08-11,24608.125,1690.8125,16764.041666666668,-736.75,1690.8125,29545.0,2542.0,590.595,40.5795,402.337,40.5795,-17.682,0.0687095217534859,0.6812401053175188,133.0,102596.0,0.0,0.0,3209084.0,-790.0,0.0,0.0,-1851.0,2022-2023,3311680.0,-2641.0,-1733.7028633171258,2022,8,August,Thursday
2022-08-12,24764.541666666668,1887.6458333333333,17000.708333333332,-551.0416666666666,1887.6458333333333,28758.0,3226.0,594.349,45.3035,408.017,45.3035,-13.225,0.07622373386680216,0.6864939623016106,134.0,0.0,0.0,0.0,730089.0,0.0,0.0,0.0,-1178.0,2022-2023,730089.0,-1178.0,-619.7699490662139,2022,8,August,Friday
2022-08-13,22013.104166666668,1755.8958333333333,15075.270833333334,-937.2916666666666,1755.8958333333333,26346.0,3531.0,528.3145,42.1415,361.8065,42.1415,-22.495,0.07976593487401917,0.6848316675010814,135.0,0.0,4116.0,0.0,163718.0,0.0,297.0,0.0,-653.0,2022-2023,167834.0,-356.0,-250.7166921898928,2022,8,August,Saturday
2022-08-14,22105.875,967.9791666666666,12227.854166666666,2097.1666666666665,967.9791666666666,26943.0,2732.0,530.541,23.2315,293.4685,23.2315,50.332,0.04378832173196793,0.5531495209606797,136.0,0.0,404082.0,0.0,0.0,0.0,2933.0,0.0,0.0,2022-2023,404082.0,2933.0,,2022,8,August,Sunday
2022-08-15,26077.875,1493.8125,16029.0,1788.625,1493.8125,30436.0,2527.0,625.869,35.8515,384.696,35.8515,42.927,0.057282754058756706,0.6146589781567708,137.0,0.0,0.0,0.0,746984.0,0.0,0.0,0.0,-340.0,2022-2023,746984.0,-340.0,-2197.0117647058823,2022,8,August,Monday
2022-08-16,25904.270833333332,3110.5416666666665,15996.833333333334,-162.16666666666666,3110.5416666666665,29986.0,4448.0,621.7025,74.653,383.924,74.653,-3.892,0.12007833328641916,0.6175365226937322,138.0,195239.0,0.0,0.0,9167109.0,-775.0,0.0,0.0,-13699.0,2022-2023,9362348.0,-14474.0,-669.1808891159939,2022,8,August,Tuesday
2022-08-17,25122.020833333332,4307.5625,16424.125,-2570.625,4307.5625,29696.0,6222.0,602.9285,103.3815,394.179,103.3815,-61.695,0.1714656049597921,0.6537740378834306,139.0,157669.0,0.0,0.0,6480764.0,-858.0,0.0,0.0,667.0,2022-2023,6638433.0,-191.0,9716.287856071964,2022,8,August,Wednesday
2022-08-18,24828.354166666668,5653.75,15039.333333333334,-2370.75,5653.75,29578.0,9119.0,595.8805,135.69,360.944,135.69,-56.898,0.22771344254426854,0.605732189591705,140.0,39108.0,0.0,0.0,10871829.0,800.0,0.0,0.0,-13759.0,2022-2023,10910937.0,-12959.0,-790.1612762555418,2022,8,August,Thursday
2022-08-19,23041.604166666668,6417.0625,13036.708333333334,-2542.25,6417.0625,26752.0,9465.0,552.9985,154.0095,312.881,154.0095,-61.014,0.2784989471038348,0.5657899614555916,141.0,0.0,0.0,0.0,9424647.0,0.0,0.0,0.0,-2520.0,2022-2023,9424647.0,-2520.0,-3739.9392857142857,2022,8,August,Friday
2022-08-20,19738.166666666668,8420.208333333334,10132.0625,-3880.4583333333335,8420.208333333334,24077.0,10452.0,473.716,202.085,243.1695,202.085,-93.131,0.42659525960702194,0.5133233836306985,142.0,0.0,0.0,0.0,14348002.0,0.0,0.0,0.0,-22674.0,2022-2023,14348002.0,-22674.0,-632.7953603246009,2022,8,August,Saturday
2022-08-21,20797.875,4040.2916666666665,10595.9375,630.2083333333334,4040.2916666666665,25773.0,8805.0,499.149,96.967,254.3025,96.967,15.125,0.1942646384145816,0.5094721215508796,143.0,0.0,0.0,0.0,4987701.0,0.0,0.0,0.0,-14960.0,2022-2023,4987701.0,-14960.0,-333.40247326203206,2022,8,August,Sunday
2022-08-22,25313.291666666668,3591.6041666666665,14246.520833333334,878.2083333333334,3591.6041666666665,30851.0,5581.0,607.519,86.1985,341.9165,86.1985,21.077,0.14188609738954666,0.5628079121805244,144.0,157908.0,0.0,0.0,1239407.0,-861.0,0.0,0.0,-2102.0,2022-2023,1397315.0,-2963.0,-589.6322549952426,2022,8,August,Monday
2022-08-23,25251.4375,2809.7916666666665,15502.666666666666,77.25,2809.7916666666665,29987.0,4225.0,606.0345,67.435,372.064,67.435,1.854,0.11127254306479252,0.6139320451228437,145.0,113456.0,0.0,0.0,2864908.0,-543.0,0.0,0.0,-864.0,2022-2023,2978364.0,-1407.0,-3315.865740740741,2022,8,August,Tuesday
2022-08-24,25381.770833333332,3513.9791666666665,15385.6875,-420.4166666666667,3513.9791666666665,29879.0,5190.0,609.1625,84.3355,369.2565,84.3355,-10.09,0.1384449962038044,0.60617076724191,146.0,-124.0,0.0,0.0,7325109.0,-105.0,0.0,0.0,5004.0,2022-2023,7324985.0,4899.0,1463.8507194244605,2022,8,August,Wednesday
2022-08-25,25507.854166666668,3016.7083333333335,16068.770833333334,-525.9583333333334,3016.7083333333335,29966.0,4098.0,612.1885,72.401,385.6505,72.401,-12.623,0.11826586092355541,0.6299538459151063,147.0,117585.0,0.0,0.0,4339806.0,-494.0,0.0,0.0,-1822.0,2022-2023,4457391.0,-2316.0,-2381.8913282107574,2022,8,August,Thursday
2022-08-26,23569.1875,775.5416666666666,16357.104166666666,-413.1666666666667,775.5416666666666,28048.0,1588.0,565.6605,18.613,392.5705,18.613,-9.916,0.03290489613469564,0.6940037354561615,148.0,-2261.0,0.0,0.0,80186.0,-368.0,0.0,0.0,900.0,2022-2023,77925.0,532.0,89.09555555555555,2022,8,August,Friday
2022-08-27,21237.3125,835.6875,16183.458333333334,-1416.4583333333333,835.6875,25783.0,1511.0,509.6955,20.0565,388.403,20.0565,-33.995,0.03934996483194378,0.7620294862324664,149.0,0.0,0.0,0.0,0.0,0.0,0.0,0.0,0.0,2022-2023,0.0,0.0,,2022,8,August,Saturday
2022-08-28,20790.333333333332,1307.25,14837.833333333334,19.166666666666668,1307.25,25073.0,2424.0,498.968,31.374,356.108,31.374,0.46,0.06287777973737795,0.7136890542078851,150.0,0.0,0.0,0.0,0.0,0.0,0.0,0.0,0.0,2022-2023,0.0,0.0,,2022,8,August,Sunday
2022-08-29,21575.25,3120.9791666666665,15944.5625,-3357.875,3120.9791666666665,26648.0,4827.0,517.806,74.9035,382.6695,74.9035,-80.589,0.1446555273596675,0.739020984693109,151.0,0.0,0.0,0.0,3657.0,0.0,0.0,0.0,-273.0,2022-2023,3657.0,-273.0,-13.395604395604396,2022,8,August,Monday
2022-08-30,23997.833333333332,4421.708333333333,16651.770833333332,-3127.875,4421.708333333333,29314.0,5543.0,575.948,106.121,399.6425,106.121,-75.069,0.18425448130734023,0.6938864272469042,152.0,0.0,0.0,0.0,540818.0,0.0,0.0,0.0,-3721.0,2022-2023,540818.0,-3721.0,-145.34211233539372,2022,8,August,Tuesday
2022-08-31,24130.916666666668,5805.458333333333,16854.291666666668,-4702.875,5805.458333333333,28966.0,7890.0,579.142,139.331,404.503,139.331,-112.869,0.2405817571510959,0.6984521930718199,153.0,0.0,0.0,0.0,225841.0,0.0,0.0,0.0,106.0,2022-2023,225841.0,106.0,2130.5754716981132,2022,8,August,Wednesday
2022-09-01,24298.895833333332,5014.729166666667,16539.125,-4164.916666666667,5014.729166666667,29146.0,7031.0,583.1735,120.3535,396.939,120.3535,-99.958,0.20637683296651854,0.6806533561624457,154.0,0.0,0.0,0.0,0.0,0.0,0.0,0.0,0.0,2022-2023,0.0,0.0,,2022,9,September,Thursday
2022-09-02,24618.0,4814.958333333333,16935.520833333332,-4231.25,4814.958333333333,28982.0,8730.0,590.832,115.559,406.4525,115.559,-101.55,0.19558690118341593,0.687932441032307,155.0,0.0,0.0,0.0,4091978.0,0.0,0.0,0.0,-11852.0,2022-2023,4091978.0,-11852.0,-345.2563280458994,2022,9,September,Friday
2022-09-03,21752.5,7648.104166666667,11033.125,-3408.1666666666665,7648.104166666667,26430.0,9310.0,522.06,183.5545,264.795,183.5545,-81.796,0.3515965597824005,0.5072118147339387,156.0,0.0,0.0,0.0,11727921.0,0.0,0.0,0.0,-37317.0,2022-2023,11727921.0,-37317.0,-314.2782378004663,2022,9,September,Saturday
2022-09-04,21336.3125,6560.6875,11120.125,-2943.0,6560.6875,27171.0,9380.0,512.0715,157.4565,266.883,157.4565,-70.632,0.3074892861641392,0.5211830769726493,157.0,0.0,0.0,0.0,10359104.0,0.0,0.0,0.0,-33435.0,2022-2023,10359104.0,-33435.0,-309.82814416031107,2022,9,September,Sunday
2022-09-05,24592.833333333332,7020.791666666667,13915.416666666666,-3555.7916666666665,7020.791666666667,30516.0,11842.0,590.228,168.499,333.97,168.499,-85.339,0.28548120387375725,0.5658321868837128,158.0,0.0,0.0,0.0,8591324.0,0.0,0.0,0.0,-23759.0,2022-2023,8591324.0,-23759.0,-361.60292941622123,2022,9,September,Monday
2022-09-06,25390.770833333332,6503.25,15599.9375,-3542.0833333333335,6503.25,30569.0,8875.0,609.3785,156.078,374.3985,156.078,-85.01,0.25612652891429544,0.6143940096344062,159.0,0.0,0.0,0.0,5089574.0,0.0,0.0,0.0,-25834.0,2022-2023,5089574.0,-25834.0,-197.01068359526207,2022,9,September,Tuesday
2022-09-07,24878.75,5603.333333333333,16828.395833333332,-4530.791666666667,5603.333333333333,30120.0,7055.0,597.09,134.48,403.8815,134.48,-108.739,0.2252256778710077,0.6764164531310187,160.0,0.0,0.0,0.0,5583267.0,0.0,0.0,0.0,-22240.0,2022-2023,5583267.0,-22240.0,-251.04617805755396,2022,9,September,Wednesday
2022-09-08,25611.104166666668,4327.0625,17904.520833333332,-3902.4166666666665,4327.0625,30690.0,5552.0,614.6665,103.8495,429.7085,103.8495,-93.658,0.1689525946183825,0.6990921092982942,161.0,0.0,0.0,0.0,5499297.0,0.0,0.0,0.0,-8366.0,2022-2023,5499297.0,-8366.0,-657.3388716232369,2022,9,September,Thursday
2022-09-09,24441.395833333332,4878.4375,16935.083333333332,-4474.958333333333,4878.4375,28706.0,5868.0,586.5935,117.0825,406.442,117.0825,-107.399,0.19959733614504765,0.692885277453637,162.0,0.0,0.0,0.0,4034928.0,0.0,0.0,0.0,-16033.0,2022-2023,4034928.0,-16033.0,-251.6639431173205,2022,9,September,Friday
2022-09-10,22435.1875,2179.5625,16187.625,-2183.2083333333335,2179.5625,27380.0,4263.0,538.4445,52.3095,388.503,52.3095,-52.397,0.09714928836676762,0.721528402648741,163.0,0.0,0.0,0.0,0.0,0.0,0.0,0.0,0.0,2022-2023,0.0,0.0,,2022,9,September,Saturday
2022-09-11,21840.0,3495.5416666666665,14705.270833333334,-2913.2916666666665,3495.5416666666665,28079.0,8469.0,524.16,83.893,352.9265,83.893,-69.919,0.16005227411477413,0.6733182615995116,164.0,0.0,0.0,0.0,16585.0,0.0,0.0,0.0,-13.0,2022-2023,16585.0,-13.0,-1275.7692307692307,2022,9,September,Sunday
2022-09-12,24874.291666666668,7236.9375,15087.1875,-4059.4166666666665,7236.9375,30763.0,8552.0,596.983,173.6865,362.0925,173.6865,-97.426,0.2909404455403253,0.6065373720859724,165.0,26973.0,0.0,0.0,2212726.0,-295.0,0.0,0.0,-2714.0,2022-2023,2239699.0,-3009.0,-815.3006632277081,2022,9,September,Monday
2022-09-13,25650.458333333332,3992.2291666666665,17008.729166666668,-2651.375,3992.2291666666665,31039.0,7228.0,615.611,95.8135,408.2095,95.8135,-63.633,0.15563968155214902,0.6630965008747407,166.0,29288.0,0.0,0.0,688546.0,-634.0,0.0,0.0,-2533.0,2022-2023,717834.0,-3167.0,-271.83024082116066,2022,9,September,Tuesday
2022-09-14,24827.354166666668,4276.791666666667,17959.875,-4601.333333333333,4276.791666666667,30770.0,6986.0,595.8565,102.643,431.037,102.643,-110.432,0.1722612743168867,0.7233906150222411,167.0,51214.0,0.0,0.0,380430.0,-845.0,0.0,0.0,-373.0,2022-2023,431644.0,-1218.0,-1019.9195710455764,2022,9,September,Wednesday
2022-09-15,25358.125,7804.895833333333,14381.645833333334,-3451.5416666666665,7804.895833333333,31572.0,10602.0,608.595,187.3175,345.1595,187.3175,-82.837,0.3077867876009497,0.5671415309031457,168.0,16048.0,7156.0,0.0,0.0,-461.0,712.0,0.0,0.0,2022-2023,23204.0,251.0,,2022,9,September,Thursday
2022-09-16,23531.229166666668,11264.270833333334,6892.479166666667,-847.1666666666666,11264.270833333334,29427.0,12179.0,564.7495,270.3425,165.4195,270.3425,-20.332,0.4786945362501427,0.2929077405115011,169.0,118298.0,168430.0,135599.0,2344310.0,-1098.0,4155.0,3341.0,-6464.0,2022-2023,2766637.0,-66.0,-362.6717202970297,2022,9,September,Friday
2022-09-17,21321.708333333332,9620.3125,5712.375,1300.2916666666667,9620.3125,28455.0,10834.0,511.721,230.8875,137.097,230.8875,31.207,0.45119801610643295,0.26791357008995137,170.0,6816.0,2049858.0,990611.0,0.0,-330.0,10803.0,8020.0,0.0,2022-2023,3047285.0,18493.0,,2022,9,September,Saturday
2022-09-18,21780.083333333332,7988.270833333333,6054.729166666667,2834.8333333333335,7988.270833333333,28315.0,9374.0,522.722,191.7185,145.3135,191.7185,68.036,0.36676952567521554,0.27799384759011486,171.0,15580.0,1894467.0,1299578.0,0.0,-294.0,12185.0,10241.0,0.0,2022-2023,3209625.0,22132.0,,2022,9,September,Sunday
2022-09-19,22736.0,3153.5,15328.270833333334,-1674.875,3153.5,29144.0,6061.0,545.664,75.684,367.8785,75.684,-40.197,0.13870073891625614,0.6741850296152944,172.0,184594.0,0.0,-437.0,0.0,-1696.0,0.0,920.0,0.0,2022-2023,184157.0,-776.0,,2022,9,September,Monday
2022-09-20,25444.25,1356.4375,19279.8125,-1556.4166666666667,1356.4375,31612.0,2152.0,610.662,32.5545,462.7155,32.5545,-37.354,0.05331017813454906,0.7577276791416528,173.0,177925.0,0.0,0.0,5021.0,-1327.0,0.0,0.0,-4.0,2022-2023,182946.0,-1331.0,-1255.25,2022,9,September,Tuesday
2022-09-21,25270.916666666668,4307.104166666667,17517.208333333332,-2882.75,4307.104166666667,31449.0,8966.0,606.502,103.3705,420.413,103.3705,-69.186,0.1704371955904515,0.6931766094753192,174.0,121017.0,0.0,11650.0,982332.0,-1216.0,0.0,925.0,-3735.0,2022-2023,1114999.0,-4026.0,-263.00722891566267,2022,9,September,Wednesday
2022-09-22,24896.333333333332,5707.8125,15513.0625,-2873.0,5707.8125,31438.0,9312.0,597.512,136.9875,372.3135,136.9875,-68.952,0.22926317797801554,0.6231063141828114,175.0,59464.0,0.0,39829.0,420219.0,-1200.0,0.0,2896.0,-2328.0,2022-2023,519512.0,-632.0,-180.50644329896906,2022,9,September,Thursday
2022-09-23,24663.659574468085,2636.31914893617,17741.14893617021,-2243.1063829787236,2636.31914893617,30316.0,4680.0,579.596,61.9535,416.917,61.9535,-52.713,0.1068908343052747,0.7193234597892324,176.0,116599.0,0.0,0.0,0.0,-1142.0,0.0,0.0,0.0,2022-2023,116599.0,-1142.0,,2022,9,September,Friday
2022-09-24,22184.291666666668,5308.708333333333,15726.541666666666,-4091.4583333333335,5308.708333333333,28097.0,7193.0,532.423,127.409,377.437,127.409,-98.195,0.23930033075205243,0.708904386174151,177.0,16072.0,0.0,0.0,0.0,-850.0,0.0,0.0,0.0,2022-2023,16072.0,-850.0,,2022,9,September,Saturday
2022-09-25,21363.020833333332,9032.375,11375.479166666666,-4474.791666666667,9032.375,27988.0,14890.0,512.7125,216.777,273.0115,216.777,-107.395,0.4228042031352854,0.5324845795645708,178.0,0.0,34626.0,210973.0,6535405.0,0.0,525.0,2838.0,-17400.0,2022-2023,6781004.0,-14037.0,-375.59798850574714,2022,9,September,Sunday
2022-09-26,24309.625,13706.354166666666,8630.625,-3960.3333333333335,13706.354166666666,32294.0,14940.0,583.431,328.9525,207.135,328.9525,-95.048,0.5638241711530583,0.35502912940861897,179.0,0.0,1858500.0,2097750.0,7035576.0,0.0,10154.0,10837.0,-24271.0,2022-2023,10991826.0,-3280.0,-289.87581887849694,2022,9,September,Monday
2022-09-27,25837.708333333332,10873.4375,12596.104166666666,-4321.0,10873.4375,32651.0,13483.0,620.105,260.9625,302.3065,260.9625,-103.704,0.4208359874537376,0.48750856709750773,180.0,0.0,251562.0,0.0,5106287.0,0.0,5139.0,0.0,-7506.0,2022-2023,5357849.0,-2367.0,-680.2940314415134,2022,9,September,Tuesday
2022-09-28,25994.375,5509.5,17973.645833333332,-4171.25,5509.5,32794.0,6898.0,623.865,132.228,431.3675,132.228,-100.11,0.21194970065639201,0.6914436616896283,181.0,0.0,0.0,0.0,2290649.0,0.0,0.0,0.0,-482.0,2022-2023,2290649.0,-482.0,-4752.383817427386,2022,9,September,Wednesday
2022-09-29,26225.729166666668,3247.2708333333335,19611.520833333332,-3194.9166666666665,3247.2708333333335,33713.0,5859.0,629.4175,77.9345,470.6765,77.9345,-76.678,0.12382003995757983,0.747796971008909,182.0,0.0,0.0,0.0,1337570.0,0.0,0.0,0.0,-1018.0,2022-2023,1337570.0,-1018.0,-1313.919449901768,2022,9,September,Thursday
2022-09-30,25760.833333333332,10463.541666666666,13093.75,-3117.5833333333335,10463.541666666666,31474.0,14904.0,618.26,251.125,314.25,251.125,-74.822,0.406180247792191,0.508281305599586,183.0,0.0,748882.0,434158.0,17458748.0,0.0,3051.0,2065.0,-60356.0,2022-2023,18641788.0,-55240.0,-289.2628404798197,2022,9,September,Friday
2022-10-01,20731.875,12660.208333333334,4213.645833333333,-499.75,12660.208333333334,27319.0,14361.0,497.565,303.845,101.1275,303.845,-11.994,0.610663933355441,0.20324480218664898,184.0,0.0,7124592.0,2720274.0,6924944.0,0.0,35170.0,13389.0,-24270.0,2022-2023,16769810.0,24289.0,-285.3293778327153,2022,10,October,Saturday
2022-10-02,22422.729166666668,7535.25,8060.041666666667,1742.9583333333333,7535.25,30400.0,13257.0,538.1455,180.846,193.441,180.846,41.831,0.3360540968938698,0.3594585479205903,185.0,0.0,1012543.0,2207451.0,3267877.0,0.0,11134.0,18449.0,-9430.0,2022-2023,6487871.0,20153.0,-346.54050901378577,2022,10,October,Sunday
2022-10-03,25553.375,4868.604166666667,16291.479166666666,-907.9166666666666,4868.604166666667,32245.0,10898.0,613.281,116.8465,390.9955,116.8465,-21.79,0.19052685473706182,0.6375470624395669,186.0,0.0,208639.0,192821.0,15051651.0,0.0,3966.0,3918.0,-35666.0,2022-2023,15453111.0,-27782.0,-422.01679470644314,2022,10,October,Monday
2022-10-04,25257.645833333332,11768.270833333334,11169.3125,-3579.4583333333335,11768.270833333334,33007.0,14057.0,606.1835,282.4385,268.0635,282.4385,-85.907,0.46592904623764914,0.4422151048321176,187.0,0.0,2031238.0,480837.0,15056067.0,0.0,27562.0,7071.0,-50359.0,2022-2023,17568142.0,-15726.0,-298.9747016422089,2022,10,October,Tuesday
2022-10-05,24567.958333333332,12815.166666666666,6998.270833333333,-1369.9583333333333,12815.166666666666,31483.0,14691.0,589.631,307.564,167.9585,307.564,-32.879,0.5216211494985847,0.28485357791567945,188.0,0.0,1306436.0,1118785.0,5012545.0,0.0,13877.0,13553.0,-19196.0,2022-2023,7437766.0,8234.0,-261.12445301104395,2022,10,October,Wednesday
2022-10-06,23710.5625,13202.520833333334,8025.3125,-1867.875,13202.520833333334,30836.0,13769.0,569.0535,316.8605,192.6075,316.8605,-44.829,0.5568202286779714,0.33846993296763833,189.0,0.0,1297417.0,545186.0,20165941.0,0.0,19927.0,14833.0,-90442.0,2022-2023,22008544.0,-55682.0,-222.97097587404082,2022,10,October,Thursday
2022-10-07,23912.3125,13493.520833333334,5889.770833333333,-745.25,13493.520833333334,30883.0,14818.0,573.8955,323.8445,141.3545,323.8445,-17.886,0.5642917569487825,0.24630703673403959,190.0,0.0,1481612.0,1412272.0,11694307.0,0.0,12563.0,13706.0,-44699.0,2022-2023,14588191.0,-18430.0,-261.6234591377883,2022,10,October,Friday
2022-10-08,22372.4375,8116.833333333333,8218.791666666666,117.33333333333333,8116.833333333333,29531.0,12480.0,536.9385,194.804,197.251,194.804,2.816,0.36280505123026197,0.3673623701783352,191.0,0.0,1894850.0,1633642.0,4608941.0,0.0,13095.0,10022.0,-15873.0,2022-2023,8137433.0,7244.0,-290.3635733635734,2022,10,October,Saturday
2022-10-09,21572.875,10115.958333333334,5384.145833333333,382.1666666666667,10115.958333333334,29628.0,12882.0,517.749,242.783,129.2195,242.783,9.172,0.46892026831534195,0.24957942941463915,192.0,0.0,696802.0,407939.0,17233568.0,0.0,16258.0,11108.0,-71859.0,2022-2023,18338309.0,-44493.0,-239.8247679483433,2022,10,October,Sunday
2022-10-10,25161.708333333332,9964.854166666666,9585.166666666666,-930.875,9964.854166666666,34209.0,11802.0,603.881,239.1565,230.044,239.1565,-22.341,0.3960324964686751,0.3809426029300475,193.0,0.0,1399067.0,1240907.0,11360565.0,0.0,11522.0,8372.0,-46351.0,2022-2023,14000539.0,-26457.0,-245.09859549955772,2022,10,October,Monday
2022-10-11,27122.166666666668,4484.020833333333,16912.5625,-1328.5833333333333,4484.020833333333,34650.0,6870.0,650.932,107.6165,405.9015,107.6165,-31.886,0.16532679296762182,0.6235697430760817,194.0,0.0,0.0,-1171.0,6272735.0,0.0,0.0,240.0,-12658.0,2022-2023,6271564.0,-12418.0,-495.5549849897298,2022,10,October,Tuesday
2022-10-12,27315.625,7761.104166666667,16150.041666666666,-3517.7083333333335,7761.104166666667,35127.0,10123.0,655.575,186.2665,387.601,186.2665,-84.425,0.2841269114899134,0.5912382259848225,195.0,0.0,0.0,-4461.0,5743582.0,0.0,0.0,1440.0,-8397.0,2022-2023,5739121.0,-6957.0,-684.0040490651423,2022,10,October,Wednesday
2022-10-13,27239.354166666668,3700.3333333333335,19052.916666666668,-2312.75,3700.3333333333335,33911.0,6051.0,653.7445,88.808,457.27,88.808,-55.506,0.13584511992070297,0.6994628635499036,196.0,0.0,0.0,0.0,5112581.0,0.0,0.0,0.0,-9769.0,2022-2023,5112581.0,-9769.0,-523.3474255297369,2022,10,October,Thursday
2022-10-14,26874.979166666668,4987.8125,18049.458333333332,-3191.875,4987.8125,33577.0,6437.0,644.9995,119.7075,433.187,119.7075,-76.605,0.18559316712648613,0.6716082725645524,197.0,0.0,0.0,13196.0,4270140.0,0.0,0.0,333.0,-16239.0,2022-2023,4283336.0,-15906.0,-262.95584703491596,2022,10,October,Friday
2022-10-15,22145.104166666668,11160.25,7893.0625,-2838.4583333333335,11160.25,29117.0,14367.0,531.4825,267.846,189.4335,267.846,-68.123,0.503960149205289,0.35642471765298017,198.0,0.0,148107.0,291451.0,4621516.0,0.0,3106.0,4680.0,-14428.0,2022-2023,5061074.0,-6642.0,-320.31577488217357,2022,10,October,Saturday
2022-10-16,21892.770833333332,10144.541666666666,7050.416666666667,-1331.2083333333333,10144.541666666666,31155.0,13586.0,525.4265,243.469,169.21,243.469,-31.949,0.4633740399465957,0.3220431401918251,199.0,0.0,1335726.0,828658.0,5705877.0,0.0,12755.0,9965.0,-8186.0,2022-2023,7870261.0,14534.0,-697.0287075494747,2022,10,October,Sunday
2022-10-17,24516.9375,12974.3125,10005.166666666666,-4446.375,12974.3125,33181.0,14658.0,588.4065,311.3835,240.124,311.3835,-106.713,0.5291979269433631,0.40809202481617723,200.0,0.0,683829.0,667568.0,8343668.0,0.0,6069.0,5465.0,28901.0,2022-2023,9695065.0,40435.0,288.6982457354417,2022,10,October,Monday
2022-10-18,26516.75,3385.3958333333335,18757.604166666668,-2513.1666666666665,3385.3958333333335,33824.0,8164.0,636.402,81.2495,450.1825,81.2495,-60.316,0.1276700890317755,0.7073869975267205,201.0,0.0,0.0,0.0,1093506.0,0.0,0.0,0.0,-2882.0,2022-2023,1093506.0,-2882.0,-379.4260929909785,2022,10,October,Tuesday
2022-10-19,25741.541666666668,12014.104166666666,13642.041666666666,-4726.333333333333,12014.104166666666,33686.0,16164.0,617.797,288.3385,327.409,288.3385,-113.432,0.4667204599569114,0.5299621072941435,202.0,0.0,13535.0,10738.0,1434518.0,0.0,879.0,726.0,-4430.0,2022-2023,1458791.0,-2825.0,-323.81896162528216,2022,10,October,Wednesday
2022-10-20,27844.520833333332,8429.666666666666,16878.458333333332,-2819.2916666666665,8429.666666666666,34876.0,14945.0,668.2685,202.312,405.083,202.312,-67.663,0.30274059004726395,0.6061680297664787,203.0,0.0,0.0,26863.0,7047812.0,0.0,0.0,5803.0,-13213.0,2022-2023,7074675.0,-7410.0,-533.3998334973132,2022,10,October,Thursday
2022-10-21,26593.833333333332,7284.75,17934.958333333332,-4074.0416666666665,7284.75,32821.0,11007.0,638.252,174.834,430.439,174.834,-97.777,0.27392628616909936,0.6744029004217771,204.0,0.0,0.0,27652.0,2455365.0,0.0,0.0,630.0,15307.0,2022-2023,2483017.0,15937.0,160.40798327562553,2022,10,October,Friday
2022-10-22,23322.375,8628.895833333334,13649.375,-3833.5833333333335,8628.895833333334,30485.0,10828.0,559.737,207.0935,327.585,207.0935,-92.006,0.36998358157491823,0.5852480718623211,205.0,0.0,0.0,325702.0,129650.0,0.0,0.0,3015.0,2450.0,2022-2023,455352.0,5465.0,52.91836734693877,2022,10,October,Saturday
2022-10-23,23949.125,6675.729166666667,11801.4375,341.5416666666667,6675.729166666667,32108.0,9100.0,574.779,160.2175,283.2345,160.2175,8.197,0.2787462659561327,0.49277113464479394,206.0,0.0,0.0,768927.0,285782.0,0.0,0.0,8212.0,-1407.0,2022-2023,1054709.0,6805.0,-203.1144278606965,2022,10,October,Sunday
2022-10-24,25946.479166666668,9559.541666666666,12913.375,-1568.8333333333333,9559.541666666666,34222.0,11478.0,622.7155,229.429,309.921,229.429,-37.652,0.36843309665489293,0.49769276660047806,207.0,0.0,0.0,1183479.0,505446.0,0.0,0.0,6323.0,-4182.0,2022-2023,1688925.0,2141.0,-120.8622668579627,2022,10,October,Monday
2022-10-25,26280.9375,8292.5625,15749.895833333334,-3212.0833333333335,8292.5625,34028.0,11338.0,630.7425,199.0215,377.9975,199.0215,-77.09,0.315535262012628,0.5992897259975347,208.0,0.0,11584.0,261166.0,1039755.0,0.0,787.0,3907.0,-895.0,2022-2023,1312505.0,3799.0,-1161.7374301675977,2022,10,October,Tuesday
2022-10-26,24397.145833333332,14358.166666666666,9501.604166666666,-4345.583333333333,14358.166666666666,32349.0,15889.0,585.5315,344.596,228.0385,344.596,-104.294,0.5885182949166696,0.38945556302265544,209.0,0.0,35800.0,327922.0,7894177.0,0.0,2027.0,6422.0,-48246.0,2022-2023,8257899.0,-39797.0,-163.62345064875845,2022,10,October,Wednesday
2022-10-27,26624.541666666668,10570.8125,13899.645833333334,-3519.8333333333335,10570.8125,33731.0,12362.0,638.989,253.6995,333.5915,253.6995,-84.476,0.39703265627420814,0.5220614126377762,210.0,0.0,59221.0,76910.0,4638180.0,0.0,2065.0,1600.0,-28654.0,2022-2023,4774311.0,-24989.0,-161.86850003489914,2022,10,October,Thursday
2022-10-28,24414.354166666668,11456.729166666666,11261.8125,-3585.3333333333335,11456.729166666666,31605.0,15324.0,585.9445,274.9615,270.2835,274.9615,-86.048,0.4692620205497279,0.4612783292615598,211.0,0.0,0.0,259883.0,6684840.0,0.0,0.0,2530.0,-43861.0,2022-2023,6944723.0,-41331.0,-152.4096577825403,2022,10,October,Friday
2022-10-29,23529.020833333332,8177.479166666667,10964.770833333334,-718.1666666666666,8177.479166666667,30078.0,13145.0,564.6965,196.2595,263.1545,196.2595,-17.236,0.3475486389591577,0.4660105029870027,212.0,17222.0,122098.0,2732064.0,2940765.0,-1257.0,3004.0,10639.0,-20383.0,2022-2023,5812149.0,-7997.0,-144.2753765392729,2022,10,October,Saturday
2022-10-30,22492.94,11680.4,6643.78,-461.32,11680.4,31455.0,14291.0,562.3235,292.01,166.0945,292.01,-11.533,0.5192918311256777,0.2953717922156908,213.0,0.0,1568758.0,2475172.0,8123078.0,0.0,16938.0,17513.0,-39508.0,2022-2023,12167008.0,-5057.0,-205.60590260200465,2022,10,October,Sunday
2022-10-31,25901.625,10912.5625,10422.541666666666,-815.5,10912.5625,34516.0,13402.0,621.639,261.9015,250.141,261.9015,-19.572,0.4213080260408372,0.40238948971991784,214.0,0.0,63790.0,390686.0,11907399.0,0.0,5802.0,6286.0,-31116.0,2022-2023,12361875.0,-19028.0,-382.6776899344389,2022,10,October,Monday
2022-11-01,26597.833333333332,12422.5,6559.166666666667,2284.625,12422.5,36294.0,14587.0,638.348,298.14,157.42,298.14,54.831,0.4670493210599861,0.24660529993044547,215.0,0.0,266522.0,3573433.0,1496040.0,0.0,3276.0,20899.0,-7523.0,2022-2023,5335995.0,16652.0,-198.8621560547654,2022,11,November,Tuesday
2022-11-02,26173.270833333332,14857.479166666666,7459.020833333333,-1411.8333333333333,14857.479166666666,34406.0,16702.0,628.1585,356.5795,179.0165,356.5795,-33.884,0.5676584810999135,0.2849861937711581,216.0,0.0,1084713.0,1945653.0,8116298.0,0.0,11437.0,17470.0,-42179.0,2022-2023,11146664.0,-13272.0,-192.42509305578605,2022,11,November,Wednesday
2022-11-03,28633.395833333332,5463.020833333333,13611.666666666666,2630.375,5463.020833333333,37846.0,14119.0,687.2015,131.1125,326.68,131.1125,63.129,0.190791929295847,0.47537730927537264,217.0,0.0,290983.0,663370.0,8573072.0,0.0,5902.0,16629.0,-32834.0,2022-2023,9527425.0,-10303.0,-261.1034902844612,2022,11,November,Thursday
2022-11-04,27500.083333333332,7358.145833333333,13177.729166666666,-0.7916666666666666,7358.145833333333,36582.0,9744.0,660.002,176.5955,316.2655,176.5955,-0.019,0.26756812858142853,0.47918869942818354,218.0,0.0,0.0,463764.0,2665220.0,0.0,0.0,5863.0,-12024.0,2022-2023,3128984.0,-6161.0,-221.6583499667332,2022,11,November,Friday
2022-11-05,26038.208333333332,8363.333333333334,10586.020833333334,1397.9166666666667,8363.333333333334,33702.0,11125.0,624.917,200.72,254.0645,200.72,33.55,0.3211946546501375,0.4065571907949376,219.0,0.0,357015.0,667778.0,2600705.0,0.0,3292.0,8141.0,-7411.0,2022-2023,3625498.0,4022.0,-350.92497638645256,2022,11,November,Saturday
2022-11-06,25076.020833333332,9611.083333333334,6135.979166666667,4092.8333333333335,9611.083333333334,33839.0,12619.0,601.8245,230.666,147.2635,230.666,98.228,0.3832778492733347,0.2446950896814603,220.0,0.0,836792.0,1923565.0,2314608.0,0.0,9443.0,26183.0,-573.0,2022-2023,5074965.0,35053.0,-4039.455497382199,2022,11,November,Sunday
2022-11-07,27194.916666666668,14394.541666666666,8055.354166666667,-1156.5,14394.541666666666,35650.0,16116.0,652.678,345.469,193.3285,345.469,-27.756,0.5293100119814058,0.296208084231428,221.0,0.0,2211658.0,1024609.0,6851422.0,0.0,16989.0,7763.0,-28188.0,2022-2023,10087689.0,-3436.0,-243.0616574428835,2022,11,November,Monday
2022-11-08,26739.729166666668,14202.833333333334,7432.9375,-93.66666666666667,14202.833333333334,35413.0,15508.0,641.7535,340.868,178.3905,340.868,-2.248,0.5311509793090338,0.2779735521504752,222.0,0.0,823132.0,1615853.0,7457727.0,0.0,11675.0,21968.0,-36996.0,2022-2023,9896712.0,-3353.0,-201.58198183587416,2022,11,November,Tuesday
2022-11-09,27095.583333333332,13567.291666666666,9210.270833333334,-1807.5416666666667,13567.291666666666,36036.0,14702.0,650.294,325.615,221.0465,325.615,-43.381,0.5007196744856942,0.33991779102990344,223.0,0.0,1478634.0,2590504.0,8625874.0,0.0,10870.0,15003.0,-19213.0,2022-2023,12695012.0,6660.0,-448.9602873054703,2022,11,November,Wednesday
2022-11-10,26312.0,14322.5625,7897.125,-2597.0833333333335,14322.5625,34300.0,15711.0,631.488,343.7415,189.531,343.7415,-62.33,0.5443357593493462,0.300133969291578,224.0,161312.0,372302.0,578197.0,17698457.0,-1322.0,19581.0,20184.0,-94744.0,2022-2023,18810268.0,-56301.0,-186.802932111796,2022,11,November,Thursday
2022-11-11,26061.854166666668,13238.291666666666,8757.3125,-3005.7083333333335,13238.291666666666,33937.0,15361.0,625.4845,317.719,210.1755,317.719,-72.137,0.507956632018859,0.33602031705022267,225.0,0.0,301343.0,1960468.0,15462152.0,0.0,2088.0,19713.0,-59957.0,2022-2023,17723963.0,-38156.0,-257.8873526026986,2022,11,November,Friday
2022-11-12,25012.604166666668,5881.958333333333,15121.104166666666,-2694.4583333333335,5881.958333333333,32242.0,7138.0,600.3025,141.167,362.9065,141.167,-64.667,0.2351597736141362,0.6045393780635596,226.0,0.0,0.0,118363.0,4863127.0,0.0,0.0,4484.0,-5972.0,2022-2023,4981490.0,-1488.0,-814.3213328868051,2022,11,November,Saturday
2022-11-13,24524.583333333332,7352.0,12577.770833333334,-2236.8333333333335,7352.0,33665.0,9345.0,588.59,176.448,301.8665,176.448,-53.684,0.2997808321582086,0.5128637931327409,227.0,0.0,0.0,177900.0,6064360.0,0.0,0.0,4732.0,-29254.0,2022-2023,6242260.0,-24522.0,-207.30019826348533,2022,11,November,Sunday
2022-11-14,28761.041666666668,6157.4375,17029.979166666668,-1320.375,6157.4375,38081.0,8817.0,690.265,147.7785,408.7195,147.7785,-31.689,0.2140895163451718,0.5921196931613221,228.0,0.0,0.0,0.0,11599220.0,0.0,0.0,0.0,-38768.0,2022-2023,11599220.0,-38768.0,-299.19572843582336,2022,11,November,Monday
2022-11-15,28861.479166666668,10626.708333333334,14180.0,-3043.2083333333335,10626.708333333334,37941.0,13598.0,692.6755,255.041,340.32,255.041,-73.037,0.3681969407031142,0.4913123100210704,229.0,0.0,0.0,0.0,15699841.0,0.0,0.0,0.0,-68459.0,2022-2023,15699841.0,-68459.0,-229.3320235469405,2022,11,November,Tuesday
2022-11-16,29351.041666666668,9328.125,14555.0625,-1171.375,9328.125,37509.0,11527.0,704.425,223.875,349.3215,223.875,-28.113,0.3178124001845477,0.4958959435000178,230.0,0.0,14260.0,1662.0,9211820.0,0.0,1379.0,489.0,-24474.0,2022-2023,9227742.0,-22606.0,-376.3920895644357,2022,11,November,Wednesday
2022-11-17,28701.708333333332,10997.083333333334,12264.395833333334,-1497.5416666666667,10997.083333333334,36648.0,12878.0,688.841,263.93,294.3455,263.93,-35.941,0.38315082871083456,0.4273054304258893,231.0,0.0,836747.0,130051.0,6889826.0,0.0,10583.0,1980.0,-42344.0,2022-2023,7856624.0,-29781.0,-162.71079727942566,2022,11,November,Thursday
2022-11-18,28224.729166666668,10082.520833333334,14641.75,-2918.375,10082.520833333334,36274.0,12920.0,677.3935,241.9805,351.402,241.9805,-70.041,0.357222943532821,0.5187560849048596,232.0,0.0,0.0,0.0,10133065.0,0.0,0.0,0.0,-46291.0,2022-2023,10133065.0,-46291.0,-218.89924607375085,2022,11,November,Friday
2022-11-19,27036.375,8239.3125,16573.375,-3759.125,8239.3125,34885.0,9065.0,648.873,197.7435,397.761,197.7435,-90.219,0.3047491573851894,0.6130028526383438,233.0,0.0,0.0,10173.0,6759142.0,0.0,0.0,1404.0,-35967.0,2022-2023,6769315.0,-34563.0,-187.9262101370701,2022,11,November,Saturday
2022-11-20,26533.145833333332,7905.291666666667,16899.8125,-4926.333333333333,7905.291666666667,36112.0,10502.0,636.7955,189.727,405.5955,189.727,-118.232,0.2979402335600676,0.6369321077174698,234.0,0.0,0.0,136609.0,3658406.0,0.0,0.0,4991.0,-17493.0,2022-2023,3795015.0,-12502.0,-209.13542559881094,2022,11,November,Sunday
2022-11-21,31091.75,8607.25,18706.25,-3200.875,8607.25,39825.0,13322.0,746.202,206.574,448.95,206.574,-76.821,0.2768338868027692,0.6016467390867352,235.0,0.0,0.0,0.0,6107169.0,0.0,0.0,0.0,19187.0,2022-2023,6107169.0,19187.0,318.2972325011727,2022,11,November,Monday
2022-11-22,31009.895833333332,5310.479166666667,18465.583333333332,-71.08333333333333,5310.479166666667,39732.0,10617.0,744.2375,127.4515,443.174,127.4515,-1.706,0.17125111271603488,0.5954738910630007,236.0,0.0,0.0,0.0,745992.0,0.0,0.0,0.0,2072.0,2022-2023,745992.0,2072.0,360.03474903474904,2022,11,November,Tuesday
2022-11-23,29643.333333333332,12490.166666666666,14116.416666666666,-3094.0416666666665,12490.166666666666,38555.0,16202.0,711.44,299.764,338.794,299.764,-74.257,0.4213482514337119,0.4762088159226357,237.0,0.0,13298.0,30564.0,7605691.0,0.0,400.0,1629.0,-28264.0,2022-2023,7649553.0,-26235.0,-269.0946433625814,2022,11,November,Wednesday
2022-11-24,29303.729166666668,14639.0625,11996.375,-3748.1666666666665,14639.0625,37629.0,16249.0,703.2895,351.3375,287.913,351.3375,-89.956,0.4995631244316885,0.4093804898267357,238.0,0.0,382209.0,330603.0,11921392.0,0.0,7166.0,6745.0,-57204.0,2022-2023,12634204.0,-43293.0,-208.40137053352913,2022,11,November,Thursday
2022-11-25,28615.354166666668,13344.833333333334,12722.083333333334,-3911.7916666666665,13344.833333333334,37205.0,14977.0,686.7685,320.276,305.33,320.276,-93.883,0.46635219873945877,0.44458940676516173,239.0,0.0,0.0,2818.0,12542703.0,0.0,0.0,2523.0,-23883.0,2022-2023,12545521.0,-21360.0,-525.1728426077126,2022,11,November,Friday
2022-11-26,25793.645833333332,13638.395833333334,11796.729166666666,-5064.916666666667,13638.395833333334,32608.0,16448.0,619.0475,327.3215,283.1215,327.3215,-121.558,0.5287502170673495,0.4573502033365776,240.0,0.0,125601.0,38600.0,8974326.0,0.0,1796.0,1707.0,-53348.0,2022-2023,9138527.0,-49845.0,-168.22235135337783,2022,11,November,Saturday
2022-11-27,26481.25,10800.770833333334,13138.666666666666,-2945.5416666666665,10800.770833333334,36176.0,16306.0,635.55,259.2185,315.328,259.2185,-70.693,0.4078648414758871,0.4961497915191566,241.0,0.0,584736.0,151281.0,7654341.0,0.0,11594.0,2898.0,-29869.0,2022-2023,8390358.0,-15377.0,-256.26371823629853,2022,11,November,Sunday
2022-11-28,30896.1875,2322.2083333333335,20739.1875,997.0,2322.2083333333335,39382.0,7356.0,741.5085,55.733,497.7405,55.733,23.928,0.0751616468320997,0.6712539370755696,242.0,0.0,0.0,0.0,140063.0,0.0,0.0,0.0,-4703.0,2022-2023,140063.0,-4703.0,-29.78162874760791,2022,11,November,Monday
2022-11-29,31929.833333333332,864.8958333333334,21829.895833333332,2619.4166666666665,864.8958333333334,40415.0,1752.0,766.316,20.7575,523.9175,20.7575,62.866,0.027087389536431444,0.6836833629990761,243.0,0.0,0.0,0.0,0.0,0.0,0.0,0.0,0.0,2022-2023,0.0,0.0,,2022,11,November,Tuesday
2022-11-30,31965.854166666668,2358.4166666666665,21430.708333333332,1415.875,2358.4166666666665,40268.0,3192.0,767.1805,56.602,514.337,56.602,33.981,0.07377924751737042,0.6704250173199136,244.0,0.0,0.0,0.0,6193881.0,0.0,0.0,0.0,-6303.0,2022-2023,6193881.0,-6303.0,-982.6877677296526,2022,11,November,Wednesday
2022-12-01,32424.291666666668,2278.625,21628.416666666668,1554.4583333333333,2278.625,40778.0,3231.0,778.183,54.687,519.082,54.687,37.307,0.07027524374086815,0.6670436131346997,245.0,0.0,0.0,0.0,933445.0,0.0,0.0,0.0,-840.0,2022-2023,933445.0,-840.0,-1111.2440476190477,2022,12,December,Thursday
2022-12-02,32695.375,6247.0,19014.895833333332,925.875,6247.0,40617.0,9961.0,784.689,149.928,456.3575,149.928,22.221,0.19106677932276356,0.5815775421855028,246.0,0.0,0.0,0.0,1643061.0,0.0,0.0,0.0,-2709.0,2022-2023,1643061.0,-2709.0,-606.5193798449612,2022,12,December,Friday
2022-12-03,29144.125,8631.729166666666,13205.833333333334,1352.4583333333333,8631.729166666666,36618.0,10149.0,699.459,207.1615,316.94,207.1615,32.459,0.29617390011423117,0.4531216268573283,247.0,0.0,30575.0,0.0,5605090.0,0.0,1389.0,0.0,-3007.0,2022-2023,5635665.0,-1618.0,-1864.0139674093782,2022,12,December,Saturday
2022-12-04,28976.458333333332,9640.729166666666,11151.395833333334,1500.75,9640.729166666666,38402.0,11175.0,695.435,231.3775,267.6335,231.3775,36.018,0.3327090238483827,0.3848432995175682,248.0,0.0,0.0,0.0,0.0,0.0,0.0,0.0,0.0,2022-2023,0.0,0.0,,2022,12,December,Sunday
2022-12-05,32758.208333333332,9045.479166666666,18549.958333333332,-1919.375,9045.479166666666,41438.0,9828.0,786.197,217.0915,445.199,217.0915,-46.065,0.27612862933844823,0.5662690140003078,249.0,0.0,0.0,0.0,0.0,0.0,0.0,0.0,0.0,2022-2023,0.0,0.0,,2022,12,December,Monday
2022-12-06,33072.958333333336,7252.583333333333,19737.5625,-1834.75,7252.583333333333,41868.0,9232.0,793.751,174.062,473.7015,174.062,-44.034,0.21929043239000645,0.5967885394790055,250.0,0.0,0.0,0.0,7332639.0,0.0,0.0,0.0,-21647.0,2022-2023,7332639.0,-21647.0,-338.7369612417425,2022,12,December,Tuesday
2022-12-07,34257.125,7796.229166666667,19980.645833333332,-1173.0416666666667,7796.229166666667,42838.0,9026.0,822.171,187.1095,479.5355,187.1095,-28.153,0.22757978571367754,0.5832551865731095,251.0,0.0,0.0,0.0,4446263.0,0.0,0.0,0.0,-19620.0,2022-2023,4446263.0,-19620.0,-226.61890927624873,2022,12,December,Wednesday
2022-12-08,35236.520833333336,6430.6875,21489.916666666668,107.91666666666667,6430.6875,43303.0,8449.0,845.6765,154.3365,515.758,154.3365,2.59,0.18250063706393638,0.6098762351797644,252.0,0.0,0.0,0.0,5115723.0,0.0,0.0,0.0,-13243.0,2022-2023,5115723.0,-13243.0,-386.2963829947897,2022,12,December,Thursday
2022-12-09,35053.770833333336,4741.854166666667,22143.083333333332,671.125,4741.854166666667,42813.0,6803.0,841.2905,113.8045,531.434,113.8045,16.107,0.135273725306538,0.6316890538999311,253.0,0.0,0.0,0.0,2445985.0,0.0,0.0,0.0,-2085.0,2022-2023,2445985.0,-2085.0,-1173.1342925659471,2022,12,December,Friday
2022-12-10,33021.395833333336,3032.8333333333335,21548.479166666668,1996.5,3032.8333333333335,41452.0,3924.0,792.5135,72.788,517.1635,72.788,47.916,0.09184449223893346,0.6525611235644566,254.0,0.0,0.0,0.0,960340.0,0.0,0.0,0.0,-191.0,2022-2023,960340.0,-191.0,-5027.958115183246,2022,12,December,Saturday
2022-12-11,33164.5,1025.8333333333333,22016.854166666668,3389.7083333333335,1025.8333333333333,42329.0,1973.0,795.948,24.62,528.4045,24.62,81.353,0.030931668902993665,0.6638681170126691,255.0,0.0,0.0,0.0,23729.0,0.0,0.0,0.0,105.0,2022-2023,23729.0,105.0,225.9904761904762,2022,12,December,Sunday
2022-12-12,37069.729166666664,1456.1041666666667,24285.5,2726.0,1456.1041666666667,45371.0,2477.0,889.6735,34.9465,582.852,34.9465,65.424,0.03928014041106091,0.65513022473975,256.0,0.0,0.0,0.0,0.0,0.0,0.0,0.0,0.0,2022-2023,0.0,0.0,,2022,12,December,Monday
2022-12-13,37246.833333333336,3002.2083333333335,24082.145833333332,1531.9166666666667,3002.2083333333335,45310.0,3999.0,893.924,72.053,577.9715,72.053,36.766,0.08060304902877649,0.6465555237357986,257.0,0.0,0.0,0.0,873693.0,0.0,0.0,0.0,-269.0,2022-2023,873693.0,-269.0,-3247.9293680297396,2022,12,December,Tuesday
2022-12-14,36496.041666666664,7047.3125,22329.520833333332,-731.7083333333334,7047.3125,44759.0,9394.0,875.905,169.1355,535.9085,169.1355,-17.561,0.19309799578721437,0.6118340459296385,258.0,0.0,0.0,12018.0,10127087.0,0.0,0.0,256.0,-14607.0,2022-2023,10139105.0,-14351.0,-693.3036900116383,2022,12,December,Wednesday
2022-12-15,37488.458333333336,6288.0625,22187.520833333332,725.9583333333334,6288.0625,46042.0,8080.0,899.723,150.9135,532.5005,150.9135,17.423,0.16773329124630582,0.591849380309273,259.0,0.0,0.0,0.0,656898.0,0.0,0.0,0.0,-373.0,2022-2023,656898.0,-373.0,-1761.1206434316355,2022,12,December,Thursday
2022-12-16,36490.020833333336,4940.666666666667,21741.458333333332,1784.2083333333333,4940.666666666667,43683.0,8412.0,875.7605,118.576,521.795,118.576,42.821,0.13539774858537237,0.5958192907764166,260.0,0.0,0.0,0.0,127798.0,0.0,0.0,0.0,600.0,2022-2023,127798.0,600.0,212.99666666666667,2022,12,December,Friday
2022-12-17,33030.854166666664,10357.395833333334,14301.833333333334,1350.4166666666667,10357.395833333334,40749.0,12336.0,792.7405,248.5775,343.244,248.5775,32.41,0.31356730228870605,0.4329840597269851,261.0,0.0,0.0,-37929.0,421115.0,0.0,0.0,68.0,201.0,2022-2023,383186.0,269.0,2095.0995024875624,2022,12,December,Saturday
2022-12-18,31875.625,13499.625,6662.895833333333,4591.875,13499.625,40278.0,16585.0,765.015,323.991,159.9095,323.991,110.205,0.42350934295405973,0.20902792755697602,262.0,0.0,55171.0,-59719.0,3694411.0,0.0,576.0,4092.0,-8685.0,2022-2023,3689863.0,-4017.0,-425.37835348301667,2022,12,December,Sunday
2022-12-19,30777.166666666668,15599.729166666666,5896.041666666667,2027.5833333333333,15599.729166666666,38136.0,16816.0,738.652,374.3935,141.505,374.3935,48.662,0.5068604701537395,0.1915719445692965,263.0,0.0,644842.0,1653344.0,13219300.0,0.0,4069.0,11483.0,-37704.0,2022-2023,15517486.0,-22152.0,-350.6073626140463,2022,12,December,Monday
2022-12-20,30081.895833333332,13028.0,6451.0625,3066.8333333333335,13028.0,38791.0,14906.0,721.9655,312.672,154.8255,312.672,73.604,0.4330844063878399,0.2144499979569661,264.0,0.0,947780.0,383231.0,8485792.0,0.0,16448.0,3132.0,-26894.0,2022-2023,9816803.0,-7314.0,-315.52732951587717,2022,12,December,Tuesday
2022-12-21,30304.520833333332,13745.0,7302.354166666667,1429.6666666666667,13745.0,38750.0,16700.0,727.3085,329.88,175.2565,329.88,34.312,0.45356269038516667,0.24096583499299126,265.0,0.0,0.0,1085.0,5150980.0,0.0,0.0,1852.0,-18345.0,2022-2023,5152065.0,-16493.0,-280.7838648133006,2022,12,December,Wednesday
2022-12-22,31703.0,4719.645833333333,13950.645833333334,4997.0,4719.645833333333,39796.0,9829.0,760.872,113.2715,334.8155,113.2715,119.928,0.14887063789967303,0.4400418204376032,266.0,0.0,0.0,109972.0,0.0,0.0,0.0,2733.0,0.0,2022-2023,109972.0,2733.0,,2022,12,December,Thursday
2022-12-23,29071.0625,7344.395833333333,9936.875,3991.0416666666665,7344.395833333333,35281.0,11796.0,697.7055,176.2655,238.485,176.2655,95.785,0.25263596173457137,0.34181327221872265,267.0,0.0,14291.0,-17618.0,579417.0,0.0,2041.0,449.0,-630.0,2022-2023,576090.0,1860.0,-919.7095238095238,2022,12,December,Friday
2022-12-24,25329.770833333332,12125.395833333334,3971.6458333333335,2929.0,12125.395833333334,31839.0,14173.0,607.9145,291.0095,95.3195,291.0095,70.296,0.4787013634318642,0.15679754307554764,268.0,0.0,0.0,938632.0,4661720.0,0.0,0.0,6832.0,19930.0,2022-2023,5600352.0,26762.0,233.90466633216258,2022,12,December,Saturday
2022-12-25,22996.0625,10953.791666666666,4122.458333333333,1561.4166666666667,10953.791666666666,30805.0,12479.0,551.9055,262.891,98.939,262.891,37.474,0.47633335779404273,0.1792680087442506,269.0,0.0,4373973.0,4534588.0,0.0,0.0,33351.0,25416.0,0.0,2022-2023,8908561.0,58767.0,,2022,12,December,Sunday
2022-12-26,23074.875,13872.666666666666,3084.3333333333335,570.6666666666666,13872.666666666666,30452.0,15376.0,553.797,332.944,74.024,332.944,13.696,0.6012022455881848,0.1336663073292199,270.0,0.0,3634932.0,2927068.0,1074521.0,0.0,28903.0,16530.0,-123.0,2022-2023,7636521.0,45310.0,-8735.943089430893,2022,12,December,Monday
2022-12-27,25995.395833333332,11617.5,3300.1875,3747.5833333333335,11617.5,33360.0,15037.0,623.8895,278.82,79.2045,278.82,89.942,0.44690606269219146,0.1269527696811695,271.0,0.0,913256.0,620665.0,17261.0,0.0,12997.0,9391.0,94.0,2022-2023,1551182.0,22482.0,183.62765957446808,2022,12,December,Tuesday
2022-12-28,26263.9375,12682.3125,3542.3125,2886.8333333333335,12682.3125,33899.0,14921.0,630.3345,304.3755,85.0155,304.3755,69.284,0.4828793283566106,0.13487362662205543,272.0,0.0,750916.0,1669970.0,60944.0,0.0,8221.0,15483.0,-126.0,2022-2023,2481830.0,23578.0,-483.6825396825397,2022,12,December,Wednesday
2022-12-29,25712.333333333332,14356.729166666666,2740.3541666666665,1673.625,14356.729166666666,34616.0,16427.0,617.096,344.5615,65.7685,344.5615,40.167,0.5583596393429872,0.10657742069305262,273.0,0.0,1031634.0,1366611.0,992085.0,0.0,8822.0,18644.0,-1226.0,2022-2023,3390330.0,26240.0,-809.2047308319738,2022,12,December,Thursday
2022-12-30,25649.75,15492.895833333334,2977.2291666666665,1282.375,15492.895833333334,33058.0,16893.0,615.594,371.8295,71.4535,371.8295,30.777,0.6040174205726501,0.1160724438509797,274.0,0.0,2106772.0,1513534.0,3449955.0,0.0,17492.0,12599.0,-13747.0,2022-2023,7070261.0,16344.0,-250.9605732159744,2022,12,December,Friday
2022-12-31,25755.979166666668,8592.125,6115.770833333333,4071.625,8592.125,33346.0,11920.0,618.1435,206.211,146.7785,206.211,97.719,0.33359729577355424,0.2374505272643003,275.0,0.0,2933425.0,600765.0,598570.0,0.0,21846.0,5321.0,-1146.0,2022-2023,4132760.0,26021.0,-522.3123909249564,2022,12,December,Saturday
2023-01-01,24092.979166666668,8995.854166666666,5333.291666666667,3346.4166666666665,8995.854166666666,32586.0,12264.0,578.2315,215.9005,127.999,215.9005,80.314,0.37338073072809075,0.22136289704037224,276.0,0.0,2599011.0,3297802.0,0.0,0.0,14360.0,19550.0,0.0,2022-2023,5896813.0,33910.0,,2023,1,January,Sunday
2023-01-02,26910.145833333332,5420.479166666667,8569.145833333334,5387.208333333333,5420.479166666667,37918.0,6919.0,645.8435,130.0915,205.6595,130.0915,129.293,0.20142882912036741,0.31843550333788295,277.0,0.0,129347.0,2063614.0,312.0,0.0,1048.0,11201.0,-2.0,2022-2023,2193273.0,12247.0,-156.0,2023,1,January,Monday
2023-01-03,29544.229166666668,12797.895833333334,6182.833333333333,3012.9583333333335,12797.895833333334,37997.0,15575.0,709.0615,307.1495,148.388,307.1495,72.311,0.43317751704189267,0.2092738077021528,278.0,0.0,817650.0,1043605.0,2331911.0,0.0,8946.0,12209.0,-4345.0,2022-2023,4193166.0,16810.0,-536.6883774453395,2023,1,January,Tuesday
2023-01-04,27870.270833333332,14694.208333333334,3911.3541666666665,2795.4583333333335,14694.208333333334,36767.0,15917.0,668.8865,352.661,93.8725,352.661,67.091,0.5272359361416324,0.1403414480633112,279.0,0.0,1024083.0,1581998.0,1052306.0,0.0,8153.0,12737.0,-1288.0,2022-2023,3658387.0,19602.0,-817.0077639751553,2023,1,January,Wednesday
2023-01-05,29296.291666666668,12515.645833333334,7543.3125,2234.1666666666665,12515.645833333334,36748.0,16422.0,703.111,300.3755,181.0395,300.3755,53.62,0.4272092173213049,0.2574835267831111,280.0,0.0,885594.0,503199.0,1846026.0,0.0,12451.0,7241.0,-10001.0,2022-2023,3234819.0,9691.0,-184.58414158584142,2023,1,January,Thursday
2023-01-06,28282.104166666668,14264.666666666666,5880.208333333333,2110.5,14264.666666666666,37169.0,16304.0,678.7705,342.352,141.125,342.352,50.652,0.5043707703855721,0.20791268919318093,281.0,0.0,1253047.0,853888.0,3518042.0,0.0,14414.0,7947.0,-23683.0,2022-2023,5624977.0,-1322.0,-148.54714352066884,2023,1,January,Friday
2023-01-07,25203.125,14422.9375,3186.1458333333335,1978.3333333333333,14422.9375,33341.0,16431.0,604.875,346.1505,76.4675,346.1505,47.48,0.5722678239305642,0.12641868154577393,282.0,0.0,2050242.0,2211354.0,3290243.0,0.0,15713.0,14160.0,-15223.0,2022-2023,7551839.0,14650.0,-216.1363069040268,2023,1,January,Saturday
2023-01-08,26562.3125,14746.9375,3880.3958333333335,1775.6666666666667,14746.9375,37133.0,16555.0,637.4955,353.9265,93.1295,353.9265,42.616,0.5551827424664174,0.146086521395053,283.0,0.0,1615060.0,1720412.0,5507626.0,0.0,16452.0,17518.0,-29900.0,2022-2023,8843098.0,4070.0,-184.20153846153846,2023,1,January,Sunday
2023-01-09,30307.75,13735.833333333334,5076.020833333333,4193.791666666667,13735.833333333334,39381.0,15684.0,727.386,329.66,121.8245,329.66,100.651,0.45321191224466795,0.16748260208472532,284.0,0.0,304027.0,537692.0,1455943.0,0.0,5938.0,10161.0,-2887.0,2022-2023,2297662.0,13212.0,-504.3100103914098,2023,1,January,Monday
2023-01-10,31054.4375,15158.354166666666,4574.208333333333,4264.083333333333,15158.354166666666,38341.0,17386.0,745.3065,363.8005,109.781,363.8005,102.338,0.48812200081443,0.14729644783723206,285.0,0.0,526363.0,749488.0,3088774.0,0.0,6467.0,9067.0,-12898.0,2022-2023,4364625.0,2636.0,-239.47697317413554,2023,1,January,Tuesday
2023-01-11,29793.0625,16131.770833333334,3879.9166666666665,2839.4583333333335,16131.770833333334,39047.0,17082.0,715.0335,387.1625,93.118,387.1625,68.147,0.5414606448509056,0.1302288634029035,286.0,0.0,261359.0,587762.0,6127624.0,0.0,3722.0,8952.0,-27939.0,2022-2023,6976745.0,-15265.0,-219.32152188696804,2023,1,January,Wednesday
2023-01-12,29985.729166666668,13677.708333333334,4020.5625,5036.083333333333,13677.708333333334,37596.0,16175.0,719.6575,328.265,96.4935,328.265,120.866,0.45614059465787543,0.13408253231571962,287.0,0.0,74826.0,1633499.0,86384.0,0.0,793.0,12007.0,-437.0,2022-2023,1794709.0,12363.0,-197.67505720823797,2023,1,January,Thursday
2023-01-13,29181.645833333332,13906.583333333334,4836.604166666667,3006.5833333333335,13906.583333333334,37845.0,16085.0,700.3595,333.758,116.0785,333.758,72.158,0.4765523991607167,0.16574130857081257,288.0,0.0,348005.0,707878.0,1140724.0,0.0,6071.0,9287.0,-1963.0,2022-2023,2196607.0,13395.0,-581.1125827814569,2023,1,January,Friday
2023-01-14,26613.520833333332,14191.145833333334,3138.6041666666665,3903.2083333333335,14191.145833333334,34105.0,16327.0,638.7245,340.5875,75.3265,340.5875,93.677,0.5332306808334422,0.1179326924205976,289.0,0.0,482488.0,792510.0,620707.0,0.0,7591.0,14641.0,-1781.0,2022-2023,1895705.0,20451.0,-348.51600224592926,2023,1,January,Saturday
2023-01-15,27675.270833333332,11124.395833333334,7626.416666666667,2266.4583333333335,11124.395833333334,38646.0,16398.0,664.2065,266.9855,183.034,266.9855,54.395,0.4019615887528954,0.2755679144964706,290.0,0.0,1635420.0,1219539.0,1431301.0,0.0,14406.0,12857.0,-3865.0,2022-2023,4286260.0,23398.0,-370.3236739974127,2023,1,January,Sunday
2023-01-16,33570.625,8619.041666666666,13715.270833333334,4508.875,8619.041666666666,43555.0,12059.0,805.695,206.857,329.1665,206.857,108.213,0.25674355680499444,0.4085497613861324,291.0,0.0,0.0,-569.0,2744952.0,0.0,0.0,2080.0,-3484.0,2022-2023,2744383.0,-1404.0,-787.873708381171,2023,1,January,Monday
2023-01-17,35345.208333333336,7617.4375,17237.8125,3696.125,7617.4375,43850.0,12455.0,848.285,182.8185,413.7075,182.8185,88.707,0.21551542229321513,0.4876987097496714,292.0,0.0,0.0,47201.0,4084983.0,0.0,0.0,1264.0,-25222.0,2022-2023,4132184.0,-23958.0,-161.96110538418841,2023,1,January,Tuesday
2023-01-18,34589.041666666664,12630.0625,14437.583333333334,627.625,12630.0625,43167.0,13978.0,830.137,303.1215,346.502,303.1215,15.063,0.36514635536062123,0.4174033924520893,293.0,0.0,0.0,-980.0,4900088.0,0.0,0.0,1279.0,-23161.0,2022-2023,4899108.0,-21882.0,-211.56633996804973,2023,1,January,Wednesday
2023-01-19,34725.416666666664,9382.354166666666,18380.041666666668,-180.25,9382.354166666666,42988.0,11339.0,833.41,225.1765,441.121,225.1765,-4.326,0.2701869428012623,0.5292965047215656,294.0,0.0,0.0,0.0,4677780.0,0.0,0.0,0.0,-27104.0,2022-2023,4677780.0,-27104.0,-172.58633412042502,2023,1,January,Thursday
2023-01-20,34113.041666666664,8103.458333333333,17974.145833333332,941.0,8103.458333333333,42599.0,11141.0,818.713,194.483,431.3795,194.483,22.584,0.2375472235081158,0.5268995362233164,295.0,0.0,0.0,0.0,443105.0,0.0,0.0,0.0,-3017.0,2022-2023,443105.0,-3017.0,-146.86940669539277,2023,1,January,Friday
2023-01-21,31339.916666666668,6371.458333333333,13280.0,5196.25,6371.458333333333,39917.0,6830.0,752.158,152.915,318.72,152.915,124.71,0.20330169990879574,0.42374075659635346,296.0,0.0,0.0,0.0,2613611.0,0.0,0.0,0.0,-9505.0,2022-2023,2613611.0,-9505.0,-274.9722251446607,2023,1,January,Saturday
2023-01-22,31235.916666666668,5542.229166666667,13420.520833333334,5068.375,5542.229166666667,41034.0,6904.0,749.662,133.0135,322.0925,133.0135,121.641,0.17743129570393054,0.42965029573327707,297.0,0.0,0.0,0.0,1975127.0,0.0,0.0,0.0,-7967.0,2022-2023,1975127.0,-7967.0,-247.9135182628342,2023,1,January,Sunday
2023-01-23,34940.75,4457.0625,20433.0625,2494.9583333333335,4457.0625,43998.0,5153.0,838.578,106.9695,490.3935,106.9695,59.879,0.12756058470410625,0.5847917546131666,298.0,0.0,0.0,0.0,3096337.0,0.0,0.0,0.0,-17836.0,2022-2023,3096337.0,-17836.0,-173.60041489123122,2023,1,January,Monday
2023-01-24,35052.354166666664,4763.729166666667,20824.291666666668,1792.625,4763.729166666667,43156.0,6475.0,841.2565,114.3295,499.783,114.3295,43.023,0.13590325899413555,0.5940911006333979,299.0,0.0,0.0,0.0,3084384.0,0.0,0.0,0.0,-21939.0,2022-2023,3084384.0,-21939.0,-140.58908792561192,2023,1,January,Tuesday
2023-01-25,34692.1875,8859.791666666666,19562.291666666668,-997.375,8859.791666666666,42047.0,11580.0,832.6125,212.635,469.495,212.635,-23.937,0.255382906213875,0.5638817577204283,300.0,0.0,0.0,2275.0,14565121.0,0.0,0.0,384.0,21852.0,2022-2023,14567396.0,22236.0,666.5349167124291,2023,1,January,Wednesday
2023-01-26,34046.833333333336,8226.333333333334,17577.541666666668,957.125,8226.333333333334,42653.0,10933.0,817.124,197.432,421.861,197.432,22.971,0.24161816321635393,0.5162753755855904,301.0,0.0,0.0,74367.0,902011.0,0.0,0.0,2848.0,-9811.0,2022-2023,976378.0,-6963.0,-91.93874222811131,2023,1,January,Thursday
2023-01-27,34028.854166666664,4654.958333333333,19167.3125,3512.4166666666665,4654.958333333333,42016.0,7132.0,816.6925,111.719,460.0155,111.719,84.298,0.13679444833887908,0.5632664681015193,302.0,0.0,0.0,66387.0,1267116.0,0.0,0.0,2559.0,-4652.0,2022-2023,1333503.0,-2093.0,-272.3809114359415,2023,1,January,Friday
2023-01-28,31222.166666666668,2772.9791666666665,18316.541666666668,3127.375,2772.9791666666665,39955.0,6605.0,749.332,66.5515,439.597,66.5515,75.057,0.08881443739223736,0.5866518445762359,303.0,0.0,0.0,12139.0,824025.0,0.0,0.0,378.0,-1516.0,2022-2023,836164.0,-1138.0,-543.552110817942,2023,1,January,Saturday
2023-01-29,27643.166666666668,12722.25,5507.4375,3615.8333333333335,12722.25,36514.0,15791.0,663.436,305.334,132.1785,305.334,86.78,0.4602312807866923,0.19923323425319098,304.0,0.0,409250.0,765667.0,7530346.0,0.0,5397.0,9428.0,-47632.0,2022-2023,8705263.0,-32807.0,-158.09426436009406,2023,1,January,Sunday
2023-01-30,30469.125,12296.8125,11339.416666666666,197.25,12296.8125,41081.0,15440.0,731.259,295.1235,272.146,295.1235,4.734,0.4035827251356906,0.3721608896437514,305.0,0.0,1537087.0,752803.0,4480117.0,0.0,15049.0,7303.0,-27940.0,2022-2023,6770007.0,-5588.0,-160.34778095919827,2023,1,January,Monday
2023-01-31,29770.520833333332,15566.020833333334,8203.5,-440.6666666666667,15566.020833333334,39397.0,17075.0,714.4925,373.5845,196.884,373.5845,-10.576,0.5228669300237582,0.2755578260093703,306.0,0.0,587958.0,40051.0,10700911.0,0.0,8232.0,2898.0,-33100.0,2022-2023,11328920.0,-21970.0,-323.29036253776434,2023,1,January,Tuesday
2023-02-01,30011.145833333332,15164.770833333334,5615.354166666667,2288.4583333333335,15164.770833333334,39061.0,16156.0,720.2675,363.9545,134.7685,363.9545,54.923,0.5053046264061616,0.18710895604757952,307.0,0.0,567444.0,101389.0,5445039.0,0.0,14706.0,3552.0,-31576.0,2022-2023,6113872.0,-13318.0,-172.44232961743097,2023,2,February,Wednesday
2023-02-02,29677.208333333332,15362.458333333334,6894.333333333333,589.9583333333334,15362.458333333334,37885.0,16512.0,712.253,368.699,165.464,368.699,14.159,0.5176517333026326,0.23231070981800006,308.0,0.0,494376.0,248660.0,5209930.0,0.0,13836.0,4301.0,-30680.0,2022-2023,5952966.0,-12543.0,-169.8151890482399,2023,2,February,Thursday
2023-02-03,29407.916666666668,11535.1875,7404.979166666667,3244.0,11535.1875,37983.0,15571.0,705.79,276.8445,177.7195,276.8445,77.856,0.3922476940733079,0.2518022357925162,309.0,0.0,1179041.0,149792.0,2523872.0,0.0,13261.0,2719.0,-16010.0,2022-2023,3852705.0,-30.0,-157.64347282948157,2023,2,February,Friday
2023-02-04,27773.166666666668,7794.104166666667,7853.854166666667,5620.625,7794.104166666667,35103.0,10466.0,666.556,187.0585,188.4925,187.0585,134.895,0.28063433529965975,0.28278569242494256,310.0,0.0,220544.0,555272.0,3461872.0,0.0,4002.0,8431.0,-14010.0,2022-2023,4237688.0,-1577.0,-247.10007137758743,2023,2,February,Saturday
2023-02-05,27942.395833333332,7342.145833333333,8152.708333333333,5780.125,7342.145833333333,39524.0,10359.0,670.6175,176.2115,195.665,176.2115,138.723,0.2627600681461489,0.2917684074752001,311.0,0.0,189996.0,483318.0,2456135.0,0.0,3867.0,8361.0,-4628.0,2022-2023,3129449.0,7600.0,-530.711970613656,2023,2,February,Sunday
2023-02-06,31763.0625,5720.75,16003.3125,3479.7083333333335,5720.75,40571.0,7755.0,762.3135,137.298,384.0795,137.298,83.513,0.18010700322111572,0.5038340525256342,312.0,0.0,0.0,0.0,4982572.0,0.0,0.0,0.0,-19927.0,2022-2023,4982572.0,-19927.0,-250.04125056456064,2023,2,February,Monday
2023-02-07,32705.770833333332,3065.7916666666665,19191.645833333332,3431.9583333333335,3065.7916666666665,40724.0,5301.0,784.9385,73.579,460.5995,73.579,82.367,0.09373855403958399,0.5867969274025927,313.0,0.0,0.0,0.0,2184062.0,0.0,0.0,0.0,-8834.0,2022-2023,2184062.0,-8834.0,-247.23364274394385,2023,2,February,Tuesday
2023-02-08,31683.145833333332,10212.645833333334,14334.625,1071.7083333333333,10212.645833333334,39738.0,13982.0,760.3955,245.1035,344.031,245.1035,25.721,0.3223368628562373,0.45243692262776414,314.0,0.0,0.0,-501.0,7868499.0,0.0,0.0,230.0,-21933.0,2022-2023,7867998.0,-21703.0,-358.7516071672822,2023,2,February,Wednesday
2023-02-09,31422.479166666668,9423.833333333334,13683.770833333334,1788.3333333333333,9423.833333333334,39817.0,11752.0,754.1395,226.172,328.4105,226.172,42.92,0.2999073778790264,0.43547712326432975,315.0,0.0,0.0,-535.0,4348678.0,0.0,0.0,1495.0,-25616.0,2022-2023,4348143.0,-24121.0,-169.7641317926296,2023,2,February,Thursday
2023-02-10,30947.979166666668,12346.291666666666,11187.25,1330.9166666666667,12346.291666666666,38408.0,15014.0,742.7515,296.311,268.494,296.311,31.942,0.3989369257416511,0.3614856381979707,316.0,0.0,42874.0,27759.0,6076877.0,0.0,2054.0,2324.0,-32992.0,2022-2023,6147510.0,-28614.0,-184.1924405916586,2023,2,February,Friday
2023-02-11,28047.770833333332,7200.9375,10898.291666666666,4391.291666666667,7200.9375,35441.0,13247.0,673.1465,172.8225,261.559,172.8225,105.391,0.2567383177361837,0.3885617766712002,317.0,0.0,465559.0,461117.0,1288268.0,0.0,6679.0,6685.0,-8954.0,2022-2023,2214944.0,4410.0,-143.87625642171096,2023,2,February,Saturday
2023-02-12,28029.770833333332,3202.3333333333335,13226.5,5918.208333333333,3202.3333333333335,36715.0,4285.0,672.7145,76.856,317.436,76.856,142.037,0.114247574565436,0.47187328354004554,318.0,0.0,0.0,0.0,402135.0,0.0,0.0,0.0,-6420.0,2022-2023,402135.0,-6420.0,-62.63785046728972,2023,2,February,Sunday
2023-02-13,30326.625,3626.7916666666665,17346.895833333332,3451.375,3626.7916666666665,39014.0,4653.0,727.839,87.043,416.3255,87.043,82.833,0.11959100845104481,0.5720021872969159,319.0,0.0,0.0,0.0,62351.0,0.0,0.0,0.0,-1836.0,2022-2023,62351.0,-1836.0,-33.960239651416124,2023,2,February,Monday
2023-02-14,30923.958333333332,5347.625,15837.354166666666,3927.0,5347.625,39277.0,8442.0,742.175,128.343,380.0965,128.343,94.248,0.172928217738404,0.512138646545626,320.0,0.0,0.0,0.0,133881.0,0.0,0.0,0.0,-1399.0,2022-2023,133881.0,-1399.0,-95.6976411722659,2023,2,February,Tuesday
2023-02-15,29901.895833333332,10339.541666666666,11148.541666666666,3652.625,10339.541666666666,38546.0,12815.0,717.6455,248.149,267.565,248.149,87.663,0.34578214452678935,0.3728372852613164,321.0,0.0,0.0,0.0,3597273.0,0.0,0.0,230.0,-14871.0,2022-2023,3597273.0,-14641.0,-241.8985273350817,2023,2,February,Wednesday
2023-02-16,30276.604166666668,9330.3125,11007.6875,5298.291666666667,9330.3125,37940.0,15411.0,726.6385,223.9275,264.1845,223.9275,127.159,0.30816905517668003,0.36357074391186267,322.0,0.0,529958.0,75216.0,1030971.0,0.0,7161.0,2342.0,-4417.0,2022-2023,1636145.0,5086.0,-233.40978039393252,2023,2,February,Thursday
2023-02-17,27291.104166666668,12879.479166666666,6442.5,3932.625,12879.479166666666,35845.0,16201.0,654.9865,309.1075,154.62,309.1075,94.383,0.4719295741209934,0.23606593418337632,323.0,0.0,1499803.0,444978.0,7647281.0,0.0,22745.0,8017.0,-46272.0,2022-2023,9592062.0,-15510.0,-165.26800224757952,2023,2,February,Friday
2023-02-18,25207.854166666668,11147.708333333334,4923.041666666667,5308.625,11147.708333333334,33193.0,13208.0,604.9885,267.545,118.153,267.545,127.407,0.44223154655005836,0.19529792715068137,324.0,0.0,1319207.0,905814.0,2669137.0,0.0,22854.0,10097.0,-12713.0,2022-2023,4894158.0,20238.0,-209.95335483363488,2023,2,February,Saturday
2023-02-19,24133.875,9849.375,5765.979166666667,4758.875,9849.375,33194.0,14052.0,579.213,236.385,138.3835,236.385,114.213,0.4081141134608512,0.238916426254245,325.0,0.0,1794068.0,776199.0,7444615.0,0.0,24868.0,9176.0,-47092.0,2022-2023,10014882.0,-13048.0,-158.0866176845324,2023,2,February,Sunday
2023-02-20,27531.354166666668,13705.666666666666,7922.375,1745.75,13705.666666666666,37165.0,15726.0,660.7525,328.936,190.137,328.936,41.898,0.4978202882319779,0.2877582756024381,326.0,0.0,620672.0,237960.0,10903497.0,0.0,16356.0,8793.0,-56811.0,2022-2023,11762129.0,-31662.0,-191.925806621957,2023,2,February,Monday
2023-02-21,30029.1875,6337.0,14495.979166666666,4597.458333333333,6337.0,37928.0,8572.0,720.7005,152.088,347.9035,152.088,110.339,0.21102802065490447,0.4827296498337381,327.0,0.0,0.0,29319.0,4286489.0,0.0,0.0,2647.0,-15748.0,2022-2023,4315808.0,-13101.0,-272.1925958851918,2023,2,February,Tuesday
2023-02-22,30265.729166666668,5703.354166666667,16764.3125,3093.2916666666665,5703.354166666667,38951.0,7793.0,726.3775,136.8805,402.3435,136.8805,74.239,0.18844264862278912,0.5539041338697853,328.0,0.0,0.0,20139.0,1783531.0,0.0,0.0,3068.0,-9216.0,2022-2023,1803670.0,-6148.0,-193.52549913194446,2023,2,February,Wednesday
2023-02-23,30351.895833333332,8624.791666666666,13943.583333333334,2927.7916666666665,8624.791666666666,39576.0,11021.0,728.4455,206.995,334.646,206.995,70.267,0.2841598994022202,0.4593974429109659,329.0,0.0,0.0,103357.0,2664205.0,0.0,0.0,5476.0,-12669.0,2022-2023,2767562.0,-7193.0,-210.2932354566264,2023,2,February,Thursday
2023-02-24,30054.666666666668,11726.875,9754.479166666666,3862.7916666666665,11726.875,37173.0,12585.0,721.312,281.445,234.1075,281.445,92.707,0.3901848298655783,0.32455788895789894,330.0,0.0,129649.0,626230.0,2067807.0,0.0,2160.0,9209.0,-11044.0,2022-2023,2823686.0,325.0,-187.23352046360014,2023,2,February,Friday
2023-02-25,27796.208333333332,9935.395833333334,7795.666666666667,5063.25,9935.395833333334,35676.0,11355.0,667.109,238.4495,187.096,238.4495,121.518,0.3574370904904596,0.28045791617261945,331.0,0.0,0.0,491495.0,194615.0,0.0,0.0,6520.0,3040.0,2022-2023,686110.0,9560.0,64.01809210526316,2023,2,February,Saturday
2023-02-26,27604.770833333332,5034.5,11317.5625,6339.958333333333,5034.5,37411.0,7630.0,662.5145,120.828,271.6215,120.828,152.159,0.18237789512531424,0.40998574370825097,332.0,0.0,0.0,898712.0,213562.0,0.0,0.0,7472.0,-6560.0,2022-2023,1112274.0,912.0,-32.55518292682927,2023,2,February,Sunday
2023-02-27,32039.3125,3612.9583333333335,19342.583333333332,3821.1666666666665,3612.9583333333335,40234.0,5477.0,768.9435,86.711,464.222,86.711,91.708,0.11276641261679174,0.6037140570145921,333.0,0.0,0.0,74098.0,0.0,0.0,0.0,910.0,0.0,2022-2023,74098.0,910.0,,2023,2,February,Monday
2023-02-28,32221.375,4734.833333333333,21751.8125,-243.33333333333334,4734.833333333333,39922.0,6892.0,773.313,113.636,522.0435,113.636,-5.84,0.1469469671400843,0.6750739997905117,334.0,0.0,0.0,770.0,461292.0,0.0,0.0,149.0,-3216.0,2022-2023,462062.0,-3067.0,-143.4365671641791,2023,2,February,Tuesday
2023-03-01,31869.8125,5829.979166666667,19998.9375,336.3333333333333,5829.979166666667,40366.0,6944.0,764.8755,139.9195,479.9745,139.9195,8.072,0.18293107832581904,0.6275197728257735,335.0,0.0,0.0,11098.0,1621997.0,0.0,0.0,1362.0,-13036.0,2022-2023,1633095.0,-11674.0,-124.4244400122737,2023,3,March,Wednesday
2023-03-02,31713.916666666668,4100.875,21205.041666666668,504.2916666666667,4100.875,40044.0,4584.0,761.134,98.421,508.921,98.421,12.103,0.12930837408393267,0.6686352206050445,336.0,0.0,0.0,58839.0,0.0,0.0,0.0,910.0,0.0,2022-2023,58839.0,910.0,,2023,3,March,Thursday
2023-03-03,32461.458333333332,3763.5416666666665,20414.041666666668,2255.8333333333335,3763.5416666666665,39505.0,5013.0,779.075,90.325,489.937,90.325,54.14,0.11593877354555081,0.6288701344543208,337.0,0.0,0.0,-1550.0,-141345.0,0.0,0.0,153.0,-1355.0,2022-2023,-142895.0,-1202.0,104.31365313653137,2023,3,March,Friday
2023-03-04,29608.3125,3469.7291666666665,17639.020833333332,2639.0416666666665,3469.7291666666665,36682.0,5042.0,710.5995,83.2735,423.3365,83.2735,63.337,0.11718767041068844,0.5957455641328202,338.0,0.0,0.0,42079.0,0.0,0.0,0.0,1459.0,0.0,2022-2023,42079.0,1459.0,,2023,3,March,Saturday
2023-03-05,29338.354166666668,1904.6666666666667,17230.5,3844.625,1904.6666666666667,37246.0,3010.0,704.1205,45.712,413.532,45.712,92.271,0.06492070604392289,0.5873028835263282,339.0,0.0,0.0,65777.0,0.0,0.0,0.0,2210.0,0.0,2022-2023,65777.0,2210.0,,2023,3,March,Sunday
2023-03-06,32099.291666666668,7800.479166666667,19187.041666666668,-662.875,7800.479166666667,40774.0,11271.0,770.383,187.2115,460.489,187.2115,-15.909,0.24301094390712152,0.5977403447376175,340.0,0.0,0.0,-1298.0,1869947.0,0.0,0.0,219.0,-9700.0,2022-2023,1868649.0,-9481.0,-192.7780412371134,2023,3,March,Monday
2023-03-07,32413.375,4188.291666666667,20937.645833333332,1317.875,4188.291666666667,40809.0,7226.0,777.921,100.519,502.5035,100.519,31.629,0.12921492028110823,0.6459569802075017,341.0,0.0,-25359.0,4346.0,0.0,0.0,4652.0,185.0,0.0,2022-2023,-21013.0,4837.0,,2023,3,March,Tuesday
2023-03-08,34371.0625,4882.875,18984.229166666668,4703.791666666667,4882.875,42301.0,6773.0,824.9055,117.189,455.6215,117.189,112.891,0.14206354546066186,0.5523317519400708,342.0,0.0,0.0,37154.0,0.0,0.0,0.0,1778.0,0.0,2022-2023,37154.0,1778.0,,2023,3,March,Wednesday
2023-03-09,33917.291666666664,8071.979166666667,14577.583333333334,5381.625,8071.979166666667,40756.0,13081.0,814.015,193.7275,349.862,193.7275,129.159,0.23799008617777312,0.4297979766957612,343.0,0.0,0.0,475609.0,0.0,0.0,0.0,7522.0,0.0,2022-2023,475609.0,7522.0,,2023,3,March,Thursday
2023-03-10,32152.291666666668,8823.541666666666,12382.9375,5237.291666666667,8823.541666666666,40200.0,11946.0,771.655,211.765,297.1905,211.765,125.695,0.27442963500528084,0.38513390051253477,344.0,0.0,0.0,261733.0,8894.0,0.0,0.0,8990.0,-353.0,2022-2023,270627.0,8637.0,-25.195467422096318,2023,3,March,Friday
2023-03-11,29316.0625,4820.458333333333,12737.708333333334,6659.583333333333,4820.458333333333,36242.0,12742.0,703.5855,115.691,305.705,115.691,159.83,0.16443062001704128,0.43449587861034655,345.0,0.0,0.0,168395.0,448312.0,0.0,0.0,3477.0,-1207.0,2022-2023,616707.0,2270.0,-371.42667771333885,2023,3,March,Saturday
2023-03-12,25748.208333333332,13145.979166666666,3897.2291666666665,3860.5,13145.979166666666,34007.0,14618.0,617.957,315.5035,93.5335,315.5035,92.652,0.5105589871139901,0.1513592369695626,346.0,0.0,1189775.0,2113586.0,-3552.0,0.0,16203.0,21934.0,-79.0,2022-2023,3299809.0,38058.0,44.962025316455694,2023,3,March,Sunday
2023-03-13,27467.5,14380.0625,3865.9583333333335,3858.0416666666665,14380.0625,35872.0,15869.0,659.22,345.1215,92.783,345.1215,92.593,0.5235300810048239,0.14074663996844755,347.0,0.0,498683.0,1986695.0,4099176.0,0.0,6234.0,25156.0,-18076.0,2022-2023,6584554.0,13314.0,-226.7745076344324,2023,3,March,Monday
2023-03-14,29681.895833333332,9460.9375,9442.625,4787.333333333333,9460.9375,39486.0,11391.0,712.3655,227.0625,226.623,227.0625,114.896,0.3187443805181469,0.3181274219484239,348.0,0.0,517986.0,1876663.0,179794.0,0.0,5503.0,21597.0,-44.0,2022-2023,2574443.0,27056.0,-4086.2272727272725,2023,3,March,Tuesday
2023-03-15,32008.270833333332,6137.5625,15411.916666666666,4685.375,6137.5625,39289.0,14285.0,768.1985,147.3015,369.886,147.3015,112.449,0.1917492679300988,0.4814979461688614,349.0,0.0,-18821.0,84152.0,489699.0,0.0,514.0,5640.0,-1393.0,2022-2023,555030.0,4761.0,-351.5427135678392,2023,3,March,Wednesday
2023-03-16,29298.854166666668,12732.645833333334,6722.5625,4598.083333333333,12732.645833333334,36064.0,14319.0,703.1725,305.5835,161.3415,305.5835,110.354,0.43457828626688333,0.22944796618184016,350.0,0.0,84522.0,686513.0,12321.0,0.0,3203.0,12259.0,-99.0,2022-2023,783356.0,15363.0,-124.45454545454545,2023,3,March,Thursday
2023-03-17,28449.770833333332,5358.854166666667,11783.625,5918.583333333333,5358.854166666667,34922.0,10510.0,682.7945,128.6125,282.807,128.6125,142.046,0.18836194491900568,0.41419050680695296,351.0,0.0,0.0,455403.0,114416.0,0.0,0.0,11406.0,3026.0,2022-2023,569819.0,14432.0,37.810971579643095,2023,3,March,Friday
2023-03-18,25754.708333333332,5283.4375,9906.770833333334,5645.125,5283.4375,31690.0,7558.0,618.113,126.8025,237.7625,126.8025,135.483,0.20514452858943266,0.38465863037988196,352.0,0.0,0.0,571366.0,36638.0,0.0,0.0,10023.0,-157.0,2022-2023,608004.0,9866.0,-233.36305732484075,2023,3,March,Saturday
2023-03-19,24843.9375,4474.0,9851.270833333334,5355.541666666667,4474.0,33430.0,8888.0,596.2545,107.376,236.4305,107.376,128.533,0.18008417546534242,0.3965261478110438,353.0,0.0,0.0,396698.0,101493.0,0.0,0.0,17827.0,-324.0,2022-2023,498191.0,17503.0,-313.25,2023,3,March,Sunday
2023-03-20,29349.833333333332,6671.875,13365.375,3632.9583333333335,6671.875,36604.0,10589.0,704.396,160.125,320.769,160.125,87.191,0.22732241523234092,0.45538163192295245,354.0,0.0,432045.0,401388.0,106884.0,0.0,5398.0,5395.0,-217.0,2022-2023,940317.0,10576.0,-492.55299539170505,2023,3,March,Monday
2023-03-21,27090.583333333332,12679.270833333334,6924.3125,2601.0416666666665,12679.270833333334,34715.0,14650.0,650.174,304.3025,166.1835,304.3025,62.425,0.4680324036334889,0.25559850132426093,355.0,0.0,68000.0,186714.0,2969046.0,0.0,1804.0,7539.0,-15173.0,2022-2023,3223760.0,-5830.0,-195.67956238054438,2023,3,March,Tuesday
2023-03-22,25423.0,14015.520833333334,4575.854166666667,2822.125,14015.520833333334,34202.0,14693.0,610.152,336.3725,109.8205,336.3725,67.731,0.5512929565091976,0.17998875689992,356.0,0.0,981038.0,1030985.0,12612117.0,0.0,13778.0,17822.0,-77990.0,2022-2023,14624140.0,-46390.0,-161.71454032568278,2023,3,March,Wednesday
2023-03-23,26317.708333333332,12583.791666666666,4427.0625,3424.375,12583.791666666666,34985.0,13942.0,631.625,302.011,106.2495,302.011,82.185,0.4781492182861667,0.16821610924203442,357.0,0.0,514666.0,3659656.0,937566.0,0.0,3683.0,24967.0,-4068.0,2022-2023,5111888.0,24582.0,-230.47345132743362,2023,3,March,Thursday
2023-03-24,25386.8125,12648.1875,2760.75,4769.291666666667,12648.1875,33005.0,13624.0,609.2835,303.5565,66.258,303.5565,114.463,0.4982188094704682,0.10874740576431167,358.0,0.0,649563.0,4356535.0,80108.0,0.0,6603.0,26832.0,-229.0,2022-2023,5086206.0,33206.0,-349.8165938864629,2023,3,March,Friday
2023-03-25,24042.458333333332,9037.145833333334,5541.770833333333,3972.875,9037.145833333334,32141.0,13502.0,577.019,216.8915,133.0025,216.8915,95.349,0.3758827698914594,0.230499342309352,359.0,0.0,425861.0,4244157.0,148943.0,0.0,4306.0,29875.0,-240.0,2022-2023,4818961.0,33941.0,-620.5958333333333,2023,3,March,Saturday
2023-03-26,25974.043478260868,6773.608695652174,7310.195652173913,5492.391304347826,6773.608695652174,33149.0,8586.0,597.403,155.793,168.1345,155.793,126.325,0.26078375903703194,0.28144234294102977,360.0,0.0,223639.0,1288947.0,1489924.0,0.0,2908.0,13317.0,-4548.0,2022-2023,3002510.0,11677.0,-327.5998240985048,2023,3,March,Sunday
2023-03-27,28601.145833333332,4273.875,13223.395833333334,4853.625,4273.875,35205.0,7062.0,686.4275,102.573,317.3615,102.573,116.487,0.14943020202424873,0.4623379745129675,361.0,0.0,0.0,532950.0,732855.0,0.0,0.0,12010.0,-5309.0,2022-2023,1265805.0,6701.0,-138.04012055000942,2023,3,March,Monday
2023-03-28,30034.145833333332,9795.0625,10347.145833333334,3887.7083333333335,9795.0625,36146.0,12314.0,720.8195,235.0815,248.3315,235.0815,93.305,0.3261308829741704,0.3445127386259667,362.0,0.0,0.0,668354.0,623805.0,0.0,0.0,11272.0,-389.0,2022-2023,1292159.0,10883.0,-1603.6118251928021,2023,3,March,Tuesday
2023-03-29,29069.645833333332,10753.125,8974.3125,4008.75,10753.125,34139.0,14825.0,697.6715,258.075,215.3835,258.075,96.21,0.36990904745284847,0.30871764146880015,363.0,0.0,66401.0,633371.0,4410084.0,0.0,1207.0,10441.0,-22712.0,2022-2023,5109856.0,-11064.0,-194.17418104966538,2023,3,March,Wednesday
2023-03-30,26566.791666666668,9777.4375,7011.166666666667,4662.791666666667,9777.4375,32914.0,11195.0,637.603,234.6585,168.268,234.6585,111.907,0.36803230223195316,0.26390716480317694,364.0,0.0,386970.0,2530471.0,-232717.0,0.0,4121.0,20395.0,-21008.0,2022-2023,2684724.0,3508.0,11.077541888804266,2023,3,March,Thursday
2023-03-31,27523.9375,8395.125,8707.395833333334,4586.208333333333,8395.125,32306.0,10010.0,660.5745,201.483,208.9775,201.483,110.069,0.30501177384231454,0.31635720119380933,365.0,0.0,132993.0,2060013.0,112017.0,0.0,1203.0,14386.0,-2700.0,2022-2023,2305023.0,12889.0,-41.48777777777778,2023,3,March,Friday
2023-04-01,25681.6875,7611.0625,7193.145833333333,5546.291666666667,7611.0625,30864.0,9186.0,616.3605,182.6655,172.6355,182.6655,133.111,0.29636146378620953,0.280088519624473,1.0,0.0,0.0,1866622.0,0.0,0.0,0.0,14497.0,0.0,2023-2024,1866622.0,14497.0,,2023,4,April,Saturday
2023-04-02,24602.4375,4337.958333333333,9160.416666666666,5288.083333333333,4337.958333333333,30726.0,6316.0,590.4585,104.111,219.85,104.111,126.914,0.17632229868822283,0.37233776802264684,2.0,0.0,0.0,742832.0,0.0,0.0,0.0,9121.0,0.0,2023-2024,742832.0,9121.0,,2023,4,April,Sunday
2023-04-03,26789.4375,6283.333333333333,10845.895833333334,4108.25,6283.333333333333,33358.0,7996.0,642.9465,150.8,260.3015,150.8,98.598,0.23454517599831404,0.404857169297912,3.0,0.0,0.0,304446.0,606083.0,0.0,0.0,5444.0,-4884.0,2023-2024,910529.0,560.0,-124.09561834561835,2023,4,April,Monday
2023-04-04,26606.75,5159.395833333333,13015.145833333334,2666.9583333333335,5159.395833333333,33174.0,7022.0,638.562,123.8255,312.3635,123.8255,64.007,0.19391304211650554,0.4891670660014219,4.0,0.0,0.0,67058.0,6069825.0,0.0,0.0,1275.0,-37604.0,2023-2024,6136883.0,-36329.0,-161.41434421870014,2023,4,April,Tuesday
2023-04-05,28791.895833333332,5158.3125,15701.229166666666,1523.9583333333333,5158.3125,35089.0,6621.0,691.0055,123.7995,376.8295,123.7995,36.575,0.17915848716110075,0.5453350226590092,5.0,0.0,0.0,0.0,9683044.0,0.0,0.0,0.0,-40979.0,2023-2024,9683044.0,-40979.0,-236.2928329144196,2023,4,April,Wednesday
2023-04-06,26328.1875,6973.208333333333,12091.583333333334,1234.375,6973.208333333333,31450.0,9359.0,631.8765,167.357,290.198,167.357,29.625,0.26485713584854004,0.4592637960107711,6.0,0.0,0.0,20281.0,3326110.0,0.0,0.0,130.0,-15599.0,2023-2024,3346391.0,-15469.0,-213.2258478107571,2023,4,April,Thursday
2023-04-07,23371.916666666668,3189.2708333333335,11593.6875,2500.75,3189.2708333333335,29524.0,6301.0,560.926,76.5425,278.2485,76.5425,60.018,0.1364573936669008,0.4960520639086082,7.0,0.0,0.0,72411.0,0.0,0.0,0.0,1030.0,0.0,2023-2024,72411.0,1030.0,,2023,4,April,Friday
2023-04-08,22335.833333333332,3060.875,10757.666666666666,2535.3333333333335,3060.875,27961.0,3741.0,536.06,73.461,258.184,73.461,60.848,0.13703876431742718,0.4816326530612246,8.0,0.0,0.0,158353.0,6493.0,0.0,0.0,2040.0,-69.0,2023-2024,164846.0,1971.0,-94.10144927536231,2023,4,April,Saturday
2023-04-09,21419.0,6793.583333333333,6635.208333333333,2219.625,6793.583333333333,26894.0,10681.0,514.056,163.046,159.245,163.046,53.271,0.31717556063930774,0.30978142459187324,9.0,0.0,636073.0,515699.0,13669817.0,0.0,17766.0,15225.0,-80545.0,2023-2024,14821589.0,-47554.0,-169.7165187162456,2023,4,April,Sunday
2023-04-10,21685.041666666668,11518.229166666666,3182.3958333333335,1455.0416666666667,11518.229166666666,27673.0,12696.0,520.441,276.4375,76.3775,276.4375,34.921,0.5311601122893853,0.14675534786844233,10.0,0.0,995654.0,1360098.0,11416522.0,0.0,15535.0,23863.0,-59696.0,2023-2024,13772274.0,-20298.0,-191.24433797909407,2023,4,April,Monday
2023-04-11,25173.666666666668,11596.791666666666,7133.958333333333,172.08333333333334,11596.791666666666,32323.0,13095.0,604.168,278.323,171.215,278.323,4.13,0.46067153506971564,0.28338971941579166,11.0,0.0,580380.0,564103.0,14757869.0,0.0,8563.0,12166.0,-67249.0,2023-2024,15902352.0,-46520.0,-219.45112938482356,2023,4,April,Tuesday
2023-04-12,26214.770833333332,11527.479166666666,6824.770833333333,1539.3333333333333,11527.479166666666,33676.0,12723.0,629.1545,276.6595,163.7945,276.6595,36.944,0.43973221204012686,0.26034066354130825,12.0,0.0,716.0,510088.0,16839983.0,0.0,70.0,10828.0,-83530.0,2023-2024,17350787.0,-72632.0,-201.60401053513706,2023,4,April,Wednesday
2023-04-13,25794.75,9932.8125,7862.625,1348.2916666666667,9932.8125,32629.0,11854.0,619.074,238.3875,188.703,238.3875,32.359,0.38507109004739337,0.3048149332713052,13.0,0.0,0.0,209830.0,3391506.0,0.0,0.0,5306.0,-11733.0,2023-2024,3601336.0,-6427.0,-289.057018665303,2023,4,April,Thursday
2023-04-14,28567.4375,3044.0416666666665,17342.1875,1356.5833333333333,3044.0416666666665,33761.0,4702.0,685.6185,73.057,416.2125,73.057,32.558,0.10655634292248531,0.6070613613839182,14.0,0.0,0.0,117.0,346642.0,0.0,0.0,240.0,752.0,2023-2024,346759.0,992.0,460.9601063829787,2023,4,April,Friday
2023-04-15,24640.583333333332,2500.8958333333335,11108.6875,4652.5,2500.8958333333335,30204.0,4264.0,591.374,60.0215,266.6085,60.0215,111.66,0.10149499301626382,0.45082891706432815,15.0,0.0,0.0,48794.0,137518.0,0.0,0.0,2160.0,-639.0,2023-2024,186312.0,1521.0,-215.20813771517996,2023,4,April,Saturday
2023-04-16,24570.645833333332,2598.6041666666665,12099.8125,2994.5416666666665,2598.6041666666665,30439.0,4086.0,589.6955,62.3665,290.3955,62.3665,71.869,0.10576051538463495,0.4924499169486625,16.0,0.0,0.0,88506.0,1043443.0,0.0,0.0,1920.0,-6558.0,2023-2024,1131949.0,-4638.0,-159.10994205550472,2023,4,April,Sunday
2023-04-17,27275.541666666668,2270.5625,16517.645833333332,1289.4583333333333,2270.5625,32393.0,4451.0,654.613,54.4935,396.4235,54.4935,30.947,0.08324536787384301,0.6055845209306873,17.0,0.0,0.0,0.0,999243.0,0.0,0.0,0.0,-8698.0,2023-2024,999243.0,-8698.0,-114.88192687974247,2023,4,April,Monday
2023-04-18,25846.979166666668,7976.520833333333,9037.375,2532.2083333333335,7976.520833333333,31603.0,11067.0,620.3275,191.4365,216.897,191.4365,60.773,0.30860553497950677,0.3496491772491144,18.0,0.0,45229.0,36720.0,930996.0,0.0,1060.0,337.0,-14432.0,2023-2024,1012945.0,-13035.0,-64.50914634146342,2023,4,April,Tuesday
2023-04-19,25257.020833333332,10239.5,5935.375,3704.0833333333335,10239.5,30364.0,11735.0,606.1685,245.748,142.449,245.748,88.898,0.40541202652397806,0.23499901430047918,19.0,0.0,177701.0,208507.0,2384842.0,0.0,4486.0,5140.0,-10502.0,2023-2024,2771050.0,-876.0,-227.08455532279567,2023,4,April,Wednesday
2023-04-20,24187.104166666668,8751.395833333334,7216.395833333333,2314.3333333333335,8751.395833333334,30938.0,11007.0,580.4905,210.0335,173.1935,210.0335,55.544,0.3618207360843976,0.29835716519047256,20.0,0.0,78405.0,548067.0,310426.0,0.0,1692.0,8150.0,-2126.0,2023-2024,936898.0,7716.0,-146.01411100658513,2023,4,April,Thursday
2023-04-21,26609.8125,7171.8125,10509.520833333334,3422.3333333333335,7171.8125,31276.0,10290.0,638.6355,172.1235,252.2285,172.1235,82.136,0.26951758867147224,0.39494907502010146,21.0,0.0,0.0,23751.0,3039924.0,0.0,0.0,1204.0,-16651.0,2023-2024,3063675.0,-15447.0,-182.56705302984807,2023,4,April,Friday
2023-04-22,24354.4375,4488.875,9891.75,4766.833333333333,4488.875,29295.0,5468.0,584.5065,107.733,237.402,107.733,114.404,0.1843144601471498,0.4061580153514118,22.0,0.0,14727.0,19517.0,192952.0,0.0,598.0,461.0,-740.0,2023-2024,227196.0,319.0,-260.74594594594595,2023,4,April,Saturday
2023-04-23,24255.604166666668,6463.875,7223.166666666667,5400.916666666667,6463.875,29588.0,9817.0,582.1345,155.133,173.356,155.133,129.622,0.2664899606534229,0.2977937229282923,23.0,0.0,467541.0,435021.0,4656695.0,0.0,9677.0,5379.0,-31638.0,2023-2024,5559257.0,-16582.0,-147.18676907516277,2023,4,April,Sunday
2023-04-24,27813.833333333332,8310.9375,9920.4375,4188.083333333333,8310.9375,33938.0,10392.0,667.532,199.4625,238.0905,199.4625,100.514,0.29880589994187545,0.3566727887202411,24.0,0.0,275879.0,443083.0,3225933.0,0.0,6435.0,6179.0,-37758.0,2023-2024,3944895.0,-25144.0,-85.43707293818528,2023,4,April,Monday
2023-04-25,27290.375,4044.6666666666665,13544.395833333334,4162.291666666667,4044.6666666666665,32970.0,7107.0,654.969,97.072,325.0655,97.072,99.895,0.14820854116759724,0.4963066954313868,25.0,0.0,67985.0,25508.0,550158.0,0.0,3076.0,1680.0,-8776.0,2023-2024,643651.0,-4020.0,-62.688924339106656,2023,4,April,Tuesday
2023-04-26,28518.125,1285.9583333333333,17242.9375,4456.791666666667,1285.9583333333333,33369.0,2952.0,684.435,30.863,413.8305,30.863,106.963,0.045092667674797464,0.60463082688641,26.0,0.0,0.0,0.0,97864.0,0.0,0.0,0.0,-692.0,2023-2024,97864.0,-692.0,-141.42196531791907,2023,4,April,Wednesday
2023-04-27,28519.604166666668,7244.604166666667,14001.916666666666,1997.6666666666667,7244.604166666667,33519.0,11490.0,684.4705,173.8705,336.046,173.8705,47.944,0.25402190452327744,0.49095760883778045,27.0,0.0,0.0,2480.0,1400807.0,0.0,0.0,621.0,-11828.0,2023-2024,1403287.0,-11207.0,-118.43143388569496,2023,4,April,Thursday
2023-04-28,27104.270833333332,4535.6875,12903.541666666666,4024.1666666666665,4535.6875,31668.0,10263.0,650.5025,108.8565,309.685,108.8565,96.58,0.16734217009158303,0.4760704224810819,28.0,0.0,0.0,152672.0,395668.0,0.0,0.0,4021.0,-2126.0,2023-2024,548340.0,1895.0,-186.10912511759173,2023,4,April,Friday
2023-04-29,23292.854166666668,992.4375,12692.354166666666,5241.875,992.4375,27653.0,2329.0,559.0285,23.8185,304.6165,23.8185,125.805,0.04260695116617489,0.5449033457149322,29.0,0.0,0.0,0.0,79528.0,0.0,0.0,0.0,-686.0,2023-2024,79528.0,-686.0,-115.93002915451895,2023,4,April,Saturday
2023-04-30,22861.5625,4354.666666666667,8098.145833333333,5841.291666666667,4354.666666666667,27403.0,5609.0,548.6775,104.512,194.3555,104.512,140.191,0.19047983560470402,0.3542253874088148,30.0,0.0,0.0,59864.0,0.0,0.0,0.0,2510.0,0.0,2023-2024,59864.0,2510.0,,2023,4,April,Sunday
2023-05-01,22918.291666666668,4042.9166666666665,8206.916666666666,5958.166666666667,4042.9166666666665,28131.0,5290.0,550.039,97.03,196.966,97.03,142.996,0.17640567305227448,0.35809460783689884,31.0,0.0,42262.0,172899.0,455229.0,0.0,1543.0,6615.0,-3965.0,2023-2024,670390.0,4193.0,-114.81185372005044,2023,5,May,Monday
2023-05-02,26000.854166666668,1803.1666666666667,14745.145833333334,4653.625,1803.1666666666667,30601.0,3168.0,624.0205,43.276,353.8835,43.276,111.687,0.06935028576785539,0.5671023628230163,32.0,0.0,0.0,0.0,100316.0,0.0,0.0,0.0,-687.0,2023-2024,100316.0,-687.0,-146.02037845705968,2023,5,May,Tuesday
2023-05-03,24131.520833333332,5196.541666666667,10769.375,3521.5,5196.541666666667,29321.0,11354.0,579.1565,124.717,258.465,124.717,84.516,0.21534248514866014,0.4462783375477957,33.0,0.0,12957.0,98607.0,0.0,0.0,238.0,1531.0,0.0,2023-2024,111564.0,1769.0,,2023,5,May,Wednesday
2023-05-04,23967.3125,11745.166666666666,6357.541666666667,1499.1666666666667,11745.166666666666,29585.0,13861.0,575.2155,281.884,152.581,281.884,35.98,0.49004938149267535,0.2652588464671066,34.0,0.0,115526.0,507911.0,14167495.0,0.0,4557.0,16189.0,-59289.0,2023-2024,14790932.0,-38543.0,-238.95655180556258,2023,5,May,Thursday
2023-05-05,24921.520833333332,6101.604166666667,10677.666666666666,3389.5416666666665,6101.604166666667,28982.0,9902.0,598.1165,146.4385,256.264,146.4385,81.349,0.24483273743493117,0.42845164779771167,35.0,0.0,174992.0,74343.0,5699808.0,0.0,6992.0,5929.0,-30454.0,2023-2024,5949143.0,-17533.0,-187.16122676824062,2023,5,May,Friday
2023-05-06,23622.166666666668,3262.3541666666665,11961.958333333334,4369.25,3262.3541666666665,27450.0,5153.0,566.932,78.2965,287.087,78.2965,104.862,0.13810562818821304,0.5063870093767859,36.0,0.0,0.0,95868.0,544247.0,0.0,0.0,2526.0,-4076.0,2023-2024,640115.0,-1550.0,-133.5247791952895,2023,5,May,Saturday
2023-05-07,21409.666666666668,3374.7708333333335,7690.270833333333,6360.916666666667,3374.7708333333335,25631.0,6462.0,513.832,80.9945,184.5665,80.9945,152.662,0.1576283688053683,0.35919619642217687,37.0,0.0,11844.0,374783.0,308539.0,0.0,623.0,8354.0,-3527.0,2023-2024,695166.0,5450.0,-87.47916075985256,2023,5,May,Sunday
2023-05-08,22971.4375,6582.1875,8095.5625,3626.375,6582.1875,29236.0,7703.0,551.3145,157.9725,194.2935,157.9725,87.033,0.2865379016876937,0.3524186285686301,38.0,0.0,63366.0,580905.0,1998097.0,0.0,2144.0,15193.0,-11354.0,2023-2024,2642368.0,5983.0,-175.98176853972168,2023,5,May,Monday
2023-05-09,25531.479166666668,2467.9791666666665,13194.666666666666,5006.541666666667,2467.9791666666665,30459.0,6200.0,612.7555,59.2315,316.672,59.2315,120.157,0.09666416702910051,0.5167999308043747,39.0,0.0,0.0,87424.0,293061.0,0.0,0.0,3001.0,-1997.0,2023-2024,380485.0,1004.0,-146.75062593890837,2023,5,May,Tuesday
2023-05-10,24999.0625,2663.3125,13431.291666666666,4398.25,2663.3125,30142.0,4279.0,599.9775,63.9195,322.351,63.9195,105.558,0.10653649511856696,0.5372718143597052,40.0,0.0,0.0,212698.0,193866.0,0.0,0.0,3077.0,-3463.0,2023-2024,406564.0,-386.0,-55.98209644816633,2023,5,May,Wednesday
2023-05-11,25289.0,962.0208333333334,15790.1875,4030.4166666666665,962.0208333333334,30016.0,2133.0,606.936,23.0885,378.9645,23.0885,96.73,0.038041078466263326,0.6243895567242674,41.0,0.0,0.0,77915.0,220712.0,0.0,0.0,1750.0,-3637.0,2023-2024,298627.0,-1887.0,-60.68518009348364,2023,5,May,Thursday
2023-05-12,24772.208333333332,6981.541666666667,10316.3125,2793.0833333333335,6981.541666666667,28518.0,8521.0,594.533,167.557,247.5915,167.557,67.034,0.281829604075804,0.4164470264896986,42.0,0.0,0.0,89906.0,206253.0,0.0,0.0,2447.0,2400.0,2023-2024,296159.0,4847.0,85.93875,2023,5,May,Friday
2023-05-13,21976.291666666668,4512.520833333333,8264.791666666666,5098.333333333333,4512.520833333333,26144.0,7480.0,527.431,108.3005,198.355,108.3005,122.36,0.2053358638381134,0.37607762911167525,43.0,0.0,0.0,466677.0,311749.0,0.0,0.0,14893.0,-3608.0,2023-2024,778426.0,11285.0,-86.404933481153,2023,5,May,Saturday
2023-05-14,21122.041666666668,2718.0625,9016.708333333334,5452.0,2718.0625,26555.0,4420.0,506.929,65.2335,216.401,65.2335,130.848,0.12868370126783044,0.42688621088949347,44.0,0.0,0.0,590677.0,25212.0,0.0,0.0,13831.0,-106.0,2023-2024,615889.0,13725.0,-237.8490566037736,2023,5,May,Sunday
2023-05-15,22884.333333333332,7909.604166666667,8602.729166666666,2297.375,7909.604166666667,28887.0,10298.0,549.224,189.8305,206.4655,189.8305,55.137,0.34563402181987674,0.37592221024572847,45.0,0.0,0.0,388703.0,142687.0,0.0,0.0,6265.0,4773.0,2023-2024,531390.0,11038.0,29.894615545778336,2023,5,May,Monday
2023-05-16,24169.8125,5527.75,9597.9375,5254.75,5527.75,29971.0,6625.0,580.0755,132.666,230.3505,132.666,126.114,0.22870471171425097,0.3971043424519739,46.0,0.0,0.0,458347.0,527680.0,0.0,0.0,7137.0,-2380.0,2023-2024,986027.0,4757.0,-221.71428571428572,2023,5,May,Tuesday
2023-05-17,25027.291666666668,2491.4375,13425.604166666666,4881.791666666667,2491.4375,29535.0,3862.0,600.655,59.7945,322.2145,59.7945,117.163,0.09954882586509728,0.5364385545779191,47.0,0.0,0.0,207317.0,428667.0,0.0,0.0,2982.0,-2801.0,2023-2024,635984.0,181.0,-153.04069975008926,2023,5,May,Wednesday
2023-05-18,24297.604166666668,3182.1875,11631.8125,4952.458333333333,3182.1875,29553.0,3911.0,583.1425,76.3725,279.1635,76.3725,118.859,0.13096713067560672,0.47872261068263755,48.0,0.0,0.0,98946.0,192545.0,0.0,0.0,1920.0,-777.0,2023-2024,291491.0,1143.0,-247.8056628056628,2023,5,May,Thursday
2023-05-19,24588.666666666668,2647.3541666666665,12577.020833333334,4993.291666666667,2647.3541666666665,28215.0,4600.0,590.128,63.5365,301.8485,63.5365,119.839,0.10766562508472736,0.5114966583520862,49.0,0.0,2391.0,52064.0,0.0,0.0,174.0,2224.0,0.0,2023-2024,54455.0,2398.0,,2023,5,May,Friday
2023-05-20,19937.3125,4017.1041666666665,5517.833333333333,6050.0,4017.1041666666665,24913.0,4873.0,478.4955,96.4105,132.428,96.4105,145.2,0.20148674334450375,0.2767591335759688,50.0,0.0,294789.0,1069389.0,139693.0,0.0,5306.0,14381.0,-515.0,2023-2024,1503871.0,19172.0,-271.2485436893204,2023,5,May,Saturday
2023-05-21,19692.125,4080.1041666666665,5525.583333333333,5407.041666666667,4080.1041666666665,25443.0,5301.0,472.611,97.9225,132.614,97.9225,129.769,0.20719471193010744,0.28059863185579687,51.0,0.0,1075378.0,1775196.0,0.0,0.0,14712.0,18992.0,0.0,2023-2024,2850574.0,33704.0,,2023,5,May,Sunday
2023-05-22,22654.6875,8043.354166666667,8284.208333333334,1268.2916666666667,8043.354166666667,27776.0,10595.0,543.7125,193.0405,198.821,193.0405,30.439,0.3550414971147436,0.36567303492194864,52.0,0.0,0.0,279231.0,328886.0,0.0,0.0,6634.0,-1847.0,2023-2024,608117.0,4787.0,-178.06497022198158,2023,5,May,Monday
2023-05-23,23586.083333333332,5372.4375,9392.166666666666,3864.125,5372.4375,28043.0,8838.0,566.066,128.9385,225.412,128.9385,92.739,0.2277799761865224,0.39820798281472475,53.0,0.0,0.0,664387.0,587685.0,0.0,0.0,9562.0,-5651.0,2023-2024,1252072.0,3911.0,-103.99663776322775,2023,5,May,Tuesday
2023-05-24,22561.1875,4065.1458333333335,10838.770833333334,2482.8333333333335,4065.1458333333335,28096.0,5211.0,541.4685,97.5635,260.1305,97.5635,59.588,0.18018315008167607,0.4804166816721564,54.0,0.0,0.0,702607.0,1490436.0,0.0,0.0,8720.0,-13207.0,2023-2024,2193043.0,-4487.0,-112.85197243885818,2023,5,May,Wednesday
2023-05-25,23581.041666666668,2587.6458333333335,10690.6875,4580.291666666667,2587.6458333333335,27976.0,3910.0,565.945,62.1035,256.5765,62.1035,109.927,0.10973416144678368,0.45335942538585905,55.0,0.0,0.0,409829.0,0.0,0.0,0.0,6022.0,0.0,2023-2024,409829.0,6022.0,,2023,5,May,Thursday
2023-05-26,22233.354166666668,2588.7916666666665,9577.020833333334,4369.0,2588.7916666666665,26307.0,3783.0,533.6005,62.131,229.8485,62.131,104.856,0.11643729719143817,0.4307501585924301,56.0,0.0,0.0,220999.0,0.0,0.0,0.0,4584.0,0.0,2023-2024,220999.0,4584.0,,2023,5,May,Friday
2023-05-27,18888.875,4119.729166666667,5485.75,3804.0416666666665,4119.729166666667,23910.0,5037.0,453.333,98.8735,131.658,98.8735,91.297,0.21810346919372736,0.2904222723693179,57.0,0.0,0.0,2860375.0,2564680.0,0.0,0.0,35097.0,-13954.0,2023-2024,5425055.0,21143.0,-183.79532750465816,2023,5,May,Saturday
2023-05-28,18848.25,4234.1875,4290.854166666667,4769.666666666667,4234.1875,23248.0,6240.0,452.358,101.6205,102.9805,101.6205,114.472,0.2246461873118194,0.22765265564000195,58.0,0.0,566050.0,1775510.0,0.0,0.0,8964.0,25052.0,0.0,2023-2024,2341560.0,34016.0,,2023,5,May,Sunday
2023-05-29,19035.770833333332,4565.458333333333,3979.5208333333335,4905.375,4565.458333333333,24772.0,5588.0,456.8585,109.571,95.5085,109.571,117.729,0.2398357478300174,0.2090548824198302,59.0,0.0,482916.0,4894905.0,4776.0,0.0,5472.0,37855.0,-23.0,2023-2024,5382597.0,43304.0,-207.65217391304347,2023,5,May,Monday
2023-05-30,22434.895833333332,4416.083333333333,7618.0625,4605.791666666667,4416.083333333333,27262.0,5457.0,538.4375,105.986,182.8335,105.986,110.539,0.19683993035403366,0.33956308763784093,60.0,0.0,59152.0,860427.0,17452.0,0.0,880.0,11325.0,683.0,2023-2024,937031.0,12888.0,25.551976573938507,2023,5,May,Tuesday
2023-05-31,23413.8125,4332.0,9379.75,4030.7083333333335,4332.0,27299.0,5854.0,561.9315,103.968,225.114,103.968,96.737,0.18501899252844875,0.4006075473611997,61.0,0.0,0.0,399316.0,28937.0,0.0,0.0,7335.0,-71.0,2023-2024,428253.0,7264.0,-407.5633802816901,2023,5,May,Wednesday
2023-06-01,22909.333333333332,4884.208333333333,8294.5625,3965.75,4884.208333333333,27261.0,7662.0,549.824,117.221,199.0695,117.221,95.178,0.2131973140495868,0.3620604047840764,62.0,0.0,0.0,792987.0,0.0,0.0,0.0,8592.0,0.0,2023-2024,792987.0,8592.0,,2023,6,June,Thursday
2023-06-02,21422.3125,4324.458333333333,8187.625,3202.7916666666665,4324.458333333333,25284.0,7019.0,514.1355,103.787,196.503,103.787,76.867,0.20186701754693073,0.3822008011506694,63.0,0.0,0.0,1137557.0,-525.0,0.0,0.0,11968.0,261.0,2023-2024,1137032.0,12229.0,-2.0114942528735633,2023,6,June,Friday
2023-06-03,18828.0,2555.0,6128.541666666667,4458.0,2555.0,23590.0,3704.0,451.872,61.32,147.085,61.32,106.992,0.13570214574038666,0.32550146944267405,64.0,0.0,296609.0,1698606.0,2772.0,0.0,3968.0,27782.0,52.0,2023-2024,1997987.0,31802.0,53.30769230769231,2023,6,June,Saturday
2023-06-04,18683.75,2316.7916666666665,6594.541666666667,3985.4166666666665,2316.7916666666665,24833.0,3575.0,448.41,55.603,158.269,55.603,95.65,0.1240003568163065,0.3529560000892041,65.0,0.0,50499.0,1462151.0,0.0,0.0,3707.0,31473.0,0.0,2023-2024,1512650.0,35180.0,,2023,6,June,Sunday
2023-06-05,22695.958333333332,2722.125,11013.979166666666,3214.875,2722.125,27333.0,4208.0,544.703,65.331,264.3355,65.331,77.157,0.1199387556154455,0.48528372342359055,66.0,0.0,0.0,418860.0,79599.0,0.0,0.0,5966.0,1212.0,2023-2024,498459.0,7178.0,65.67574257425743,2023,6,June,Monday
2023-06-06,23940.770833333332,2854.625,12426.416666666666,2944.6666666666665,2854.625,28245.0,3625.0,574.5785,68.511,298.234,68.511,70.672,0.11923697110142478,0.519048311066286,67.0,0.0,0.0,653074.0,20341.0,0.0,0.0,5764.0,410.0,2023-2024,673415.0,6174.0,49.61219512195122,2023,6,June,Tuesday
2023-06-07,23010.875,2985.4375,11131.5,1381.8333333333333,2985.4375,27445.0,5179.0,552.261,71.6505,267.156,71.6505,33.164,0.1297402858431068,0.48374953147153255,68.0,0.0,0.0,286655.0,77459.0,0.0,0.0,3283.0,1658.0,2023-2024,364114.0,4941.0,46.71833534378769,2023,6,June,Wednesday
2023-06-08,21829.291666666668,5620.5,9635.583333333334,894.9166666666666,5620.5,26212.0,9286.0,523.903,134.892,231.254,134.892,21.478,0.25747514329942756,0.441406138159163,69.0,0.0,0.0,187076.0,49995.0,0.0,0.0,2804.0,-108.0,2023-2024,237071.0,2696.0,-462.9166666666667,2023,6,June,Thursday
2023-06-09,21398.0,7208.9375,6658.833333333333,1828.125,7208.9375,25717.0,8827.0,513.552,173.0145,159.812,173.0145,43.875,0.3368977240863632,0.31118951926971367,70.0,0.0,396.0,93776.0,61194.0,0.0,463.0,3134.0,-296.0,2023-2024,155366.0,3301.0,-206.73648648648648,2023,6,June,Friday
2023-06-10,20110.395833333332,8168.75,4374.8125,2175.0,8168.75,24331.0,11263.0,482.6495,196.05,104.9955,196.05,52.2,0.40619538609280653,0.21753985034688736,71.0,0.0,2439383.0,1570415.0,754182.0,0.0,31062.0,18144.0,-1939.0,2023-2024,4763980.0,47267.0,-388.954100051573,2023,6,June,Saturday
2023-06-11,20746.854166666668,3194.125,8457.729166666666,3922.2916666666665,3194.125,26120.0,7766.0,497.9245,76.659,202.9855,76.659,94.135,0.15395707582173604,0.4076632099846462,72.0,0.0,132044.0,-31048.0,721383.0,0.0,10623.0,10090.0,-1055.0,2023-2024,822379.0,19658.0,-683.7753554502369,2023,6,June,Sunday
2023-06-12,24149.333333333332,2724.25,12977.75,4415.791666666667,2724.25,29113.0,4823.0,579.584,65.382,311.466,65.382,105.979,0.11280849712897528,0.5373957873233216,73.0,0.0,0.0,109678.0,12826.0,0.0,0.0,1919.0,-308.0,2023-2024,122504.0,1611.0,-41.642857142857146,2023,6,June,Monday
2023-06-13,23099.875,4319.520833333333,11858.083333333334,3158.25,4319.520833333333,27707.0,7925.0,554.397,103.6685,284.594,103.6685,75.798,0.18699325573551082,0.5133397186492711,74.0,0.0,0.0,8046.0,8355.0,0.0,0.0,116.0,86.0,2023-2024,16401.0,202.0,97.15116279069767,2023,6,June,Tuesday
2023-06-14,22930.25,5084.125,11170.3125,2408.8333333333335,5084.125,27601.0,7946.0,550.326,122.019,268.0875,122.019,57.812,0.22172130700711942,0.48714307519542954,75.0,0.0,0.0,0.0,20696.0,0.0,0.0,0.0,-61.0,2023-2024,20696.0,-61.0,-339.27868852459017,2023,6,June,Wednesday
2023-06-15,23342.979166666668,2413.3333333333335,13809.854166666666,2449.0,2413.3333333333335,27877.0,4548.0,560.2315,57.92,331.4365,57.92,58.776,0.1033858324639011,0.5916063270273093,76.0,0.0,0.0,0.0,0.0,0.0,0.0,0.0,0.0,2023-2024,0.0,0.0,,2023,6,June,Thursday
2023-06-16,22987.020833333332,1137.3541666666667,14166.916666666666,3230.125,1137.3541666666667,27230.0,1717.0,551.6885,27.2965,340.006,27.2965,77.523,0.04947810222616568,0.6163006841723182,77.0,0.0,0.0,0.0,0.0,0.0,0.0,0.0,0.0,2023-2024,0.0,0.0,,2023,6,June,Friday
2023-06-17,21207.708333333332,1920.9791666666667,11709.979166666666,3131.9583333333335,1920.9791666666667,24508.0,2933.0,508.985,46.1035,281.0395,46.1035,75.167,0.0905792901558985,0.5521567433224948,78.0,0.0,0.0,0.0,19886.0,0.0,0.0,0.0,-57.0,2023-2024,19886.0,-57.0,-348.87719298245617,2023,6,June,Saturday
2023-06-18,21193.125,4058.0,9663.708333333334,2978.4166666666665,4058.0,26491.0,6419.0,508.635,97.392,231.929,97.392,71.482,0.19147718894688726,0.4559831706429955,79.0,0.0,0.0,216799.0,0.0,0.0,0.0,3120.0,0.0,2023-2024,216799.0,3120.0,,2023,6,June,Sunday
2023-06-19,22808.416666666668,5960.625,12126.520833333334,545.7916666666666,5960.625,27130.0,7597.0,547.402,143.055,291.0365,143.055,13.099,0.2613344489059229,0.5316686822481467,80.0,0.0,0.0,57981.0,648200.0,0.0,0.0,2860.0,3589.0,2023-2024,706181.0,6449.0,180.6074115352466,2023,6,June,Monday
2023-06-20,25317.041666666668,4947.520833333333,14628.520833333334,1222.5833333333333,4947.520833333333,29878.0,7357.0,607.609,118.7405,351.0845,118.7405,29.342,0.19542254969890174,0.5778131989486659,81.0,0.0,0.0,0.0,339145.0,0.0,0.0,0.0,-5387.0,2023-2024,339145.0,-5387.0,-62.95619082977539,2023,6,June,Tuesday
2023-06-21,23614.041666666668,3887.8541666666665,14776.3125,357.9583333333333,3887.8541666666665,28174.0,6270.0,566.737,93.3085,354.6315,93.3085,8.591,0.16464162389256393,0.6257426284149439,82.0,0.0,0.0,0.0,155001.0,0.0,0.0,0.0,1484.0,2023-2024,155001.0,1484.0,104.44811320754717,2023,6,June,Wednesday
2023-06-22,24230.125,1136.2083333333333,15228.270833333334,2812.875,1136.2083333333333,28961.0,1965.0,581.523,27.269,365.4785,27.269,67.509,0.04689238430810131,0.6284850298268512,83.0,0.0,0.0,0.0,109945.0,0.0,0.0,0.0,-1154.0,2023-2024,109945.0,-1154.0,-95.27296360485269,2023,6,June,Thursday
2023-06-23,23340.979166666668,4112.333333333333,11685.083333333334,2305.4583333333335,4112.333333333333,26721.0,6491.0,560.1835,98.696,280.442,98.696,55.331,0.1761851250527729,0.5006252415503134,84.0,0.0,0.0,131384.0,424533.0,0.0,0.0,2066.0,-619.0,2023-2024,555917.0,1447.0,-685.8368336025848,2023,6,June,Friday
2023-06-24,20487.708333333332,5020.3125,6589.0625,3428.9583333333335,5020.3125,24497.0,6182.0,491.705,120.4875,158.1375,120.4875,82.295,0.2450402172034045,0.3216105185019473,85.0,0.0,457297.0,1027881.0,17750.0,0.0,6914.0,14437.0,-22.0,2023-2024,1502928.0,21329.0,-806.8181818181819,2023,6,June,Saturday
2023-06-25,19655.1875,7182.625,5861.875,1075.9583333333333,7182.625,24945.0,8384.0,471.7245,172.383,140.685,172.383,25.823,0.3654315177608965,0.29823551670519555,86.0,0.0,3995606.0,1105803.0,4379022.0,0.0,52096.0,11162.0,-19601.0,2023-2024,9480431.0,43657.0,-223.40809142390694,2023,6,June,Sunday
2023-06-26,22034.6875,6194.25,6819.270833333333,4041.9166666666665,6194.25,26487.0,8173.0,528.8325,148.662,163.6625,148.662,97.006,0.28111358511437934,0.30947889927339944,87.0,0.0,850758.0,1196106.0,775961.0,0.0,9990.0,10642.0,-1768.0,2023-2024,2822825.0,18864.0,-438.8919683257919,2023,6,June,Monday
2023-06-27,24677.666666666668,4837.291666666667,10639.3125,3350.9583333333335,4837.291666666667,29122.0,7244.0,592.264,116.095,255.3435,116.095,80.423,0.19601900503829373,0.43113121851066416,88.0,0.0,0.0,121064.0,565602.0,0.0,0.0,2933.0,-1720.0,2023-2024,686666.0,1213.0,-328.8383720930233,2023,6,June,Tuesday
2023-06-28,25249.229166666668,3398.1458333333335,13494.958333333334,2430.0,3398.1458333333335,29516.0,6154.0,605.9815,81.5555,323.879,81.5555,58.32,0.1345841415950817,0.5344701117113312,89.0,0.0,0.0,53213.0,394261.0,0.0,0.0,2456.0,-1623.0,2023-2024,447474.0,833.0,-242.9211337030191,2023,6,June,Wednesday
2023-06-29,23166.5,3589.6666666666665,12069.145833333334,1394.9166666666667,3589.6666666666665,26681.0,4944.0,555.996,86.152,289.6595,86.152,33.478,0.15495075504140318,0.5209740717559119,90.0,0.0,0.0,55364.0,61628.0,0.0,0.0,671.0,-590.0,2023-2024,116992.0,81.0,-104.45423728813559,2023,6,June,Thursday
2023-06-30,23468.4375,7266.916666666667,7513.9375,2425.5833333333335,7266.916666666667,27664.0,10906.0,563.2425,174.406,180.3345,174.406,58.214,0.3096463778922933,0.3201720395744284,91.0,0.0,218392.0,341671.0,266832.0,0.0,3723.0,3810.0,344.0,2023-2024,826895.0,7877.0,775.6744186046511,2023,6,June,Friday
2023-07-01,18656.333333333332,10108.729166666666,4319.854166666667,-1535.0833333333333,10108.729166666666,22054.0,11440.0,447.752,242.6095,103.6765,242.6095,-36.842,0.54183900909432,0.23154893780485628,92.0,0.0,1204383.0,902898.0,12108863.0,0.0,36911.0,15739.0,-70992.0,2023-2024,14216144.0,-18342.0,-170.56658496732027,2023,7,July,Saturday
2023-07-02,17715.395833333332,8847.291666666666,4016.3958333333335,-760.0416666666666,8847.291666666666,22514.0,10894.0,425.1695,212.335,96.3935,212.335,-18.241,0.49941258721521653,0.2267178148950007,93.0,0.0,6688070.0,1636415.0,9300832.0,0.0,67672.0,15667.0,-59239.0,2023-2024,17625317.0,24100.0,-157.00521615827412,2023,7,July,Sunday
2023-07-03,21198.0,10197.375,3910.1875,943.2083333333334,10197.375,25725.0,11476.0,508.752,244.737,93.8445,244.737,22.637,0.4810536371355788,0.1844602085102368,94.0,0.0,1770199.0,1026936.0,9515385.0,0.0,30356.0,14775.0,-56917.0,2023-2024,12312520.0,-11786.0,-167.18001651527663,2023,7,July,Monday
2023-07-04,23983.9375,6491.125,8032.270833333333,2902.2916666666665,6491.125,29273.0,11824.0,575.6145,155.787,192.7745,155.787,69.655,0.27064467625468086,0.3349020915908129,95.0,0.0,1134784.0,707863.0,630905.0,0.0,11416.0,5904.0,-3972.0,2023-2024,2473552.0,13348.0,-158.83811681772406,2023,7,July,Tuesday
2023-07-05,22937.583333333332,5049.666666666667,6612.0,5079.083333333333,5049.666666666667,27195.0,6935.0,550.502,121.192,158.688,121.192,121.898,0.2201481556833581,0.2882605331134129,96.0,0.0,0.0,566135.0,44411.0,0.0,0.0,8434.0,-378.0,2023-2024,610546.0,8056.0,-117.48941798941799,2023,7,July,Wednesday
2023-07-06,22489.333333333332,4915.979166666667,9164.979166666666,2168.5,4915.979166666667,26211.0,8006.0,539.744,117.9835,219.9595,117.9835,52.044,0.21859159156933658,0.40752560473113175,97.0,0.0,0.0,76980.0,5719503.0,0.0,0.0,3332.0,-7252.0,2023-2024,5796483.0,-3920.0,-788.6793987865417,2023,7,July,Thursday
2023-07-07,21338.0625,7435.604166666667,7030.729166666667,311.4166666666667,7435.604166666667,26250.0,11021.0,512.1135,178.4545,168.7375,178.4545,7.474,0.34846669732393304,0.32949238791791274,98.0,0.0,110346.0,120432.0,15210392.0,0.0,5977.0,6494.0,-37849.0,2023-2024,15441170.0,-25378.0,-401.8703796665698,2023,7,July,Friday
2023-07-08,21562.895833333332,6864.6875,6141.791666666667,2705.2083333333335,6864.6875,25688.0,11557.0,517.5095,164.7525,147.403,164.7525,64.925,0.3183564746154418,0.28483148618527776,99.0,0.0,913459.0,687804.0,6943867.0,0.0,11475.0,7910.0,-21756.0,2023-2024,8545130.0,-2371.0,-319.17020592020594,2023,7,July,Saturday
2023-07-09,20362.145833333332,2378.9166666666665,8267.854166666666,4016.25,2378.9166666666665,24605.0,3574.0,488.6915,57.094,198.4285,57.094,96.39,0.11683035207283123,0.4060404160907239,100.0,0.0,0.0,162239.0,199820.0,0.0,0.0,4966.0,-1775.0,2023-2024,362059.0,3191.0,-112.57464788732395,2023,7,July,Sunday
2023-07-10,23125.041666666668,4927.833333333333,11479.895833333334,259.8333333333333,4927.833333333333,27961.0,9272.0,555.001,118.268,275.5175,118.268,6.236,0.21309511154033958,0.49642703346480455,101.0,0.0,15697.0,83225.0,605140.0,0.0,1188.0,1678.0,7629.0,2023-2024,704062.0,10495.0,79.32101192816883,2023,7,July,Monday
2023-07-11,23215.270833333332,8206.020833333334,10823.854166666666,-2171.1666666666665,8206.020833333334,26966.0,10079.0,557.1665,196.9445,259.7725,196.9445,-52.108,0.353475128170843,0.46623854808212617,102.0,0.0,0.0,101012.0,1038721.0,0.0,0.0,2084.0,6892.0,2023-2024,1139733.0,8976.0,150.71401625072548,2023,7,July,Tuesday
2023-07-12,22413.833333333332,7601.520833333333,10268.041666666666,-1758.125,7601.520833333333,26207.0,9437.0,537.932,182.4365,246.433,182.4365,-42.195,0.339144166920726,0.45811180595316875,103.0,0.0,0.0,166780.0,14752.0,0.0,0.0,3868.0,700.0,2023-2024,181532.0,4568.0,21.074285714285715,2023,7,July,Wednesday
2023-07-13,23378.291666666668,3969.3125,12168.4375,851.0833333333334,3969.3125,27558.0,6901.0,561.079,95.2635,292.0425,95.2635,20.426,0.1697862511339758,0.5205015692977282,104.0,0.0,0.0,0.0,43010.0,0.0,0.0,0.0,-592.0,2023-2024,43010.0,-592.0,-72.65202702702703,2023,7,July,Thursday
2023-07-14,24029.604166666668,6681.6875,10252.6875,1077.0,6681.6875,28210.0,13004.0,576.7105,160.3605,246.0645,160.3605,25.848,0.27806065608307806,0.42666901330910395,105.0,0.0,93687.0,97203.0,3759044.0,0.0,3211.0,1184.0,-9057.0,2023-2024,3949934.0,-4662.0,-415.0429502042619,2023,7,July,Friday
2023-07-15,18787.479166666668,11663.25,3304.2708333333335,-1552.5,11663.25,23045.0,12678.0,450.8995,279.918,79.3025,279.918,-37.26,0.6207990915935813,0.17587622075429224,106.0,0.0,2294801.0,1886621.0,1994167.0,0.0,36633.0,19495.0,-13029.0,2023-2024,6175589.0,43099.0,-153.05602885869982,2023,7,July,Saturday
2023-07-16,17975.875,10196.9375,4639.895833333333,-1843.0,10196.9375,23595.0,12808.0,431.421,244.7265,111.3575,244.7265,-44.232,0.5672568094738086,0.2581179404804124,107.0,0.0,2429940.0,3658635.0,2256663.0,0.0,25792.0,35823.0,-11655.0,2023-2024,8345238.0,49960.0,-193.621879021879,2023,7,July,Sunday
2023-07-17,22042.957446808512,6938.234042553191,7705.510638297872,1675.872340425532,6938.234042553191,26928.0,10227.0,518.0095,163.0485,181.0795,163.0485,39.383,0.3147596713959879,0.3495679133297748,108.0,0.0,325565.0,525614.0,22742.0,0.0,4764.0,7475.0,-173.0,2023-2024,873921.0,12066.0,-131.45664739884393,2023,7,July,Monday
2023-07-18,24256.916666666668,953.9583333333334,13516.604166666666,3325.9166666666665,953.9583333333334,28477.0,3146.0,582.166,22.895,324.3985,22.895,79.822,0.03932727091585561,0.5572268047257998,109.0,0.0,0.0,0.0,148716.0,0.0,0.0,0.0,-260.0,2023-2024,148716.0,-260.0,-571.9846153846154,2023,7,July,Tuesday
2023-07-19,23708.4375,2210.2916666666665,13417.041666666666,1623.9166666666667,2210.2916666666665,27421.0,3471.0,569.0025,53.047,322.009,53.047,38.974,0.09322806138813097,0.5659184274234296,110.0,0.0,0.0,0.0,11071.0,0.0,0.0,0.0,-44.0,2023-2024,11071.0,-44.0,-251.61363636363637,2023,7,July,Wednesday
2023-07-20,23436.5625,1770.5833333333333,13414.5,1741.4166666666667,1770.5833333333333,27481.0,2411.0,562.4775,42.494,321.948,42.494,41.794,0.07554791080532111,0.5723748949957999,111.0,0.0,0.0,0.0,0.0,0.0,0.0,0.0,0.0,2023-2024,0.0,0.0,,2023,7,July,Thursday
2023-07-21,23052.854166666668,2511.2708333333335,12977.708333333334,1321.3333333333333,2511.2708333333335,26373.0,3610.0,553.2685,60.2705,311.465,60.2705,31.712,0.10893535417252201,0.5629545148512882,112.0,0.0,0.0,183056.0,0.0,0.0,0.0,3980.0,0.0,2023-2024,183056.0,3980.0,,2023,7,July,Friday
2023-07-22,21400.6875,5875.9375,5898.4375,4044.375,5875.9375,25663.0,9324.0,513.6165,141.0225,141.5625,141.0225,97.065,0.27456769788353763,0.2756190659762683,113.0,-12651.0,14890.0,479848.0,479612.0,-450.0,1653.0,9080.0,-8124.0,2023-2024,961699.0,2159.0,-59.03643525356967,2023,7,July,Saturday
2023-07-23,19425.375,9128.8125,4374.333333333333,2140.2916666666665,9128.8125,24852.0,11953.0,466.209,219.0915,104.984,219.0915,51.367,0.4699426651995135,0.22518655796005652,114.0,0.0,2829138.0,2965206.0,2523447.0,0.0,32668.0,27243.0,-19327.0,2023-2024,8317791.0,40584.0,-130.56589227505563,2023,7,July,Sunday
2023-07-24,23292.145833333332,5157.0,10094.833333333334,3762.7083333333335,5157.0,27954.0,7662.0,559.0115,123.768,242.276,123.768,90.305,0.22140510526169857,0.43340074399184997,115.0,0.0,259162.0,543027.0,0.0,0.0,7606.0,10311.0,0.0,2023-2024,802189.0,17917.0,,2023,7,July,Monday
2023-07-25,22799.979166666668,2752.7708333333335,12371.479166666666,3424.9166666666665,2752.7708333333335,26886.0,3707.0,547.1995,66.0665,296.9155,66.0665,82.198,0.1207356731868359,0.5426092311853355,116.0,0.0,0.0,118129.0,0.0,0.0,0.0,2940.0,0.0,2023-2024,118129.0,2940.0,,2023,7,July,Tuesday
2023-07-26,23126.9375,4371.9375,11377.25,3245.4166666666665,4371.9375,29077.0,9456.0,555.0465,104.9265,273.054,104.9265,77.89,0.18904091819334054,0.49194797192667633,117.0,0.0,8130.0,163851.0,7636.0,0.0,520.0,4799.0,-16.0,2023-2024,179617.0,5303.0,-477.25,2023,7,July,Wednesday
2023-07-27,24080.479166666668,5875.416666666667,9930.75,4021.2916666666665,5875.416666666667,28054.0,8164.0,577.9315,141.01,238.338,141.01,96.511,0.2439908535873196,0.4123983551683893,118.0,0.0,142407.0,433477.0,582525.0,0.0,4359.0,8755.0,-2496.0,2023-2024,1158409.0,10618.0,-233.38341346153845,2023,7,July,Thursday
2023-07-28,22930.291666666668,3699.3125,11869.520833333334,2940.375,3699.3125,25752.0,7887.0,550.327,88.7835,284.8685,88.7835,70.569,0.16132862825193023,0.517634969754346,119.0,0.0,0.0,387473.0,0.0,0.0,0.0,4689.0,0.0,2023-2024,387473.0,4689.0,,2023,7,July,Friday
2023-07-29,18209.354166666668,8150.0625,4755.708333333333,2478.2083333333335,8150.0625,21914.0,9590.0,437.0245,195.6015,114.137,195.6015,59.477,0.4475755935880025,0.2611684241958975,120.0,0.0,944203.0,3856844.0,0.0,0.0,31181.0,40286.0,0.0,2023-2024,4801047.0,71467.0,,2023,7,July,Saturday
2023-07-30,19084.5,10305.4375,4837.604166666667,667.9166666666666,10305.4375,24666.0,13188.0,458.028,247.3305,116.1025,247.3305,16.03,0.5399899132804108,0.25348341149449377,121.0,0.0,2261565.0,4572816.0,343514.0,0.0,45365.0,39376.0,-1352.0,2023-2024,7177895.0,83389.0,-254.0784023668639,2023,7,July,Sunday
2023-07-31,23182.375,9169.0,6385.895833333333,3146.7916666666665,9169.0,27590.0,10826.0,556.377,220.056,153.2615,220.056,75.523,0.39551599005710164,0.2754633998170306,122.0,0.0,392642.0,2212638.0,175174.0,0.0,6043.0,24341.0,-628.0,2023-2024,2780454.0,29756.0,-278.93949044585986,2023,7,July,Monday
2023-08-01,22751.166666666668,6193.916666666667,8552.291666666666,3236.5,6193.916666666667,27535.0,9839.0,546.028,148.654,205.255,148.654,77.676,0.27224611192100034,0.3759056312130513,123.0,0.0,44961.0,1406445.0,198343.0,0.0,1329.0,18346.0,-809.0,2023-2024,1649749.0,18866.0,-245.1705809641533,2023,8,August,Tuesday
2023-08-02,22982.645833333332,8392.1875,5663.708333333333,4444.625,8392.1875,27184.0,10180.0,551.5835,201.4125,135.929,201.4125,106.671,0.3651532360920876,0.2464341300999758,124.0,0.0,260972.0,1164130.0,354546.0,0.0,4798.0,13665.0,-1288.0,2023-2024,1779648.0,17175.0,-275.26863354037266,2023,8,August,Wednesday
2023-08-03,22587.25,8263.9375,6555.395833333333,4038.1666666666665,8263.9375,26733.0,9901.0,542.094,198.3345,157.3295,198.3345,96.916,0.36586735879755167,0.2902254959471973,125.0,0.0,1166298.0,1940762.0,370634.0,0.0,12488.0,16690.0,-3005.0,2023-2024,3477694.0,26173.0,-123.33910149750416,2023,8,August,Thursday
2023-08-04,22693.645833333332,4048.4375,10900.583333333334,3270.4166666666665,4048.4375,26229.0,7087.0,544.6475,97.1625,261.614,97.1625,78.49,0.17839520056550334,0.4803363643457465,126.0,0.0,0.0,448244.0,63873.0,0.0,0.0,7050.0,-401.0,2023-2024,512117.0,6649.0,-159.28428927680798,2023,8,August,Friday
2023-08-05,21169.25,3148.3333333333335,9439.0,4443.208333333333,3148.3333333333335,24687.0,6604.0,508.062,75.56,226.536,75.56,106.637,0.14872200636930138,0.44588258913282236,127.0,0.0,22568.0,415316.0,71598.0,0.0,605.0,5769.0,-1291.0,2023-2024,509482.0,5083.0,-55.45933384972889,2023,8,August,Saturday
2023-08-06,19492.3125,6872.125,4755.479166666667,4616.833333333333,6872.125,25204.0,7801.0,467.8155,164.931,114.1315,164.931,110.804,0.35255565495371577,0.2439669057566498,128.0,0.0,2010347.0,4666650.0,1007436.0,0.0,21827.0,32740.0,-3779.0,2023-2024,7684433.0,50788.0,-266.587986239746,2023,8,August,Sunday
2023-08-07,21860.3125,4384.625,7566.8125,5583.5,4384.625,26766.0,7034.0,524.6475,105.231,181.6035,105.231,134.004,0.20057467156519374,0.3461438394350492,129.0,0.0,71572.0,445914.0,184908.0,0.0,4894.0,13358.0,-265.0,2023-2024,702394.0,17987.0,-697.7660377358491,2023,8,August,Monday
2023-08-08,23462.395833333332,5850.083333333333,8749.375,4102.333333333333,5850.083333333333,27742.0,7481.0,563.0975,140.402,209.985,140.402,98.456,0.24933870244495845,0.3729105527905914,130.0,0.0,78967.0,1356000.0,189186.0,0.0,1177.0,12119.0,-1653.0,2023-2024,1624153.0,11643.0,-114.45009074410163,2023,8,August,Tuesday
2023-08-09,23137.479166666668,2916.375,11337.291666666666,3389.2083333333335,2916.375,28437.0,5910.0,555.2995,69.993,272.095,69.993,81.341,0.12604549436835438,0.4899968395433456,131.0,0.0,0.0,704178.0,205990.0,0.0,0.0,9397.0,-829.0,2023-2024,910168.0,8568.0,-248.4800965018094,2023,8,August,Wednesday
2023-08-10,23488.520833333332,2499.6875,12887.145833333334,2479.5416666666665,2499.6875,28007.0,6570.0,563.7245,59.9925,309.2915,59.9925,59.509,0.10642166519283798,0.5486571898152377,132.0,0.0,0.0,479566.0,19161.0,0.0,0.0,5638.0,963.0,2023-2024,498727.0,6601.0,19.897196261682243,2023,8,August,Thursday
2023-08-11,21837.270833333332,8285.729166666666,6530.916666666667,1789.0,8285.729166666666,25389.0,9746.0,524.0945,198.8575,156.742,198.8575,42.936,0.3794306179515335,0.2990720185004803,133.0,0.0,13778.0,396157.0,1402493.0,0.0,428.0,8964.0,-8977.0,2023-2024,1812428.0,415.0,-156.2318146374067,2023,8,August,Friday
2023-08-12,19467.0,8273.520833333334,5221.8125,1773.125,8273.520833333334,23401.0,10543.0,467.208,198.5645,125.3235,198.5645,42.555,0.4250023544117395,0.2682391996712385,134.0,0.0,1178685.0,2264540.0,9425243.0,0.0,28079.0,38323.0,-63061.0,2023-2024,12868468.0,3341.0,-149.46231426713817,2023,8,August,Saturday
2023-08-13,19830.0,7403.125,6159.479166666667,1744.3333333333333,7403.125,24970.0,9606.0,475.92,177.675,147.8275,177.675,41.864,0.3733295511850731,0.3106141788535888,135.0,0.0,1377696.0,2388849.0,2387850.0,0.0,25622.0,32361.0,-12349.0,2023-2024,6154395.0,45634.0,-193.36383512835047,2023,8,August,Sunday
2023-08-14,23728.8125,5559.604166666667,10625.4375,2048.9583333333335,5559.604166666667,27706.0,7802.0,569.4915,133.4305,255.0105,133.4305,49.175,0.2342976146263816,0.44778631463331764,136.0,0.0,0.0,280315.0,110436.0,0.0,0.0,7180.0,1145.0,2023-2024,390751.0,8325.0,96.45065502183407,2023,8,August,Monday
2023-08-15,23517.6875,2870.7291666666665,12207.729166666666,2812.375,2870.7291666666665,28392.0,7042.0,564.4245,68.8975,292.9855,68.8975,67.497,0.12206681318759197,0.5190871409727962,137.0,0.0,0.0,312566.0,49391.0,0.0,0.0,6041.0,528.0,2023-2024,361957.0,6569.0,93.54356060606061,2023,8,August,Tuesday
2023-08-16,23879.291666666668,1013.1666666666666,15165.229166666666,2147.25,1013.1666666666666,28690.0,3584.0,573.103,24.316,363.9655,24.316,51.534,0.04242867337982876,0.6350786856812826,138.0,0.0,0.0,121038.0,23700.0,0.0,0.0,1816.0,445.0,2023-2024,144738.0,2261.0,53.258426966292134,2023,8,August,Wednesday
2023-08-17,23183.25,7036.020833333333,11419.270833333334,-652.9583333333334,7036.020833333333,27838.0,10472.0,556.398,168.8645,274.0625,168.8645,-15.671,0.3034958788493129,0.49256557356424713,139.0,0.0,0.0,296325.0,1104497.0,0.0,0.0,4990.0,-4114.0,2023-2024,1400822.0,876.0,-268.47277588721437,2023,8,August,Thursday
2023-08-18,23316.854166666668,9022.041666666666,9040.5625,102.29166666666667,9022.041666666666,27825.0,10201.0,559.6045,216.529,216.9735,216.529,2.455,0.38693219943728113,0.38772651041941225,140.0,0.0,27355.0,505931.0,11150549.0,0.0,2994.0,12882.0,-55490.0,2023-2024,11683835.0,-39614.0,-200.94699945936205,2023,8,August,Friday
2023-08-19,18745.458333333332,10729.541666666666,5356.5625,-1694.4166666666667,10729.541666666666,23693.0,13073.0,449.891,257.509,128.5575,257.509,-40.666,0.5723808655874423,0.28575254895074587,141.0,0.0,1349409.0,1896869.0,13088113.0,0.0,34372.0,32715.0,-69151.0,2023-2024,16334391.0,-2064.0,-189.26860059868983,2023,8,August,Saturday
2023-08-20,19473.958333333332,5377.25,6803.5625,2660.625,5377.25,24745.0,8499.0,467.375,129.054,163.2855,129.054,63.855,0.27612516715699387,0.3493672104840867,142.0,0.0,551455.0,1638336.0,1616336.0,0.0,16118.0,19743.0,3392.0,2023-2024,3806127.0,39253.0,476.5141509433962,2023,8,August,Sunday
2023-08-21,22166.708333333332,7401.666666666667,10016.229166666666,-173.41666666666666,7401.666666666667,27208.0,9296.0,532.001,177.64,240.3895,177.64,-4.162,0.33390914678731803,0.45185911304678,143.0,0.0,0.0,381497.0,6721795.0,0.0,0.0,8709.0,710.0,2023-2024,7103292.0,9419.0,9467.31690140845,2023,8,August,Monday
2023-08-22,22451.1875,6621.395833333333,11845.729166666666,-1086.5416666666667,6621.395833333333,27841.0,8493.0,538.8285,158.9135,284.2975,158.9135,-26.077,0.29492408066759646,0.5276214973781083,144.0,0.0,0.0,223547.0,8019167.0,0.0,0.0,8017.0,-18784.0,2023-2024,8242714.0,-10767.0,-426.91476788756387,2023,8,August,Tuesday
2023-08-23,23986.291666666668,2116.5208333333335,16234.8125,-34.916666666666664,2116.5208333333335,28713.0,4622.0,575.671,50.7965,389.6355,50.7965,-0.838,0.08823876832426855,0.6768371170338613,145.0,0.0,0.0,10051.0,832684.0,0.0,0.0,166.0,16914.0,2023-2024,842735.0,17080.0,49.230459973986044,2023,8,August,Wednesday
2023-08-24,24381.104166666668,2782.0208333333335,15881.041666666666,-324.125,2782.0208333333335,28332.0,4413.0,585.1465,66.7685,381.145,66.7685,-7.779,0.11410561286788866,0.6513667944694193,146.0,0.0,0.0,46947.0,273536.0,0.0,0.0,1666.0,6050.0,2023-2024,320483.0,7716.0,45.212561983471076,2023,8,August,Thursday
2023-08-25,23188.979166666668,2597.7083333333335,14810.708333333334,-468.2083333333333,2597.7083333333335,26846.0,4540.0,556.5355,62.345,355.457,62.345,-11.237,0.11202340192135093,0.6386960041183357,147.0,0.0,0.0,42338.0,1078831.0,0.0,0.0,1575.0,8927.0,2023-2024,1121169.0,10502.0,120.85034166013219,2023,8,August,Friday
2023-08-26,20616.791666666668,2011.4583333333333,9479.520833333334,2796.4166666666665,2011.4583333333333,24950.0,3329.0,494.803,48.275,227.5085,48.275,67.114,0.09756408105852228,0.4597961208804312,148.0,0.0,0.0,400644.0,85529.0,0.0,0.0,8403.0,-407.0,2023-2024,486173.0,7996.0,-210.14496314496316,2023,8,August,Saturday
2023-08-27,20139.583333333332,3317.1041666666665,7041.0625,3370.0833333333335,3317.1041666666665,25186.0,4402.0,483.35,79.6105,168.9855,79.6105,80.882,0.16470569980345504,0.34961311678907625,149.0,0.0,0.0,713979.0,453228.0,0.0,0.0,14129.0,-2783.0,2023-2024,1167207.0,11346.0,-162.85591088753145,2023,8,August,Sunday
2023-08-28,20969.666666666668,2990.5,10581.3125,643.6666666666666,2990.5,26526.0,5386.0,503.272,71.772,253.9515,71.772,15.448,0.14261075521785438,0.5046008917642945,150.0,0.0,0.0,346920.0,21766.0,0.0,0.0,5685.0,800.0,2023-2024,368686.0,6485.0,27.2075,2023,8,August,Monday
2023-08-29,23695.291666666668,4937.020833333333,12149.229166666666,43.333333333333336,4937.020833333333,28373.0,7593.0,568.687,118.4885,291.5815,118.4885,1.04,0.2083545078399893,0.512727563668591,151.0,0.0,0.0,130044.0,2492206.0,0.0,0.0,2612.0,3557.0,2023-2024,2622250.0,6169.0,700.648299128479,2023,8,August,Tuesday
2023-08-30,23342.729166666668,4965.916666666667,11418.5625,425.6666666666667,4965.916666666667,29353.0,6864.0,560.2255,119.182,274.0455,119.182,10.216,0.21273933442872558,0.4891699860145602,152.0,0.0,0.0,379463.0,452194.0,0.0,0.0,4833.0,-2628.0,2023-2024,831657.0,2205.0,-172.06773211567733,2023,8,August,Wednesday
2023-08-31,24978.166666666668,1785.4583333333333,14273.104166666666,2464.7083333333335,1785.4583333333333,29795.0,2550.0,599.476,42.851,342.5545,42.851,59.153,0.07148075986361423,0.5714232096030534,153.0,0.0,0.0,121490.0,213765.0,0.0,0.0,2355.0,-2551.0,2023-2024,335255.0,-196.0,-83.79655037240298,2023,8,August,Thursday
2023-09-01,24130.166666666668,1850.2083333333333,14900.916666666666,888.5416666666666,1850.2083333333333,27925.0,2300.0,579.124,44.405,357.622,44.405,21.325,0.0766761522575476,0.6175223268246524,154.0,0.0,0.0,95108.0,424220.0,0.0,0.0,3304.0,-3897.0,2023-2024,519328.0,-593.0,-108.85809597125994,2023,9,September,Friday
2023-09-02,21237.541666666668,1741.1458333333333,11182.625,1946.0416666666667,1741.1458333333333,25620.0,3060.0,509.701,41.7875,268.383,41.7875,46.705,0.08198433983845431,0.5265498792429286,155.0,0.0,37261.0,256535.0,1286647.0,0.0,1548.0,4589.0,-13890.0,2023-2024,1580443.0,-7753.0,-92.63117350611951,2023,9,September,Saturday
2023-09-03,20076.333333333332,3836.1666666666665,6341.770833333333,3617.9166666666665,3836.1666666666665,27052.0,4350.0,481.832,92.068,152.2025,92.068,86.83,0.19107904829899217,0.31588292184827904,156.0,0.0,1022589.0,909749.0,7871304.0,0.0,25717.0,19459.0,-53021.0,2023-2024,9803642.0,-7845.0,-148.4563474849588,2023,9,September,Sunday
2023-09-04,23888.125,3463.25,10970.229166666666,2901.875,3463.25,30579.0,4078.0,573.315,83.118,263.2855,83.118,69.645,0.1449778917349101,0.4592335801435511,157.0,0.0,0.0,183917.0,2275610.0,0.0,0.0,8289.0,-31775.0,2023-2024,2459527.0,-23486.0,-71.61636506687647,2023,9,September,Monday
2023-09-05,24779.104166666668,3823.75,13936.1875,565.4583333333334,3823.75,31130.0,5810.0,594.6985,91.77,334.4685,91.77,13.571,0.1543134882633805,0.5624169221883022,158.0,0.0,0.0,330055.0,167788.0,0.0,0.0,5994.0,-1827.0,2023-2024,497843.0,4167.0,-91.83798576902025,2023,9,September,Tuesday
2023-09-06,25931.541666666668,2764.1875,15642.020833333334,1011.4583333333334,2764.1875,31683.0,4756.0,622.357,66.3405,375.4085,66.3405,24.275,0.10659557135213392,0.6032044308973789,159.0,0.0,0.0,233619.0,800450.0,0.0,0.0,5294.0,-16217.0,2023-2024,1034069.0,-10923.0,-49.35869766294629,2023,9,September,Wednesday
2023-09-07,25930.854166666668,1444.4583333333333,15641.354166666666,2315.3333333333335,1444.4583333333333,31657.0,2710.0,622.3405,34.667,375.3925,34.667,55.568,0.05570423265077558,0.603194714147641,160.0,0.0,0.0,222502.0,851873.0,0.0,0.0,5278.0,-11740.0,2023-2024,1074375.0,-6462.0,-72.56158432708688,2023,9,September,Thursday
2023-09-08,25719.875,380.9583333333333,17032.291666666668,1773.7916666666667,380.9583333333333,29713.0,965.0,617.277,9.143,408.775,9.143,42.571,0.014811826781169556,0.6622229566304916,161.0,0.0,0.0,172374.0,17622.0,0.0,0.0,3808.0,-114.0,2023-2024,189996.0,3694.0,-154.57894736842104,2023,9,September,Friday
2023-09-09,22876.291666666668,1697.7083333333333,12560.708333333334,2255.2916666666665,1697.7083333333333,27960.0,2677.0,549.031,40.745,301.457,40.745,54.127,0.07421256723208708,0.5490709996339005,162.0,0.0,0.0,228947.0,1237686.0,0.0,0.0,5626.0,-13322.0,2023-2024,1466633.0,-7696.0,-92.90541960666566,2023,9,September,Saturday
2023-09-10,23432.333333333332,1717.375,13159.541666666666,2170.8333333333335,1717.375,28547.0,3927.0,562.376,41.217,315.829,41.217,52.1,0.07329082322147461,0.5615975788440475,163.0,0.0,0.0,240049.0,104290.0,0.0,0.0,4984.0,-414.0,2023-2024,344339.0,4570.0,-251.90821256038646,2023,9,September,Sunday
2023-09-11,25485.708333333332,3946.0833333333335,15217.979166666666,-161.29166666666666,3946.0833333333335,31011.0,6070.0,611.657,94.706,365.2315,94.706,-3.871,0.15483514453361932,0.5971181560907501,164.0,0.0,0.0,75009.0,1601910.0,0.0,0.0,6121.0,-10213.0,2023-2024,1676919.0,-4092.0,-156.85009301870164,2023,9,September,Monday
2023-09-12,26068.458333333332,3201.375,17088.770833333332,-848.7083333333334,3201.375,30706.0,6198.0,625.643,76.833,410.1305,76.833,-20.369,0.1228064567173292,0.6555343862234533,165.0,0.0,0.0,180633.0,1063464.0,0.0,0.0,3551.0,-10544.0,2023-2024,1244097.0,-6993.0,-100.85963581183611,2023,9,September,Tuesday
2023-09-13,24380.895833333332,5145.5,12413.291666666666,204.25,5145.5,30262.0,7296.0,585.1415,123.492,297.919,123.492,4.902,0.21104638792497202,0.5091400968825489,166.0,0.0,0.0,191755.0,3175824.0,0.0,0.0,4623.0,-19081.0,2023-2024,3367579.0,-14458.0,-166.43907552015094,2023,9,September,Wednesday
2023-09-14,24412.875,5371.1875,12448.6875,198.25,5371.1875,30530.0,8667.0,585.909,128.9085,298.7685,128.9085,4.758,0.22001454150729893,0.5099230426567949,167.0,0.0,0.0,112681.0,9162566.0,0.0,0.0,5858.0,-63531.0,2023-2024,9275247.0,-57673.0,-144.22197037666652,2023,9,September,Thursday
2023-09-15,24638.645833333332,2429.9375,13078.6875,2480.375,2429.9375,30019.0,4731.0,591.3275,58.3185,313.8885,58.3185,59.529,0.09862301347392097,0.5308200616409688,168.0,0.0,0.0,102314.0,1177693.0,0.0,0.0,1864.0,-16720.0,2023-2024,1280007.0,-14856.0,-70.43618421052632,2023,9,September,Friday
2023-09-16,22189.833333333332,4221.145833333333,8090.083333333333,3316.125,4221.145833333333,27310.0,6048.0,532.556,101.3075,194.162,101.3075,79.587,0.19022882100661714,0.36458513283110133,169.0,0.0,18378.0,657740.0,927349.0,0.0,525.0,8856.0,-15528.0,2023-2024,1603467.0,-6147.0,-59.72108449252963,2023,9,September,Saturday
2023-09-17,22257.875,5902.458333333333,7076.645833333333,3008.875,5902.458333333333,28365.0,7262.0,534.189,141.659,169.8395,141.659,72.213,0.2651851685452153,0.31793896916634373,170.0,0.0,591769.0,1005035.0,286274.0,0.0,8376.0,14144.0,-10411.0,2023-2024,1883078.0,12109.0,-27.49726251080588,2023,9,September,Sunday
2023-09-18,23907.416666666668,10792.854166666666,4019.8333333333335,2936.625,10792.854166666666,29639.0,14278.0,573.778,259.0285,96.476,259.0285,70.479,0.4514437639644601,0.16814168546023026,171.0,0.0,571326.0,727083.0,1506103.0,0.0,10740.0,10506.0,-10005.0,2023-2024,2804512.0,11241.0,-150.53503248375813,2023,9,September,Monday
2023-09-19,24523.1875,12722.833333333334,3662.1458333333335,2018.9583333333333,12722.833333333334,30174.0,14185.0,588.5565,305.348,87.8915,305.348,48.455,0.5188083047252048,0.14933400616593306,172.0,0.0,352206.0,2889556.0,1772919.0,0.0,4683.0,21374.0,-9564.0,2023-2024,5014681.0,16493.0,-185.3742158092848,2023,9,September,Tuesday
2023-09-20,24369.770833333332,12130.645833333334,4252.291666666667,2116.7083333333335,12130.645833333334,30426.0,14339.0,584.8745,291.1355,102.055,291.1355,50.801,0.49777430884745355,0.17449042486892488,173.0,0.0,441051.0,1172535.0,10812588.0,0.0,10129.0,19271.0,-61211.0,2023-2024,12426174.0,-31811.0,-176.64452467693715,2023,9,September,Wednesday
2023-09-21,24799.770833333332,5686.666666666667,9753.125,2303.75,5686.666666666667,31824.0,9140.0,595.1945,136.48,234.075,136.48,55.29,0.22930319416594072,0.3932748034466044,174.0,0.0,171790.0,149360.0,7478554.0,0.0,5680.0,9536.0,-34751.0,2023-2024,7799704.0,-19535.0,-215.20399412966535,2023,9,September,Thursday
2023-09-22,24318.4375,5002.1875,7946.916666666667,4168.916666666667,5002.1875,29850.0,7853.0,583.6425,120.0525,190.726,120.0525,100.054,0.20569526722265769,0.3267856607426635,175.0,0.0,0.0,542986.0,1176506.0,0.0,0.0,5610.0,-8326.0,2023-2024,1719492.0,-2716.0,-141.30506846024502,2023,9,September,Friday
2023-09-23,21921.5625,4705.520833333333,7275.604166666667,3217.8333333333335,4705.520833333333,27836.0,10524.0,526.1175,112.9325,174.6145,112.9325,77.228,0.2146526203747262,0.3318925905334835,176.0,0.0,178330.0,662299.0,829407.0,0.0,2822.0,9812.0,-6844.0,2023-2024,1670036.0,5790.0,-121.187463471654,2023,9,September,Saturday
2023-09-24,20509.25,12966.666666666666,3628.8958333333335,-973.1666666666666,12966.666666666666,25765.0,15344.0,492.222,311.2,87.0935,311.2,-23.356,0.6322350484131144,0.1769394704015668,177.0,0.0,2561407.0,1875529.0,11245456.0,0.0,48572.0,22016.0,-65963.0,2023-2024,15682392.0,4625.0,-170.48126980276822,2023,9,September,Sunday
2023-09-25,22913.5625,9999.229166666666,7094.3125,-710.2083333333334,9999.229166666666,31446.0,13036.0,549.9255,239.9815,170.2635,239.9815,-17.045,0.43638911088865673,0.30961193834437567,178.0,0.0,1265824.0,1494256.0,12449775.0,0.0,17630.0,13275.0,-80947.0,2023-2024,15209855.0,-50042.0,-153.80156151555957,2023,9,September,Monday
2023-09-26,24683.208333333332,9576.5625,9100.9375,-808.375,9576.5625,31349.0,13706.0,592.397,229.8375,218.4225,229.8375,-19.401,0.38797883851538745,0.36870966598412885,179.0,0.0,497319.0,184586.0,6731127.0,0.0,16918.0,6197.0,-35701.0,2023-2024,7413032.0,-12586.0,-188.54169350998572,2023,9,September,Tuesday
2023-09-27,25382.4375,8743.875,8881.229166666666,860.7916666666666,8743.875,29932.0,14458.0,609.1785,209.853,213.1495,209.853,20.659,0.3444852370856818,0.34989662307517416,180.0,0.0,196700.0,367959.0,6299061.0,0.0,2141.0,5237.0,-36126.0,2023-2024,6863720.0,-28748.0,-174.36364391297127,2023,9,September,Wednesday
2023-09-28,24523.583333333332,10718.895833333334,6631.416666666667,-1090.3333333333333,10718.895833333334,31064.0,13404.0,588.566,257.2535,159.154,257.2535,-26.168,0.43708522068892863,0.2704097756241441,181.0,0.0,313651.0,551171.0,14329720.0,0.0,12610.0,15945.0,-67584.0,2023-2024,15194542.0,-39029.0,-212.02829071969697,2023,9,September,Thursday
2023-09-29,22584.166666666668,9748.354166666666,6518.333333333333,73.83333333333333,9748.354166666666,30040.0,12470.0,542.02,233.9605,156.44,233.9605,1.772,0.4316455112357478,0.28862403601343123,182.0,0.0,636942.0,588073.0,12963883.0,0.0,12924.0,12108.0,-67290.0,2023-2024,14188898.0,-42258.0,-192.6569029573488,2023,9,September,Friday
2023-09-30,22459.354166666668,4262.791666666667,9101.1875,2630.2083333333335,4262.791666666667,27872.0,9865.0,539.0245,102.307,218.4285,102.307,63.125,0.189800278094966,0.4052292613786572,183.0,0.0,90002.0,270460.0,722061.0,0.0,2584.0,5793.0,-3946.0,2023-2024,1082523.0,4431.0,-182.98555499239737,2023,9,September,Saturday
2023-10-01,22692.708333333332,8781.395833333334,6709.0,1002.9166666666666,8781.395833333334,29752.0,11260.0,544.625,210.7535,161.016,210.7535,24.07,0.38696993344044067,0.2956456277254992,184.0,0.0,723235.0,1471008.0,4154739.0,0.0,18375.0,14980.0,-27479.0,2023-2024,6348982.0,5876.0,-151.19687761563375,2023,10,October,Sunday
2023-10-02,26223.604166666668,4134.9375,13815.6875,1457.2083333333333,4134.9375,32611.0,8338.0,629.3665,99.2385,331.5765,99.2385,34.973,0.15767998455589868,0.5268416733334234,185.0,0.0,1749.0,77026.0,4335881.0,0.0,463.0,7543.0,-30973.0,2023-2024,4414656.0,-22967.0,-139.98905498337263,2023,10,October,Monday
2023-10-03,23960.458333333332,12510.0,4084.4791666666665,2010.4166666666667,12510.0,30995.0,15438.0,575.051,300.24,98.0275,300.24,48.25,0.5221102128332965,0.17046748897054348,186.0,0.0,550073.0,1275926.0,3260799.0,0.0,11698.0,22095.0,-20060.0,2023-2024,5086798.0,13733.0,-162.5522931206381,2023,10,October,Tuesday
2023-10-04,24353.5,12892.270833333334,5672.479166666667,-369.375,12892.270833333334,31850.0,14469.0,584.484,309.4145,136.1395,309.4145,-8.865,0.5293806160647682,0.23292254364533502,187.0,0.0,492414.0,866407.0,3525820.0,0.0,13898.0,11570.0,-13358.0,2023-2024,4884641.0,12110.0,-263.94819583770027,2023,10,October,Wednesday
2023-10-05,25149.583333333332,10462.854166666666,8849.895833333334,-697.875,10462.854166666666,31310.0,14945.0,603.59,251.1085,212.3975,251.1085,-16.749,0.4160249507115757,0.3518903560363823,188.0,0.0,57420.0,588197.0,3498406.0,0.0,2895.0,9536.0,-5223.0,2023-2024,4144023.0,7208.0,-669.807773310358,2023,10,October,Thursday
2023-10-06,23419.770833333332,12784.041666666666,4751.9375,68.70833333333333,12784.041666666666,30396.0,14444.0,562.0745,306.817,114.0465,306.817,1.649,0.5458653612643877,0.20290281804280394,189.0,0.0,1327053.0,2282739.0,4408517.0,0.0,19654.0,16447.0,-39229.0,2023-2024,8018309.0,-3128.0,-112.37903081903694,2023,10,October,Friday
2023-10-07,21809.729166666668,9766.895833333334,4880.604166666667,2185.75,9766.895833333334,27976.0,12600.0,523.4335,234.4055,117.1345,234.4055,52.458,0.4478228848554783,0.22378105337163176,190.0,0.0,1766126.0,2515961.0,605509.0,0.0,24985.0,19359.0,-2699.0,2023-2024,4887596.0,41645.0,-224.34568358651353,2023,10,October,Saturday
2023-10-08,21540.291666666668,5342.541666666667,8017.291666666667,2080.4583333333335,5342.541666666667,28873.0,7020.0,516.967,128.221,192.415,128.221,49.931,0.24802550259494321,0.372199772906201,191.0,0.0,80704.0,766593.0,1960351.0,0.0,1950.0,11054.0,-6308.0,2023-2024,2807648.0,6696.0,-310.77219403931514,2023,10,October,Sunday
2023-10-09,25116.729166666668,3905.9791666666665,14347.666666666666,-119.125,3905.9791666666665,32904.0,6933.0,602.8015,93.7435,344.344,93.7435,-2.859,0.1555130503159,0.5712394544472765,192.0,0.0,0.0,127364.0,492381.0,0.0,0.0,5779.0,-2872.0,2023-2024,619745.0,2907.0,-171.44185236768803,2023,10,October,Monday
2023-10-10,24322.166666666668,9702.9375,9086.895833333334,-1259.375,9702.9375,30757.0,13819.0,583.732,232.8705,218.0855,232.8705,-30.225,0.3989339285836651,0.37360552445300244,193.0,0.0,100794.0,394217.0,11218701.0,0.0,6055.0,9669.0,-52009.0,2023-2024,11713712.0,-36285.0,-215.70691611067315,2023,10,October,Tuesday
2023-10-11,25316.145833333332,9926.083333333334,7405.520833333333,1383.0,9926.083333333334,33374.0,13036.0,607.5875,238.226,177.7325,238.226,33.192,0.3920850906248071,0.29252165325981855,194.0,0.0,676030.0,1291769.0,8937523.0,0.0,9557.0,14965.0,-50464.0,2023-2024,10905322.0,-25942.0,-177.10690789473685,2023,10,October,Wednesday
2023-10-12,27122.291666666668,2922.625,15383.333333333334,1847.3333333333333,2922.625,33526.0,5215.0,650.935,70.143,369.2,70.143,44.336,0.10775730295651641,0.5671841274474411,195.0,0.0,48236.0,297835.0,4252444.0,0.0,2221.0,5387.0,-24231.0,2023-2024,4598515.0,-16623.0,-175.49601749824606,2023,10,October,Thursday
2023-10-13,25183.541666666668,11124.125,4303.395833333333,3584.0,11124.125,30470.0,14632.0,604.405,266.979,103.2815,266.979,86.016,0.4417220241394429,0.17088127993646643,196.0,0.0,75964.0,1139842.0,10257558.0,0.0,2467.0,31084.0,-51431.0,2023-2024,11473364.0,-17880.0,-199.44309852034766,2023,10,October,Friday
2023-10-14,21712.3125,11771.791666666666,3272.0208333333335,1815.3333333333333,11771.791666666666,29840.0,12596.0,521.0955,282.523,78.5285,282.523,43.568,0.542171252678252,0.15069886421970635,197.0,0.0,1258937.0,3051982.0,9073141.0,0.0,15965.0,31628.0,-50115.0,2023-2024,13384060.0,-2522.0,-181.0464132495261,2023,10,October,Saturday
2023-10-15,23215.729166666668,7780.8125,6139.416666666667,3213.75,7780.8125,32836.0,12341.0,557.1775,186.7395,147.346,186.7395,77.13,0.33515262192030365,0.26445073607602604,198.0,0.0,401176.0,954650.0,3708813.0,0.0,8422.0,19869.0,-11480.0,2023-2024,5064639.0,16811.0,-323.06733449477355,2023,10,October,Sunday
2023-10-16,28635.5625,2454.4375,15777.416666666666,3351.7083333333335,2454.4375,36747.0,4242.0,687.2535,58.9065,378.658,58.9065,80.441,0.08571291379381843,0.5509728215280096,199.0,0.0,0.0,268997.0,1747040.0,0.0,0.0,6291.0,-7420.0,2023-2024,2016037.0,-1129.0,-235.4501347708895,2023,10,October,Monday
2023-10-17,26747.791666666668,8634.354166666666,8990.625,1928.0,8634.354166666666,34672.0,14944.0,641.947,207.2245,215.775,207.2245,46.272,0.32280624412918824,0.33612587955080403,200.0,0.0,175826.0,1031044.0,67359.0,0.0,2687.0,11597.0,-49.0,2023-2024,1274229.0,14235.0,-1374.6734693877552,2023,10,October,Tuesday
2023-10-18,26407.354166666668,15286.0625,3907.125,999.25,15286.0625,33799.0,16132.0,633.7765,366.8655,93.771,366.8655,23.982,0.5788562687319583,0.14795594345956342,201.0,0.0,566939.0,2773447.0,10496614.0,0.0,5816.0,29373.0,-53641.0,2023-2024,13837000.0,-18452.0,-195.68266810834996,2023,10,October,Wednesday
2023-10-19,26605.770833333332,11930.729166666666,8467.770833333334,596.4583333333334,11930.729166666666,33825.0,14845.0,638.5385,286.3375,203.2265,286.3375,14.315,0.44842636739992964,0.3182682015258281,202.0,0.0,222362.0,1341744.0,10350648.0,0.0,5323.0,22401.0,-48106.0,2023-2024,11914754.0,-20382.0,-215.16334760736706,2023,10,October,Thursday
2023-10-20,26208.958333333332,13162.208333333334,5590.333333333333,1719.9166666666667,13162.208333333334,32723.0,14708.0,629.015,315.893,134.168,315.893,41.278,0.502202650175274,0.21329856998640734,203.0,0.0,167766.0,828843.0,14254935.0,0.0,5665.0,24789.0,-74935.0,2023-2024,15251544.0,-44481.0,-190.23066657770067,2023,10,October,Friday
2023-10-21,24566.416666666668,8957.9375,6339.25,3307.0833333333335,8957.9375,31664.0,10538.0,589.594,214.9905,152.142,214.9905,79.37,0.3646416008304019,0.25804536681173823,204.0,0.0,306436.0,1418569.0,6938335.0,0.0,6649.0,23697.0,-36437.0,2023-2024,8663340.0,-6091.0,-190.42004006916048,2023,10,October,Saturday
2023-10-22,23745.729166666668,4559.979166666667,8706.125,3699.375,4559.979166666667,32303.0,8865.0,569.8975,109.4395,208.947,109.4395,88.785,0.19203365517483406,0.36663961501849013,205.0,0.0,1087488.0,587645.0,814844.0,0.0,11139.0,8555.0,-2537.0,2023-2024,2489977.0,17157.0,-321.18407567993694,2023,10,October,Sunday
2023-10-23,27595.833333333332,4623.958333333333,14267.520833333334,1706.2916666666667,4623.958333333333,35705.0,9470.0,662.3,110.975,342.4205,110.975,40.951,0.16756001811867735,0.5170172127434698,206.0,0.0,0.0,499676.0,163970.0,0.0,0.0,13610.0,-369.0,2023-2024,663646.0,13241.0,-444.3631436314363,2023,10,October,Monday
2023-10-24,28335.375,5581.958333333333,13263.854166666666,2718.375,5581.958333333333,36861.0,8807.0,680.049,133.967,318.3325,133.967,65.241,0.1969960988105269,0.46810229851084256,207.0,0.0,0.0,599408.0,1748721.0,0.0,0.0,12539.0,-10497.0,2023-2024,2348129.0,2042.0,-166.59245498713918,2023,10,October,Tuesday
2023-10-25,28687.395833333332,3618.0,14675.791666666666,3698.6666666666665,3618.0,36615.0,4760.0,688.4975,86.832,352.219,86.832,88.768,0.12611810500401235,0.5115762947577879,208.0,0.0,0.0,446401.0,5809089.0,0.0,0.0,9246.0,-37288.0,2023-2024,6255490.0,-28042.0,-155.78977150826003,2023,10,October,Wednesday
2023-10-26,28670.3125,6785.0625,14148.5,1087.875,6785.0625,35677.0,9316.0,688.0875,162.8415,339.564,162.8415,26.109,0.23665812850836557,0.493489563463949,209.0,0.0,0.0,472301.0,4169348.0,0.0,0.0,8634.0,-33357.0,2023-2024,4641649.0,-24723.0,-124.9916958959139,2023,10,October,Thursday
2023-10-27,27568.291666666668,5363.208333333333,11977.604166666666,3203.125,5363.208333333333,34247.0,6937.0,661.639,128.717,287.4625,128.717,76.875,0.19454264334478472,0.43447030782647333,210.0,0.0,0.0,290377.0,10585550.0,0.0,0.0,16557.0,-51091.0,2023-2024,10875927.0,-34534.0,-207.19011176136698,2023,10,October,Friday
2023-10-28,24745.6875,8481.708333333334,5080.270833333333,4287.958333333333,8481.708333333334,31204.0,12433.0,593.8965,203.561,121.9265,203.561,102.911,0.3427550086589162,0.20529923985071474,211.0,0.0,35989.0,1382170.0,10999957.0,0.0,1302.0,26595.0,-52768.0,2023-2024,12418116.0,-24871.0,-208.45885764099455,2023,10,October,Saturday
2023-10-29,24203.96,11436.16,4335.96,3184.04,11436.16,33340.0,13527.0,605.099,285.904,108.399,285.904,79.601,0.4724912782866935,0.1791425865850051,212.0,0.0,232995.0,1483019.0,11991513.0,0.0,7791.0,31249.0,-51680.0,2023-2024,13707527.0,-12640.0,-232.03392027863777,2023,10,October,Sunday
2023-10-30,28019.645833333332,8024.3125,10838.479166666666,2416.625,8024.3125,37320.0,11989.0,672.4715,192.5835,260.1235,192.5835,57.999,0.28638165334887794,0.3868171364883121,213.0,0.0,0.0,1795713.0,3174370.0,0.0,0.0,18234.0,-11556.0,2023-2024,4970083.0,6678.0,-274.69453097957773,2023,10,October,Monday
2023-10-31,29142.833333333332,6337.0,9938.229166666666,5638.125,6337.0,37120.0,7351.0,699.428,152.088,238.5175,152.088,135.315,0.21744625608354254,0.3410179460930932,214.0,0.0,0.0,604093.0,1437722.0,0.0,0.0,16319.0,-4452.0,2023-2024,2041815.0,11867.0,-322.93845462713386,2023,10,October,Tuesday
2023-11-01,27936.541666666668,12857.375,4401.083333333333,4555.291666666667,12857.375,36419.0,15341.0,670.477,308.577,105.626,308.577,109.327,0.4602350267048683,0.1575385881991478,215.0,0.0,306966.0,2107563.0,7310073.0,0.0,4732.0,23145.0,-25657.0,2023-2024,9724602.0,2220.0,-284.91534474022683,2023,11,November,Wednesday
2023-11-02,28936.166666666668,11662.0,6485.125,4662.791666666667,11662.0,37053.0,13159.0,694.468,279.888,155.643,279.888,111.907,0.4030250493903247,0.22411831790665662,216.0,0.0,1057973.0,2299171.0,2517622.0,0.0,9898.0,21576.0,-10482.0,2023-2024,5874766.0,20992.0,-240.18526998664376,2023,11,November,Thursday
2023-11-03,28088.729166666668,11399.979166666666,6666.604166666667,2973.4166666666665,11399.979166666666,37076.0,13030.0,674.1295,273.5995,159.9985,273.5995,71.362,0.4058559965110561,0.23734089666748007,217.0,0.0,0.0,1205348.0,4624790.0,0.0,0.0,14412.0,-9367.0,2023-2024,5830138.0,5045.0,-493.73225152129817,2023,11,November,Friday
2023-11-04,27262.833333333332,6507.625,9124.083333333334,6314.125,6507.625,34899.0,10173.0,654.308,156.183,218.978,156.183,151.539,0.23869951154502161,0.3346711334723097,218.0,0.0,0.0,1054332.0,30065.0,0.0,0.0,17213.0,432.0,2023-2024,1084397.0,17645.0,69.5949074074074,2023,11,November,Saturday
2023-11-05,25675.395833333332,6242.875,8519.833333333334,5894.416666666667,6242.875,35737.0,8802.0,616.2095,149.829,204.476,149.829,141.466,0.24314620271190235,0.33182870436109796,219.0,0.0,458448.0,1539726.0,117351.0,0.0,5456.0,20221.0,-462.0,2023-2024,2115525.0,25215.0,-254.0064935064935,2023,11,November,Sunday
2023-11-06,28823.8125,9781.791666666666,8242.895833333334,4549.458333333333,9781.791666666666,38659.0,12161.0,691.7715,234.763,197.8295,234.763,109.187,0.3393649492643164,0.2859752100223846,220.0,0.0,49907.0,1248789.0,15182.0,0.0,836.0,13672.0,266.0,2023-2024,1313878.0,14774.0,57.07518796992481,2023,11,November,Monday
2023-11-07,29289.708333333332,9320.8125,9946.145833333334,3422.625,9320.8125,39050.0,10886.0,702.953,223.6995,238.7075,223.6995,82.143,0.3182282457006372,0.3395781794799937,221.0,0.0,21858.0,1334666.0,195647.0,0.0,411.0,13556.0,-344.0,2023-2024,1552171.0,13623.0,-568.7412790697674,2023,11,November,Tuesday
2023-11-08,29802.875,10862.708333333334,7936.229166666667,4400.666666666667,10862.708333333334,38323.0,14991.0,715.269,260.705,190.4695,260.705,105.616,0.3644852496053932,0.26629072418908134,222.0,0.0,65046.0,707881.0,10042127.0,0.0,2083.0,15588.0,-50451.0,2023-2024,10815054.0,-32780.0,-199.04713484370973,2023,11,November,Wednesday
2023-11-09,30356.395833333332,8049.895833333333,10819.875,4609.833333333333,8049.895833333333,38918.0,9741.0,728.5535,193.1975,259.677,193.1975,110.636,0.26517956471281795,0.35642818269351534,223.0,0.0,444691.0,722839.0,645168.0,0.0,4159.0,7692.0,333.0,2023-2024,1812698.0,12184.0,1937.4414414414414,2023,11,November,Thursday
2023-11-10,30392.708333333332,6965.270833333333,11694.75,4624.541666666667,6965.270833333333,38665.0,11317.0,729.425,167.1665,280.674,167.1665,110.989,0.22917572060184396,0.3847880179593515,224.0,0.0,0.0,807430.0,534387.0,0.0,0.0,9985.0,-2454.0,2023-2024,1341817.0,7531.0,-217.76161369193153,2023,11,November,Friday
2023-11-11,27685.5,4880.104166666667,11428.395833333334,4260.583333333333,4880.104166666667,36680.0,9753.0,664.452,117.1225,274.2815,117.1225,102.254,0.17626931666997767,0.41279355017367697,225.0,0.0,0.0,921945.0,719180.0,0.0,0.0,9935.0,-3078.0,2023-2024,1641125.0,6857.0,-233.65172189733593,2023,11,November,Saturday
2023-11-12,28218.0625,5655.854166666667,11245.4375,4291.333333333333,5655.854166666667,37602.0,9504.0,677.2335,135.7405,269.8905,135.7405,102.992,0.2004338237845588,0.3985191222820489,226.0,0.0,13977.0,591544.0,1227862.0,0.0,1650.0,8878.0,-6576.0,2023-2024,1833383.0,3952.0,-186.71867396593674,2023,11,November,Sunday
2023-11-13,28063.979166666668,13261.583333333334,6225.8125,2645.4583333333335,13261.583333333334,37298.0,16544.0,673.5355,318.278,149.4195,318.278,63.491,0.4725482175772473,0.22184354054092176,227.0,0.0,377287.0,830250.0,6224462.0,0.0,11579.0,14224.0,-33125.0,2023-2024,7431999.0,-7322.0,-187.90828679245283,2023,11,November,Monday
2023-11-14,29807.375,9470.583333333334,9968.25,3487.7916666666665,9470.583333333334,38720.0,12504.0,715.377,227.294,239.238,227.294,83.707,0.31772617794533514,0.33442226965641897,228.0,0.0,938333.0,766454.0,349482.0,0.0,10395.0,15348.0,-989.0,2023-2024,2054269.0,24754.0,-353.3690596562184,2023,11,November,Tuesday
2023-11-15,29744.958333333332,9797.479166666666,12833.416666666666,764.875,9797.479166666666,39433.0,13437.0,713.879,235.1395,308.002,235.1395,18.357,0.32938285059512884,0.4314484667569714,229.0,0.0,354211.0,972200.0,302821.0,0.0,6553.0,10439.0,-2065.0,2023-2024,1629232.0,14927.0,-146.64455205811137,2023,11,November,Wednesday
2023-11-16,32474.6875,1269.6875,20501.541666666668,4071.5833333333335,1269.6875,40257.0,1866.0,779.3925,30.4725,492.037,30.4725,97.718,0.03909775883139753,0.6313083587537729,230.0,0.0,0.0,331394.0,608340.0,0.0,0.0,5647.0,-3342.0,2023-2024,939734.0,2305.0,-182.02872531418313,2023,11,November,Thursday
2023-11-17,30777.604166666668,2153.0833333333335,19730.3125,2700.6666666666665,2153.0833333333335,38779.0,7879.0,738.6625,51.674,473.5275,51.674,64.816,0.06995617078164926,0.641060700929044,231.0,0.0,0.0,458752.0,677640.0,0.0,0.0,7463.0,-5589.0,2023-2024,1136392.0,1874.0,-121.24530327428879,2023,11,November,Friday
2023-11-18,25944.520833333332,13605.229166666666,4568.416666666667,3160.6666666666665,13605.229166666666,32770.0,15028.0,622.6685,326.5255,109.642,326.5255,75.856,0.5243970106083735,0.17608406399231694,232.0,0.0,392747.0,1735739.0,3812465.0,0.0,4936.0,24330.0,-22580.0,2023-2024,5940951.0,6686.0,-168.8425597874225,2023,11,November,Saturday
2023-11-19,25281.520833333332,12639.645833333334,5211.75,3018.3333333333335,12639.645833333334,35041.0,14475.0,606.7565,303.3515,125.082,303.3515,72.44,0.4999559131216559,0.20614859502947228,233.0,0.0,1154586.0,3103625.0,0.0,0.0,10586.0,25725.0,0.0,2023-2024,4258211.0,36311.0,,2023,11,November,Sunday
2023-11-20,29418.1875,8452.916666666666,12982.875,2188.6666666666665,8452.916666666666,37853.0,11276.0,706.0365,202.87,311.589,202.87,52.528,0.2873364195760417,0.44132137644441893,234.0,0.0,124214.0,804641.0,4820501.0,0.0,2725.0,10845.0,-38987.0,2023-2024,5749356.0,-25417.0,-123.64380434503809,2023,11,November,Monday
2023-11-21,30724.520833333332,7600.458333333333,16674.4375,-257.7916666666667,7600.458333333333,40336.0,9195.0,737.3885,182.411,400.1865,182.411,-6.187,0.24737434879985246,0.5427078127744059,235.0,0.0,0.0,541242.0,4003287.0,0.0,0.0,11045.0,-28468.0,2023-2024,4544529.0,-17423.0,-140.62410425741183,2023,11,November,Tuesday
2023-11-22,29797.729166666668,12033.229166666666,11089.541666666666,545.25,12033.229166666666,37850.0,15260.0,715.1455,288.7975,266.149,288.7975,13.086,0.40383040933628195,0.37216063024936885,236.0,0.0,233466.0,656064.0,14422963.0,0.0,7870.0,17958.0,-52638.0,2023-2024,15312493.0,-26810.0,-274.0028686500247,2023,11,November,Wednesday
2023-11-23,27864.166666666668,15149.4375,4861.104166666667,2037.9583333333333,15149.4375,36083.0,16373.0,668.74,363.5865,116.6665,363.5865,48.911,0.543688877590693,0.17445718814486946,237.0,0.0,368755.0,552551.0,13425135.0,0.0,11484.0,14980.0,-78661.0,2023-2024,14346441.0,-52197.0,-170.6707898450312,2023,11,November,Thursday
2023-11-24,29331.145833333332,12991.895833333334,6762.958333333333,3389.25,12991.895833333334,37942.0,14638.0,703.9475,311.8055,162.311,311.8055,81.342,0.44293857141335113,0.23057259241633787,238.0,0.0,247780.0,1035981.0,5897947.0,0.0,3219.0,10910.0,-41139.0,2023-2024,7181708.0,-27010.0,-143.36631906463452,2023,11,November,Friday
2023-11-25,29810.395833333332,7750.875,11375.708333333334,4601.5,7750.875,38037.0,10144.0,715.4495,186.021,273.017,186.021,110.436,0.2600057725947114,0.3816020557705331,239.0,0.0,0.0,503468.0,841472.0,0.0,0.0,8936.0,-3039.0,2023-2024,1344940.0,5897.0,-276.8910825929582,2023,11,November,Saturday
2023-11-26,30694.416666666668,2590.5833333333335,16804.895833333332,4460.291666666667,2590.5833333333335,39272.0,4038.0,736.666,62.174,403.3175,62.174,107.047,0.08439917140196507,0.5474903144708728,240.0,0.0,0.0,354333.0,316499.0,0.0,0.0,5907.0,-2310.0,2023-2024,670832.0,3597.0,-137.0125541125541,2023,11,November,Sunday
2023-11-27,32542.8125,7377.333333333333,15608.6875,2825.0833333333335,7377.333333333333,40946.0,11898.0,781.0275,177.056,374.6085,177.056,67.802,0.22669624309003206,0.4796354801847566,241.0,0.0,0.0,293745.0,3028316.0,0.0,0.0,7350.0,-28256.0,2023-2024,3322061.0,-20906.0,-107.17426387315969,2023,11,November,Monday
2023-11-28,33115.354166666664,6670.083333333333,16858.125,2533.3333333333335,6670.083333333333,41818.0,9430.0,794.7685,160.082,404.595,160.082,60.8,0.20141965868048367,0.5090727677304775,242.0,0.0,0.0,406685.0,3835078.0,0.0,0.0,7252.0,-21106.0,2023-2024,4241763.0,-13854.0,-181.70558135127453,2023,11,November,Tuesday
2023-11-29,34569.4375,4008.2291666666665,20196.854166666668,2784.3333333333335,4008.2291666666665,42559.0,8741.0,829.6665,96.1975,484.7245,96.1975,66.824,0.11594719082908614,0.5842401736119271,243.0,0.0,0.0,193396.0,1560592.0,0.0,0.0,3572.0,-7266.0,2023-2024,1753988.0,-3694.0,-214.78007156619873,2023,11,November,Wednesday
2023-11-30,35270.666666666664,4452.083333333333,24284.541666666668,-1449.5416666666667,4452.083333333333,43572.0,5613.0,846.496,106.85,582.829,106.85,-34.789,0.12622623142932748,0.6885194968434581,244.0,0.0,0.0,130729.0,841460.0,0.0,0.0,1720.0,-6959.0,2023-2024,972189.0,-5239.0,-120.91679839057336,2023,11,November,Thursday
2023-12-01,35921.791666666664,1931.2916666666667,24854.541666666668,1138.2916666666667,1931.2916666666667,43796.0,3609.0,862.123,46.351,596.509,46.351,27.319,0.053763790085637427,0.6919070712647731,245.0,0.0,0.0,135976.0,917776.0,0.0,0.0,1442.0,-2436.0,2023-2024,1053752.0,-994.0,-376.7553366174056,2023,12,December,Friday
2023-12-02,33728.916666666664,1496.4583333333333,22619.354166666668,2899.9583333333335,1496.4583333333333,41458.0,2778.0,809.494,35.915,542.8645,35.915,69.599,0.04436722199299809,0.6706220181990231,246.0,0.0,0.0,7987.0,904452.0,0.0,0.0,520.0,-4632.0,2023-2024,912439.0,-4112.0,-195.26165803108807,2023,12,December,Saturday
2023-12-03,33209.8125,6272.1875,15819.020833333334,3926.0833333333335,6272.1875,42510.0,8333.0,797.0355,150.5325,379.6565,150.5325,94.226,0.18886548968019617,0.47633574665118433,247.0,0.0,0.0,115726.0,611264.0,0.0,0.0,2597.0,-5657.0,2023-2024,726990.0,-3060.0,-108.05444581933887,2023,12,December,Sunday
2023-12-04,34738.333333333336,10613.229166666666,15129.854166666666,1511.6666666666667,10613.229166666666,43145.0,12019.0,833.72,254.7175,363.1165,254.7175,36.28,0.3055192390730701,0.43553771050232687,248.0,0.0,0.0,330269.0,1792222.0,0.0,0.0,6284.0,-16944.0,2023-2024,2122491.0,-10660.0,-105.77325306893296,2023,12,December,Monday
2023-12-05,35199.333333333336,7649.5625,18103.625,1746.5,7649.5625,43364.0,11815.0,844.784,183.5895,434.487,183.5895,41.916,0.21732123240970472,0.5143172692664634,249.0,0.0,0.0,398774.0,1001659.0,0.0,0.0,5781.0,-4769.0,2023-2024,1400433.0,1012.0,-210.03543719857413,2023,12,December,Tuesday
2023-12-06,35009.104166666664,5593.854166666667,21738.916666666668,-158.83333333333334,5593.854166666667,42702.0,9711.0,840.2185,134.2525,521.734,134.2525,-3.812,0.15978284220116554,0.6209503837394679,250.0,0.0,0.0,62878.0,4032046.0,0.0,0.0,804.0,2732.0,2023-2024,4094924.0,3536.0,1475.8587115666178,2023,12,December,Wednesday
2023-12-07,33562.4375,15014.041666666666,13953.875,-2889.2916666666665,15014.041666666666,41868.0,16961.0,805.4985,360.337,334.893,360.337,-69.343,0.4473465810302564,0.4157586885636658,251.0,0.0,0.0,226058.0,6027547.0,0.0,0.0,5885.0,-28343.0,2023-2024,6253605.0,-22458.0,-212.66439685283845,2023,12,December,Thursday
2023-12-08,32053.916666666668,11583.833333333334,12730.8125,184.875,11583.833333333334,39836.0,15933.0,769.294,278.012,305.5395,278.012,4.437,0.36138589407950666,0.3971687027326354,252.0,0.0,5269.0,356132.0,1181230.0,0.0,868.0,6349.0,-6382.0,2023-2024,1542631.0,835.0,-185.0877467878408,2023,12,December,Friday
2023-12-09,28142.416666666668,14317.520833333334,3774.3541666666665,4189.083333333333,14317.520833333334,36001.0,15608.0,675.418,343.6205,90.5845,343.6205,100.538,0.5087523577991703,0.13411620655653242,253.0,0.0,451695.0,791343.0,1660580.0,0.0,9265.0,8941.0,-9611.0,2023-2024,2903618.0,8595.0,-172.77910727291646,2023,12,December,Saturday
2023-12-10,28561.291666666668,12003.729166666666,6070.729166666667,4392.291666666667,12003.729166666666,37604.0,13060.0,685.471,288.0895,145.6975,288.0895,105.415,0.42027963254462986,0.21255093213279627,254.0,0.0,1242600.0,1488387.0,62651.0,0.0,16489.0,13226.0,-628.0,2023-2024,2793638.0,29087.0,-99.76273885350318,2023,12,December,Sunday
2023-12-11,32131.979166666668,7730.395833333333,14078.3125,3494.8333333333335,7730.395833333333,41533.0,13068.0,771.1675,185.5295,337.8795,185.5295,83.876,0.24058262310068826,0.43814022245491413,255.0,0.0,361758.0,486763.0,0.0,0.0,8068.0,5820.0,0.0,2023-2024,848521.0,13888.0,,2023,12,December,Monday
2023-12-12,32417.958333333332,7194.666666666667,16236.395833333334,1450.625,7194.666666666667,40262.0,11486.0,778.031,172.672,389.6735,172.672,34.815,0.2219346015775721,0.5008457246562155,256.0,0.0,0.0,429459.0,2350244.0,0.0,0.0,5197.0,-26608.0,2023-2024,2779703.0,-21411.0,-88.32847263980757,2023,12,December,Tuesday
2023-12-13,33140.166666666664,7834.020833333333,15959.3125,1159.2083333333333,7834.020833333333,41941.0,9887.0,795.364,188.0165,383.0235,188.0165,27.821,0.23639050799382422,0.4815700735763751,257.0,0.0,0.0,416105.0,612467.0,0.0,0.0,4988.0,-6603.0,2023-2024,1028572.0,-1615.0,-92.75586854460094,2023,12,December,Wednesday
2023-12-14,33448.0,8675.1875,18149.875,-1415.125,8675.1875,41115.0,9787.0,802.752,208.2045,435.597,208.2045,-33.963,0.25936341485290604,0.5426296041616838,258.0,0.0,0.0,71382.0,2022956.0,0.0,0.0,1383.0,-20580.0,2023-2024,2094338.0,-19197.0,-98.29718172983479,2023,12,December,Thursday
2023-12-15,31691.1875,11863.833333333334,13258.625,-642.2083333333334,11863.833333333334,38714.0,14525.0,760.5885,284.732,318.207,284.732,-15.413,0.3743574876559402,0.4183694599642251,259.0,0.0,0.0,264142.0,2916318.0,0.0,0.0,4877.0,-14976.0,2023-2024,3180460.0,-10099.0,-194.73277243589743,2023,12,December,Friday
2023-12-16,27188.770833333332,14642.833333333334,4976.270833333333,1626.5,14642.833333333334,34679.0,15798.0,652.5305,351.428,119.4305,351.428,39.036,0.5385617990270187,0.18302669377140227,260.0,0.0,1221.0,411440.0,9550971.0,0.0,757.0,6947.0,-70791.0,2023-2024,9963632.0,-63087.0,-134.91787091579437,2023,12,December,Saturday
2023-12-17,26242.0,15378.604166666666,4092.5208333333335,404.4166666666667,15378.604166666666,34948.0,16278.0,629.808,369.0865,98.2205,369.0865,9.706,0.5860301869776186,0.1559530841145238,261.0,0.0,500150.0,839146.0,6910586.0,0.0,20146.0,10270.0,-49687.0,2023-2024,8249882.0,-19271.0,-139.08237567170488,2023,12,December,Sunday
2023-12-18,30021.770833333332,13955.020833333334,8528.520833333334,-85.20833333333333,13955.020833333334,37961.0,16522.0,720.5225,334.9205,204.6845,334.9205,-2.045,0.46483003653598604,0.28407787404279533,262.0,0.0,265880.0,690601.0,1337581.0,0.0,8997.0,5990.0,-10943.0,2023-2024,2294062.0,4044.0,-122.23165493923055,2023,12,December,Monday
2023-12-19,30678.479166666668,12860.75,9047.6875,1496.0833333333333,12860.75,38355.0,16775.0,736.2835,308.658,217.1445,308.658,35.906,0.41921080670692745,0.2949196878647966,263.0,0.0,41391.0,646710.0,4913263.0,0.0,3062.0,10179.0,-30772.0,2023-2024,5601364.0,-17531.0,-159.6666774990251,2023,12,December,Tuesday
2023-12-20,29383.083333333332,16479.5625,3436.1875,2268.4166666666665,16479.5625,37362.0,17406.0,705.194,395.5095,82.4685,395.5095,54.442,0.5608520492233343,0.11694441529564915,264.0,0.0,265644.0,308214.0,5453409.0,0.0,12726.0,7337.0,-43256.0,2023-2024,6027267.0,-23193.0,-126.07289162197152,2023,12,December,Wednesday
2023-12-21,27811.666666666668,15702.020833333334,3311.6666666666665,1762.25,15702.020833333334,35055.0,16621.0,667.48,376.8485,79.48,376.8485,42.294,0.5645839575717624,0.1190747288308264,265.0,0.0,105613.0,794658.0,8704108.0,0.0,7495.0,14268.0,-66612.0,2023-2024,9604379.0,-44849.0,-130.66876839007986,2023,12,December,Thursday
2023-12-22,26541.729166666668,14142.104166666666,3588.6458333333335,2863.875,14142.104166666666,33340.0,15949.0,637.0015,339.4105,86.1275,339.4105,68.733,0.5328252759216423,0.13520768789398455,266.0,0.0,326648.0,1870681.0,7824723.0,0.0,3941.0,16647.0,-52470.0,2023-2024,10022052.0,-31882.0,-149.12755860491708,2023,12,December,Friday
2023-12-23,24128.229166666668,14195.458333333334,2976.0625,806.75,14195.458333333334,31670.0,15894.0,579.0775,340.691,71.4255,340.691,19.362,0.5883340312825139,0.12334359390582435,267.0,0.0,379823.0,2097499.0,5023544.0,0.0,4540.0,36376.0,-33511.0,2023-2024,7500866.0,7405.0,-149.90731401629316,2023,12,December,Saturday
2023-12-24,22872.166666666668,14219.25,2614.6666666666665,139.375,14219.25,29839.0,16394.0,548.932,341.262,62.752,341.262,3.345,0.6216835600766579,0.11431652736586681,268.0,0.0,245646.0,3130317.0,6314120.0,0.0,4225.0,46927.0,-57065.0,2023-2024,9690083.0,-5913.0,-110.6478577061246,2023,12,December,Sunday
2023-12-25,22674.520833333332,11471.5625,2847.7916666666665,1934.0833333333333,11471.5625,30631.0,13093.0,544.1885,275.3175,68.347,275.3175,46.418,0.505923039535014,0.12559434828189128,269.0,0.0,356686.0,3712378.0,1452113.0,0.0,9434.0,49343.0,-7614.0,2023-2024,5521177.0,51163.0,-190.71618071972682,2023,12,December,Monday
2023-12-26,23699.666666666668,7471.416666666667,6093.770833333333,2439.5833333333335,7471.416666666667,31188.0,13390.0,568.792,179.314,146.2505,179.314,58.55,0.3152540823358978,0.2571247485899942,270.0,0.0,0.0,3264042.0,237699.0,0.0,0.0,29675.0,-1286.0,2023-2024,3501741.0,28389.0,-184.83592534992223,2023,12,December,Tuesday
2023-12-27,25288.145833333332,14141.333333333334,2676.7708333333335,1133.875,14141.333333333334,32895.0,16371.0,606.9155,339.392,64.2425,339.392,27.213,0.5592079951821959,0.10585081448735452,271.0,0.0,0.0,928040.0,7000986.0,0.0,0.0,25866.0,-50347.0,2023-2024,7929026.0,-24481.0,-139.05468051721056,2023,12,December,Wednesday
2023-12-28,24983.979166666668,15366.25,2501.5416666666665,1251.7083333333333,15366.25,32544.0,16154.0,599.6155,368.79,60.037,368.79,30.041,0.6150441407868876,0.1001258306364662,272.0,0.0,308351.0,2225337.0,3891283.0,0.0,5312.0,36867.0,-24775.0,2023-2024,6424971.0,17404.0,-157.06490413723512,2023,12,December,Thursday
2023-12-29,26351.489361702126,13215.510638297872,3340.255319148936,2651.8297872340427,13215.510638297872,34635.0,15084.0,619.26,310.5645,78.496,310.5645,62.318,0.50150905919969,0.12675774311274746,273.0,0.0,304961.0,2393641.0,47253.0,0.0,4867.0,29326.0,-299.0,2023-2024,2745855.0,33894.0,-158.03678929765886,2023,12,December,Friday
2023-12-30,26420.604166666668,12259.291666666666,2936.0625,5255.458333333333,12259.291666666666,33286.0,15201.0,634.0945,294.223,70.4655,294.223,126.131,0.46400497086790693,0.11112775777112087,274.0,0.0,0.0,1686570.0,1594375.0,0.0,0.0,37631.0,-11456.0,2023-2024,3280945.0,26175.0,-139.17379539106145,2023,12,December,Saturday
2023-12-31,25601.9375,10811.375,4489.520833333333,4508.75,10811.375,33348.0,13452.0,614.4465,259.473,107.7485,259.473,108.21,0.4222873757113109,0.1753586357803324,275.0,0.0,0.0,2701492.0,622101.0,0.0,0.0,40227.0,-57.0,2023-2024,3323593.0,40170.0,-10914.052631578947,2023,12,December,Sunday
2024-01-01,25174.625,11206.395833333334,4502.479166666667,3268.25,11206.395833333334,34749.0,14958.0,604.191,268.9535,108.0595,268.9535,78.438,0.4451464851346677,0.1788499001143678,276.0,0.0,125463.0,3037704.0,102135.0,0.0,1694.0,34037.0,-341.0,2023-2024,3265302.0,35390.0,-299.51612903225805,2024,1,January,Monday
2024-01-02,29237.479166666668,10929.854166666666,8054.145833333333,3158.875,10929.854166666666,38309.0,14690.0,701.6995,262.3165,193.2995,262.3165,75.813,0.3738302506984828,0.275473332958054,277.0,0.0,63262.0,1259623.0,261328.0,0.0,2014.0,20449.0,-1458.0,2023-2024,1584213.0,21005.0,-179.23731138545952,2024,1,January,Tuesday
2024-01-03,30663.375,7750.020833333333,10182.0,5480.666666666667,7750.020833333333,39464.0,10672.0,735.921,186.0005,244.368,186.0005,131.536,0.25274519955266933,0.3320573811591189,278.0,0.0,0.0,1467734.0,25371.0,0.0,0.0,18117.0,-45.0,2023-2024,1493105.0,18072.0,-563.8,2024,1,January,Wednesday
2024-01-04,32077.854166666668,5724.520833333333,14922.604166666666,3814.2083333333335,5724.520833333333,40437.0,8359.0,769.8685,137.3885,358.1425,137.3885,91.541,0.17845710014112798,0.4651995762912757,279.0,0.0,0.0,730765.0,794933.0,0.0,0.0,12178.0,-8388.0,2023-2024,1525698.0,3790.0,-94.77026704816404,2024,1,January,Thursday
2024-01-05,32100.729166666668,7442.666666666667,13821.145833333334,3802.0833333333335,7442.666666666667,39943.0,8984.0,770.4175,178.624,331.7075,178.624,91.25,0.23185350800053217,0.4305555104861974,280.0,0.0,0.0,770546.0,23040.0,0.0,0.0,9626.0,-488.0,2023-2024,793586.0,9138.0,-47.21311475409836,2024,1,January,Friday
2024-01-06,29617.833333333332,5275.104166666667,12989.416666666666,4863.791666666667,5275.104166666667,38421.0,6127.0,710.828,126.6025,311.746,126.6025,116.731,0.17810567394643995,0.438567417152954,281.0,0.0,0.0,799130.0,278260.0,0.0,0.0,12628.0,-2946.0,2023-2024,1077390.0,9682.0,-94.45349626612355,2024,1,January,Saturday
2024-01-07,30569.833333333332,5024.791666666667,14006.541666666666,5220.208333333333,5024.791666666667,41028.0,6440.0,733.676,120.595,336.157,120.595,125.285,0.16437092122408256,0.4581818132254564,282.0,0.0,0.0,584325.0,223286.0,0.0,0.0,11397.0,-2643.0,2023-2024,807611.0,8754.0,-84.48202799848657,2024,1,January,Sunday
2024-01-08,35215.270833333336,9220.6875,19161.354166666668,847.2083333333334,9220.6875,43652.0,11909.0,845.1665,221.2965,459.8725,221.2965,20.333,0.26183775622909805,0.544120596355866,283.0,0.0,0.0,303830.0,407823.0,0.0,0.0,7379.0,-3694.0,2023-2024,711653.0,3685.0,-110.40146182999459,2024,1,January,Monday
2024-01-09,34526.583333333336,11543.666666666666,20206.083333333332,-3190.1666666666665,11543.666666666666,43473.0,12481.0,828.638,277.048,484.946,277.048,-76.564,0.33434141325886574,0.5852326347572764,284.0,0.0,0.0,0.0,386434.0,0.0,0.0,0.0,-4790.0,2023-2024,386434.0,-4790.0,-80.67515657620042,2024,1,January,Tuesday
2024-01-10,34463.0625,7764.875,23081.375,-2581.9166666666665,7764.875,42682.0,10003.0,827.1135,186.357,553.953,186.357,-61.966,0.22531006929520553,0.6697424235005232,285.0,0.0,0.0,0.0,401131.0,0.0,0.0,0.0,-3127.0,2023-2024,401131.0,-3127.0,-128.27982091461465,2024,1,January,Wednesday
2024-01-11,34620.729166666664,6307.4375,24427.708333333332,-2030.2083333333333,6307.4375,41987.0,7787.0,830.8975,151.3785,586.265,151.3785,-48.725,0.18218673181710138,0.7055804115429399,286.0,0.0,0.0,0.0,266042.0,0.0,0.0,0.0,3786.0,2023-2024,266042.0,3786.0,70.26994189117802,2024,1,January,Thursday
2024-01-12,34720.604166666664,4652.645833333333,24052.9375,-139.25,4652.645833333333,42281.0,6359.0,833.2945,111.6635,577.2705,111.6635,-3.342,0.13400244451391435,0.6927568824707231,287.0,0.0,0.0,41381.0,480742.0,0.0,0.0,1000.0,-5238.0,2023-2024,522123.0,-4238.0,-91.77968690339824,2024,1,January,Friday
2024-01-13,31168.708333333332,7087.416666666667,16819.125,2948.4583333333335,7087.416666666667,39766.0,8191.0,748.049,170.098,403.659,170.098,70.763,0.22738884752202065,0.5396157203605646,288.0,0.0,0.0,141787.0,1892386.0,0.0,0.0,6511.0,-18748.0,2023-2024,2034173.0,-12237.0,-100.93802005547258,2024,1,January,Saturday
2024-01-14,30673.645833333332,9601.125,12116.354166666666,4689.333333333333,9601.125,40691.0,13731.0,736.1675,230.427,290.7925,230.427,112.544,0.31300892799532715,0.39500860877449767,289.0,0.0,0.0,404152.0,910573.0,0.0,0.0,9001.0,-6029.0,2023-2024,1314725.0,2972.0,-151.03217780726487,2024,1,January,Sunday
2024-01-15,34877.958333333336,13000.208333333334,16858.541666666668,412.875,13000.208333333334,45096.0,15070.0,837.071,312.005,404.605,312.005,9.909,0.3727342125100499,0.4833580425077443,290.0,0.0,0.0,569009.0,1910783.0,0.0,0.0,9343.0,-20466.0,2023-2024,2479792.0,-11123.0,-93.36377406430177,2024,1,January,Monday
2024-01-16,36222.083333333336,9101.604166666666,22785.958333333332,-1235.0833333333333,9101.604166666666,43701.0,13113.0,869.33,218.4385,546.863,218.4385,-29.642,0.2512722441420404,0.6290626114363935,291.0,0.0,0.0,6642.0,384017.0,0.0,0.0,219.0,13629.0,2023-2024,390659.0,13848.0,28.176461956122974,2024,1,January,Tuesday
2024-01-17,36917.166666666664,6086.5,23080.1875,1968.9583333333333,6086.5,44667.0,10883.0,886.012,146.076,553.9245,146.076,47.255,0.16486909883839046,0.6251884850318055,292.0,0.0,0.0,33435.0,205070.0,0.0,0.0,1095.0,-1721.0,2023-2024,238505.0,-626.0,-119.15746658919232,2024,1,January,Wednesday
2024-01-18,36650.041666666664,8687.229166666666,21908.270833333332,981.0,8687.229166666666,44872.0,12443.0,879.601,208.4935,525.7985,208.4935,23.544,0.237031904238399,0.5977693295028087,293.0,0.0,0.0,13470.0,1846265.0,0.0,0.0,483.0,-22607.0,2023-2024,1859735.0,-22124.0,-81.66784624231433,2024,1,January,Thursday
2024-01-19,34768.958333333336,12974.979166666666,18241.145833333332,394.8333333333333,12974.979166666666,42464.0,14687.0,834.455,311.3995,437.7875,311.3995,9.476,0.3731771036185294,0.5246388361265736,294.0,0.0,0.0,154684.0,5765245.0,0.0,0.0,8853.0,-44890.0,2023-2024,5919929.0,-36037.0,-128.43049676988193,2024,1,January,Friday
2024-01-20,29700.479166666668,15530.916666666666,9528.625,1716.9583333333333,15530.916666666666,37505.0,16662.0,712.8115,372.742,228.687,372.742,41.207,0.5229180505645602,0.320823948547407,295.0,0.0,22021.0,559171.0,8817905.0,0.0,4354.0,16886.0,-63459.0,2023-2024,9399097.0,-42219.0,-138.95436423517546,2024,1,January,Saturday
2024-01-21,27835.625,13619.020833333334,5653.520833333333,4993.5,13619.020833333334,37012.0,15884.0,668.055,326.8565,135.6845,326.8565,119.844,0.48926585385933796,0.20310378636489515,296.0,0.0,641131.0,1186372.0,5890001.0,0.0,20442.0,22302.0,-46940.0,2023-2024,7717504.0,-4196.0,-125.47935662547934,2024,1,January,Sunday
2024-01-22,29985.729166666668,13861.708333333334,7037.395833333333,5329.708333333333,13861.708333333334,38816.0,16018.0,719.6575,332.681,168.8975,332.681,127.913,0.46227684697234445,0.23469150255503488,297.0,0.0,227298.0,1669019.0,5864344.0,0.0,2655.0,18954.0,-41629.0,2023-2024,7760661.0,-20020.0,-140.87160392995267,2024,1,January,Monday
2024-01-23,31560.4375,13395.458333333334,7345.270833333333,5564.416666666667,13395.458333333334,38635.0,15721.0,757.4505,321.491,176.2865,321.491,133.546,0.42443829662796445,0.2327366606794767,298.0,0.0,48020.0,1226547.0,5211136.0,0.0,2947.0,21628.0,-37010.0,2023-2024,6485703.0,-12435.0,-140.80345852472306,2024,1,January,Tuesday
2024-01-24,30400.291666666668,13162.125,8229.979166666666,4566.958333333333,13162.125,40202.0,14965.0,729.607,315.891,197.5195,315.891,109.607,0.43296048420588074,0.27072040153123533,299.0,0.0,61924.0,439153.0,5466167.0,0.0,1794.0,21536.0,-35365.0,2023-2024,5967244.0,-12035.0,-154.56431500070693,2024,1,January,Wednesday
2024-01-25,31071.1875,11116.0625,11010.791666666666,3690.1666666666665,11116.0625,37829.0,14704.0,745.7085,266.7855,264.259,266.7855,88.564,0.3577611090660761,0.35437305595953383,300.0,0.0,17091.0,400095.0,4346370.0,0.0,2081.0,10393.0,-28203.0,2023-2024,4763556.0,-15729.0,-154.1102010424423,2024,1,January,Thursday
2024-01-26,28580.6875,13931.270833333334,5376.041666666667,3620.625,13931.270833333334,37675.0,15185.0,685.9365,334.3505,129.025,334.3505,86.895,0.4874365192696408,0.1881005020143993,301.0,0.0,91030.0,503261.0,8708897.0,0.0,5192.0,18593.0,-57967.0,2023-2024,9303188.0,-34182.0,-150.23887729225248,2024,1,January,Friday
2024-01-27,28071.25,11140.791666666666,6388.1875,3994.625,11140.791666666666,36495.0,12002.0,673.71,267.379,153.3165,267.379,95.871,0.39687551023437384,0.22757046800552164,302.0,0.0,4876.0,236091.0,11816198.0,0.0,1271.0,17377.0,-74913.0,2023-2024,12057165.0,-56265.0,-157.73227610695074,2024,1,January,Saturday
2024-01-28,26935.8125,12611.729166666666,4231.583333333333,3605.1666666666665,12611.729166666666,36437.0,14439.0,646.4595,302.6815,101.558,302.6815,86.524,0.46821417273626575,0.15709878190358406,303.0,0.0,0.0,301587.0,11046681.0,0.0,0.0,11565.0,-75712.0,2023-2024,11348268.0,-64147.0,-145.90396502535927,2024,1,January,Sunday
2024-01-29,31662.833333333332,5839.416666666667,14025.145833333334,4221.333333333333,5839.416666666667,39590.0,9682.0,759.908,140.146,336.6035,140.146,101.312,0.18442495670528536,0.44295296272706697,304.0,0.0,0.0,483615.0,134716.0,0.0,0.0,9959.0,-874.0,2023-2024,618331.0,9085.0,-154.13729977116705,2024,1,January,Monday
2024-01-30,31780.5625,8627.75,12646.083333333334,3521.5416666666665,8627.75,40202.0,10407.0,762.7335,207.066,303.506,207.066,84.517,0.271478832383788,0.3979188012588931,305.0,0.0,0.0,528792.0,2080528.0,0.0,0.0,8481.0,-20692.0,2023-2024,2609320.0,-12211.0,-100.54745795476512,2024,1,January,Tuesday
2024-01-31,31280.125,13092.666666666666,9481.395833333334,1922.9583333333333,13092.666666666666,38413.0,15997.0,750.723,314.224,227.5535,314.224,46.151,0.4185618397198434,0.30311246624920246,306.0,0.0,6396.0,360703.0,9636341.0,0.0,1817.0,14488.0,-52276.0,2023-2024,10003440.0,-35971.0,-184.3358520162216,2024,1,January,Wednesday
2024-02-01,31218.979166666668,11698.645833333334,9105.875,3713.3333333333335,11698.645833333334,39271.0,14307.0,749.2555,280.7675,218.541,280.7675,89.12,0.3747286473038903,0.29167753856995376,307.0,0.0,213339.0,909691.0,5527753.0,0.0,6449.0,14913.0,-28903.0,2023-2024,6650783.0,-7541.0,-191.2518769677888,2024,2,February,Thursday
2024-02-02,28745.291666666668,14406.583333333334,4061.7291666666665,4051.9583333333335,14406.583333333334,35588.0,15113.0,689.887,345.758,97.4815,345.758,97.247,0.5011806281318535,0.14130067677750124,308.0,0.0,143218.0,429918.0,10364895.0,0.0,16292.0,15029.0,-67577.0,2023-2024,10938031.0,-36256.0,-153.37903428681355,2024,2,February,Friday
2024-02-03,25744.291666666668,13416.583333333334,3900.3125,3047.5,13416.583333333334,33993.0,14125.0,617.863,321.998,93.6075,321.998,73.14,0.5211478920084225,0.15150203200385845,309.0,0.0,817742.0,1342341.0,9534797.0,0.0,17455.0,20743.0,-82807.0,2023-2024,11694880.0,-44609.0,-115.14481867474971,2024,2,February,Saturday
2024-02-04,25145.791666666668,14557.229166666666,3226.3333333333335,2242.625,14557.229166666666,33674.0,15436.0,603.499,349.3735,77.432,349.3735,53.823,0.5789131382156391,0.1283051007541023,310.0,0.0,804094.0,1400717.0,7250067.0,0.0,23855.0,27165.0,-61618.0,2023-2024,9454878.0,-10598.0,-117.66151124671362,2024,2,February,Sunday
2024-02-05,28533.583333333332,14493.770833333334,3852.75,3405.4166666666665,14493.770833333334,37028.0,15419.0,684.806,347.8505,92.466,347.8505,81.73,0.5079548076389517,0.1350251019996904,311.0,0.0,622686.0,1342511.0,2926983.0,0.0,11409.0,17264.0,-22639.0,2023-2024,4892180.0,6034.0,-129.28941207650516,2024,2,February,Monday
2024-02-06,29338.333333333332,12398.770833333334,6778.375,3491.4583333333335,12398.770833333334,37776.0,15021.0,704.12,297.5705,162.681,297.5705,83.795,0.42261333295460995,0.23104158382093962,312.0,0.0,152513.0,69499.0,6031116.0,0.0,13382.0,7186.0,-39293.0,2023-2024,6253128.0,-18725.0,-153.49085078767212,2024,2,February,Tuesday
2024-02-07,33018.1875,2790.375,17645.916666666668,4830.166666666667,2790.375,41113.0,5951.0,792.4365,66.969,423.502,66.969,115.924,0.08451024151461978,0.5344302035557423,313.0,0.0,0.0,366397.0,524120.0,0.0,0.0,5713.0,-5495.0,2023-2024,890517.0,218.0,-95.38125568698817,2024,2,February,Wednesday
2024-02-08,32726.8125,10034.041666666666,13122.5625,2556.7916666666665,10034.041666666666,40426.0,15758.0,785.4435,240.817,314.9415,240.817,61.363,0.3066000291555026,0.4009728261803682,314.0,0.0,4254.0,293406.0,888232.0,0.0,387.0,4581.0,-7957.0,2023-2024,1185892.0,-2989.0,-111.62900590674877,2024,2,February,Thursday
2024-02-09,30946.541666666668,13202.1875,7384.083333333333,4214.916666666667,13202.1875,38463.0,15332.0,742.717,316.8525,177.218,316.8525,101.158,0.42661269366393934,0.23860770656925853,315.0,0.0,0.0,375221.0,7033132.0,0.0,0.0,15188.0,-50915.0,2023-2024,7408353.0,-35727.0,-138.1347736423451,2024,2,February,Friday
2024-02-10,28492.333333333332,4445.291666666667,11583.5625,6253.0,4445.291666666667,36292.0,10814.0,683.816,106.687,278.0055,106.687,150.072,0.1560171157153386,0.4065501538425541,316.0,0.0,0.0,316104.0,2050735.0,0.0,0.0,11239.0,-14215.0,2023-2024,2366839.0,-2976.0,-144.26556454449525,2024,2,February,Saturday
2024-02-11,27897.270833333332,4186.895833333333,11270.541666666666,6287.25,4186.895833333333,36589.0,7582.0,669.5345,100.4855,270.493,100.4855,150.894,0.1500826320376321,0.40400158617666454,317.0,0.0,0.0,595491.0,0.0,0.0,0.0,10696.0,0.0,2023-2024,595491.0,10696.0,,2024,2,February,Sunday
2024-02-12,29221.604166666668,10732.9375,11850.25,751.0,10732.9375,37983.0,15019.0,701.3185,257.5905,284.406,257.5905,18.024,0.3672946029514408,0.40553044016377726,318.0,0.0,0.0,449597.0,1747506.0,0.0,0.0,9670.0,-2686.0,2023-2024,2197103.0,6984.0,-650.5979151154132,2024,2,February,Monday
2024-02-13,31734.666666666668,10098.75,11778.791666666666,4061.9583333333335,10098.75,39473.0,14543.0,761.632,242.37,282.691,242.37,97.487,0.31822454938868117,0.3711648145035923,319.0,0.0,0.0,443462.0,2584010.0,0.0,0.0,9942.0,-19008.0,2023-2024,3027472.0,-9066.0,-135.94328703703704,2024,2,February,Tuesday
2024-02-14,30812.666666666668,7727.75,11488.729166666666,5416.458333333333,7727.75,38401.0,9662.0,739.504,185.466,275.7295,185.466,129.995,0.25079783206040807,0.372857347627599,320.0,0.0,0.0,622229.0,7018.0,0.0,0.0,11340.0,-330.0,2023-2024,629247.0,11010.0,-21.266666666666666,2024,2,February,Wednesday
2024-02-15,29303.854166666668,8997.0,9915.270833333334,3959.3333333333335,8997.0,37284.0,10595.0,703.2925,215.928,237.9665,215.928,95.024,0.3070244599508739,0.338360639421009,321.0,0.0,0.0,584008.0,57461.0,0.0,0.0,9982.0,-1000.0,2023-2024,641469.0,8982.0,-57.461,2024,2,February,Thursday
2024-02-16,28747.895833333332,4635.25,11075.979166666666,6509.333333333333,4635.25,36288.0,6457.0,689.9495,111.246,265.8235,111.246,156.224,0.16123788770047665,0.38527964727853276,322.0,0.0,0.0,533995.0,0.0,0.0,0.0,9259.0,0.0,2023-2024,533995.0,9259.0,,2024,2,February,Friday
2024-02-17,26585.479166666668,7745.6875,7876.604166666667,4806.708333333333,7745.6875,33219.0,12586.0,638.0515,185.8965,189.0385,185.8965,115.361,0.29135030636241743,0.296274673752824,323.0,0.0,9320.0,511811.0,1230046.0,0.0,459.0,8869.0,-10026.0,2023-2024,1751177.0,-698.0,-122.68561739477359,2024,2,February,Saturday
2024-02-18,25474.416666666668,9300.458333333334,5468.458333333333,5393.958333333333,9300.458333333334,34546.0,12248.0,611.386,223.211,131.243,223.211,129.455,0.3650901394536349,0.21466471263653406,324.0,0.0,150314.0,1292398.0,489786.0,0.0,5528.0,20118.0,-1985.0,2023-2024,1932498.0,23661.0,-246.74357682619646,2024,2,February,Sunday
2024-02-19,28010.75,11967.5625,7306.833333333333,2748.6666666666665,11967.5625,37907.0,14357.0,672.258,287.2215,175.364,287.2215,65.968,0.4272489133636193,0.2608581824240098,325.0,0.0,145233.0,525662.0,2554621.0,0.0,11307.0,17201.0,-21512.0,2023-2024,3225516.0,6996.0,-118.7533004834511,2024,2,February,Monday
2024-02-20,28484.895833333332,12333.479166666666,6324.354166666667,3499.6666666666665,12333.479166666666,36306.0,15593.0,683.6375,296.0035,151.7845,296.0035,83.992,0.4329831233658188,0.2220248304108537,326.0,0.0,94083.0,367290.0,6091617.0,0.0,10435.0,11704.0,-50038.0,2023-2024,6552990.0,-27899.0,-121.73981773851872,2024,2,February,Tuesday
2024-02-21,29406.479166666668,13313.4375,4645.666666666667,5213.916666666667,13313.4375,36727.0,15870.0,705.7555,319.5225,111.496,319.5225,125.134,0.45273823583379796,0.15798105717915056,327.0,0.0,60897.0,438464.0,5500833.0,0.0,5248.0,16639.0,-45911.0,2023-2024,6000194.0,-24024.0,-119.81514234061554,2024,2,February,Wednesday
2024-02-22,30500.3125,10816.041666666666,6952.958333333333,6373.166666666667,10816.041666666666,38909.0,13099.0,732.0075,259.585,166.871,259.585,152.956,0.3546206835312479,0.22796351130282136,328.0,0.0,102228.0,648634.0,1602148.0,0.0,2917.0,16911.0,-10718.0,2023-2024,2353010.0,9110.0,-149.48199290912484,2024,2,February,Thursday
2024-02-23,30867.8125,8187.958333333333,8934.5,7247.208333333333,8187.958333333333,38947.0,11879.0,740.8275,196.511,214.428,196.511,173.933,0.26525878156520916,0.28944389888334326,329.0,0.0,0.0,1102301.0,0.0,0.0,0.0,16613.0,0.0,2023-2024,1102301.0,16613.0,,2024,2,February,Friday
2024-02-24,28930.3125,1023.7708333333334,13531.9375,7447.125,1023.7708333333334,36631.0,2819.0,694.3275,24.5705,324.7665,24.5705,178.731,0.035387479251505954,0.46774252784168857,330.0,0.0,0.0,155775.0,0.0,0.0,0.0,4955.0,0.0,2023-2024,155775.0,4955.0,,2024,2,February,Saturday
2024-02-25,28495.375,3720.0208333333335,11206.645833333334,7450.125,3720.0208333333335,37032.0,10823.0,683.889,89.2805,268.9595,89.2805,178.803,0.1305482322423668,0.39327946494241023,331.0,0.0,0.0,317968.0,93.0,0.0,0.0,6505.0,-7.0,2023-2024,318061.0,6498.0,-13.285714285714286,2024,2,February,Sunday
2024-02-26,31223.5,9519.583333333334,11748.770833333334,3681.4166666666665,9519.583333333334,41073.0,12222.0,749.364,228.47,281.9705,228.47,88.354,0.30488520932417357,0.3762797518962747,332.0,0.0,0.0,400758.0,1185705.0,0.0,0.0,9232.0,-25263.0,2023-2024,1586463.0,-16031.0,-46.93444959030994,2024,2,February,Monday
2024-02-27,31841.458333333332,9375.979166666666,14188.666666666666,2147.5833333333335,9375.979166666666,39584.0,11584.0,764.195,225.0235,340.528,225.0235,51.542,0.29445822074208805,0.4456035435981654,333.0,0.0,0.0,60568.0,6140755.0,0.0,0.0,7209.0,-67776.0,2023-2024,6201323.0,-60567.0,-90.60367976864967,2024,2,February,Tuesday
2024-02-28,31373.4375,10555.4375,12424.229166666666,2308.25,10555.4375,38290.0,15470.0,752.9625,253.3305,298.1815,253.3305,55.398,0.33644504208376913,0.3960110895296911,334.0,0.0,1873.0,55998.0,4819311.0,0.0,1820.0,7894.0,-55631.0,2023-2024,4877182.0,-45917.0,-86.62995452175944,2024,2,February,Wednesday
2024-02-29,30617.520833333332,9639.041666666666,9963.1875,5402.25,9639.041666666666,38494.0,14275.0,734.8205,231.337,239.1165,231.337,129.654,0.3148211025685864,0.3254080418279022,335.0,0.0,18195.0,470243.0,6982494.0,0.0,2345.0,13697.0,-55484.0,2023-2024,7470932.0,-39442.0,-125.84698291399323,2024,2,February,Thursday
2024-03-01,31166.895833333332,8199.125,9635.416666666666,6309.416666666667,8199.125,38718.0,11579.0,748.0055,196.779,231.25,196.779,151.426,0.263071595061801,0.3091554808086304,336.0,0.0,0.0,518799.0,40083.0,0.0,0.0,8878.0,-1100.0,2023-2024,558882.0,7778.0,-36.43909090909091,2024,3,March,Friday
2024-03-02,29504.3125,7525.5625,8617.895833333334,7076.708333333333,7525.5625,37563.0,9250.0,708.1035,180.6135,206.8295,180.6135,169.841,0.25506652629170734,0.292089362642608,337.0,0.0,0.0,497572.0,153215.0,0.0,0.0,11641.0,-1734.0,2023-2024,650787.0,9907.0,-88.35928489042676,2024,3,March,Saturday
2024-03-03,28561.520833333332,3066.5208333333335,11798.854166666666,7052.541666666667,3066.5208333333335,37760.0,5924.0,685.4765,73.5965,283.1725,73.5965,169.261,0.10736546037683277,0.41310314795620273,338.0,0.0,0.0,150581.0,754510.0,0.0,0.0,3199.0,-16583.0,2023-2024,905091.0,-13384.0,-45.49900500512573,2024,3,March,Sunday
2024-03-04,30818.625,6618.25,12912.395833333334,5259.75,6618.25,38824.0,13718.0,739.647,158.838,309.8975,158.838,126.234,0.2147483867304268,0.41898027031813817,339.0,0.0,0.0,62009.0,2965222.0,0.0,0.0,4671.0,-45569.0,2023-2024,3027231.0,-40898.0,-65.07103513353375,2024,3,March,Monday
2024-03-05,31269.520833333332,5804.5625,14323.479166666666,5301.875,5804.5625,39787.0,11761.0,750.4685,139.3095,343.7635,139.3095,127.245,0.18563004309974374,0.45806519527468514,340.0,0.0,0.0,79423.0,8959688.0,0.0,0.0,5473.0,-80709.0,2023-2024,9039111.0,-75236.0,-111.0122538998129,2024,3,March,Tuesday
2024-03-06,31023.729166666668,5147.708333333333,16236.8125,3731.6666666666665,5147.708333333333,38926.0,6810.0,744.5695,123.545,389.6835,123.545,89.56,0.16592809670554598,0.5233675298276387,341.0,0.0,0.0,98571.0,3866133.0,0.0,0.0,2381.0,-44838.0,2023-2024,3964704.0,-42457.0,-86.22447477585976,2024,3,March,Wednesday
2024-03-07,30835.625,9602.9375,9996.104166666666,5902.041666666667,9602.9375,38494.0,13967.0,740.055,230.4705,239.9065,230.4705,141.649,0.3114234752822425,0.32417387896845506,342.0,0.0,0.0,332687.0,978230.0,0.0,0.0,4563.0,-6716.0,2023-2024,1310917.0,-2153.0,-145.65664085765337,2024,3,March,Thursday
2024-03-08,28475.208333333332,13479.625,5041.791666666667,6190.583333333333,13479.625,35892.0,14941.0,683.405,323.511,121.003,323.511,148.574,0.47338108442285326,0.1770589913740754,343.0,0.0,0.0,1205399.0,3717911.0,0.0,0.0,25153.0,-30770.0,2023-2024,4923310.0,-5617.0,-120.82908677283068,2024,3,March,Friday
2024-03-09,26145.25,13595.229166666666,4099.166666666667,5051.625,13595.229166666666,33430.0,14383.0,627.486,326.2855,98.38,326.2855,121.239,0.5199884937671917,0.15678437447209978,344.0,0.0,0.0,1674805.0,4128897.0,0.0,0.0,32646.0,-31978.0,2023-2024,5803702.0,668.0,-129.1167990493464,2024,3,March,Saturday
2024-03-10,27242.875,11559.854166666666,5767.270833333333,5755.583333333333,11559.854166666666,34622.0,12629.0,653.829,277.4365,138.4145,277.4365,138.134,0.4243257793704471,0.21169831867353697,345.0,0.0,0.0,1907717.0,3998781.0,0.0,0.0,28517.0,-38878.0,2023-2024,5906498.0,-10361.0,-102.85459642985751,2024,3,March,Sunday
2024-03-11,32211.145833333332,5221.791666666667,15264.3125,5985.125,5221.791666666667,40650.0,9320.0,773.0675,125.323,366.3435,125.323,143.643,0.16211132921769444,0.4738829403641985,346.0,0.0,0.0,441831.0,0.0,0.0,0.0,11223.0,0.0,2023-2024,441831.0,11223.0,,2024,3,March,Monday
2024-03-12,31035.916666666668,6937.208333333333,12473.041666666666,4570.208333333333,6937.208333333333,38104.0,13167.0,744.862,166.493,299.353,166.493,109.685,0.22352194097698636,0.4018905515384058,347.0,0.0,0.0,412415.0,1218442.0,0.0,0.0,12062.0,-9222.0,2023-2024,1630857.0,2840.0,-132.123400563869,2024,3,March,Tuesday
2024-03-13,28074.875,12989.020833333334,7174.125,2839.5833333333335,12989.020833333334,35476.0,14556.0,673.797,311.7365,172.179,311.7365,68.15,0.4626564083841275,0.255535420905703,348.0,0.0,0.0,569622.0,9324466.0,0.0,0.0,25094.0,-68214.0,2023-2024,9894088.0,-43120.0,-136.69431495001027,2024,3,March,Wednesday
2024-03-14,28807.833333333332,10278.791666666666,6886.854166666667,6582.125,10278.791666666666,35801.0,11834.0,691.388,246.691,165.2845,246.691,157.971,0.3568054406498232,0.23906185817514913,349.0,0.0,2621.0,1297851.0,1069619.0,0.0,178.0,22079.0,-6941.0,2023-2024,2370091.0,15316.0,-154.10157037890795,2024,3,March,Thursday
2024-03-15,27214.916666666668,11057.75,4604.5,6904.625,11057.75,34848.0,13098.0,653.158,265.386,110.508,265.386,165.711,0.40631210212536634,0.1691903031119576,350.0,0.0,0.0,1651395.0,704502.0,0.0,0.0,19922.0,-7376.0,2023-2024,2355897.0,12546.0,-95.51274403470715,2024,3,March,Friday
2024-03-16,26379.791666666668,5878.104166666667,7710.166666666667,7364.666666666667,5878.104166666667,33037.0,11547.0,633.115,141.0745,185.044,141.0745,176.752,0.22282602686715683,0.2922754949732671,351.0,0.0,0.0,661131.0,2512637.0,0.0,0.0,16131.0,-22770.0,2023-2024,3173768.0,-6639.0,-110.34857268335529,2024,3,March,Saturday
2024-03-17,25490.541666666668,8333.479166666666,5450.333333333333,6453.0,8333.479166666666,33276.0,11245.0,611.773,200.0035,130.808,200.0035,154.872,0.32692436573696454,0.21381787035387306,352.0,0.0,0.0,1308236.0,543832.0,0.0,0.0,19509.0,-5815.0,2023-2024,1852068.0,13694.0,-93.52226999140154,2024,3,March,Sunday
2024-03-18,27132.229166666668,8326.9375,8531.520833333334,5039.041666666667,8326.9375,34685.0,13700.0,651.1735,199.8465,204.7565,199.8465,120.937,0.306902077556903,0.3144423106898545,353.0,0.0,0.0,603833.0,4120638.0,0.0,0.0,16678.0,-31182.0,2023-2024,4724471.0,-14504.0,-132.14796998268233,2024,3,March,Monday
2024-03-19,27472.541666666668,8247.770833333334,10217.458333333334,3712.9583333333335,8247.770833333334,36134.0,14170.0,659.341,197.9465,245.219,197.9465,89.111,0.30021870322033667,0.37191529117709954,354.0,0.0,0.0,317845.0,5326803.0,0.0,0.0,12589.0,-48021.0,2023-2024,5644648.0,-35432.0,-110.9265321421878,2024,3,March,Tuesday
2024-03-20,28893.9375,2521.9375,15655.291666666666,4736.166666666667,2521.9375,35477.0,5080.0,693.4545,60.5265,375.727,60.5265,113.668,0.08728258306781482,0.5418192541832232,355.0,0.0,0.0,197014.0,1888656.0,0.0,0.0,5984.0,-28682.0,2023-2024,2085670.0,-22698.0,-65.84812774562444,2024,3,March,Wednesday
2024-03-21,26944.041666666668,10090.125,7012.395833333333,4852.208333333333,10090.125,33502.0,14417.0,646.657,242.163,168.2975,242.163,116.453,0.3744844639430177,0.2602577564303796,356.0,0.0,77521.0,530513.0,10580857.0,0.0,3901.0,13345.0,-87703.0,2023-2024,11188891.0,-70457.0,-120.64418548966398,2024,3,March,Thursday
2024-03-22,25852.1875,12443.833333333334,4123.104166666667,4096.875,12443.833333333334,32667.0,14326.0,620.4525,298.652,98.9545,298.652,98.325,0.48134546963707936,0.15948763201050845,357.0,0.0,0.0,916937.0,11319288.0,0.0,0.0,25411.0,-87452.0,2023-2024,12236225.0,-62041.0,-129.43429538489687,2024,3,March,Friday
2024-03-23,22751.145833333332,14467.5,2654.9791666666665,1384.75,14467.5,30871.0,15252.0,546.0275,347.22,63.7195,347.22,33.234,0.6359020379010215,0.11669650338123995,358.0,0.0,0.0,1256100.0,7498442.0,0.0,0.0,41480.0,-63286.0,2023-2024,8754542.0,-21806.0,-118.48500458237208,2024,3,March,Saturday
2024-03-24,23827.729166666668,8856.8125,5921.604166666667,3986.7083333333335,8856.8125,33953.0,14656.0,571.8655,212.5635,142.1185,212.5635,95.681,0.3717019124252119,0.24851735241940634,359.0,0.0,112422.0,2386485.0,1610717.0,0.0,4436.0,33191.0,-13536.0,2023-2024,4109624.0,24091.0,-118.99505023640661,2024,3,March,Sunday
2024-03-25,29248.4375,6258.041666666667,10867.708333333334,5900.958333333333,6258.041666666667,36843.0,7774.0,701.9625,150.193,260.825,150.193,141.623,0.21396157202129745,0.37156543262638675,360.0,0.0,0.0,782125.0,156173.0,0.0,0.0,11800.0,-3656.0,2023-2024,938298.0,8144.0,-42.71690371991247,2024,3,March,Monday
2024-03-26,28749.104166666668,5808.979166666667,10144.625,6047.833333333333,5808.979166666667,36493.0,10112.0,689.9785,139.4155,243.471,139.4155,145.148,0.20205774527757023,0.3528675168863957,361.0,0.0,0.0,575559.0,557944.0,0.0,0.0,11897.0,-5667.0,2023-2024,1133503.0,6230.0,-98.45491441679901,2024,3,March,Tuesday
2024-03-27,27959.729166666668,11542.208333333334,5371.229166666667,4705.375,11542.208333333334,36489.0,12993.0,671.0335,277.013,128.9095,277.013,112.929,0.4128154555622036,0.1921059082743261,362.0,0.0,0.0,618202.0,2309921.0,0.0,0.0,17924.0,-20765.0,2023-2024,2928123.0,-2841.0,-111.24107873826149,2024,3,March,Wednesday
2024-03-28,27798.791666666668,12040.9375,4080.6041666666665,6113.416666666667,12040.9375,34555.0,14320.0,667.171,288.9825,97.9345,288.9825,146.722,0.4331460749942668,0.14679070283330659,363.0,0.0,0.0,930826.0,3343333.0,0.0,0.0,23074.0,-28992.0,2023-2024,4274159.0,-5918.0,-115.31915700883002,2024,3,March,Thursday
2024-03-29,24498.729166666668,8174.333333333333,4899.854166666667,5765.875,8174.333333333333,31255.0,10231.0,587.9695,196.184,117.5965,196.184,138.381,0.3336635658822439,0.20000442199807983,364.0,0.0,0.0,1481953.0,257318.0,0.0,0.0,28750.0,-3604.0,2023-2024,1739271.0,25146.0,-71.39789123196448,2024,3,March,Friday
2024-03-30,23030.375,3643.3541666666665,7261.770833333333,6635.125,3643.3541666666665,30701.0,7372.0,552.729,87.4405,174.2825,87.4405,159.243,0.15819777865825746,0.3153127482002934,365.0,0.0,0.0,1208514.0,0.0,0.0,0.0,24016.0,0.0,2023-2024,1208514.0,24016.0,,2024,3,March,Saturday
2024-03-31,23351.347826086956,6411.130434782609,5398.804347826087,5864.260869565217,6411.130434782609,28035.0,10206.0,537.081,147.456,124.1725,147.456,134.878,0.2745507660855625,0.23119883220594287,366.0,0.0,0.0,1907087.0,28124.0,0.0,0.0,37215.0,0.0,2023-2024,1935211.0,37215.0,,2024,3,March,Sunday
2024-04-01,23881.729166666668,7077.625,5241.979166666667,5045.083333333333,7077.625,30682.0,8444.0,573.1615,169.863,125.8075,169.863,121.082,0.2963614967160216,0.2194974714805513,1.0,0.0,0.0,1234302.0,320255.0,0.0,0.0,32046.0,-3480.0,2024-2025,1554557.0,28566.0,-92.02729885057471,2024,4,April,Monday
2024-04-02,27513.666666666668,5675.916666666667,9195.625,6153.291666666667,5675.916666666667,34144.0,9068.0,660.328,136.222,220.695,136.222,147.679,0.2062944476078555,0.33422026629190343,2.0,0.0,0.0,1064270.0,691960.0,0.0,0.0,15595.0,-7680.0,2024-2025,1756230.0,7915.0,-90.09895833333333,2024,4,April,Tuesday
2024-04-03,27197.083333333332,11039.479166666666,4976.354166666667,4391.625,11039.479166666666,32981.0,14030.0,652.73,264.9475,119.4325,264.9475,105.399,0.4059067301947206,0.1829738176581435,3.0,0.0,0.0,1124459.0,2793646.0,0.0,0.0,19403.0,-25738.0,2024-2025,3918105.0,-6335.0,-108.54168933095035,2024,4,April,Wednesday
2024-04-04,27810.125,6412.270833333333,8236.4375,5481.541666666667,6412.270833333333,33311.0,9395.0,667.443,153.8945,197.6745,153.8945,131.557,0.23057324745334057,0.2961668636872362,4.0,0.0,0.0,672287.0,153564.0,0.0,0.0,12975.0,-341.0,2024-2025,825851.0,12634.0,-450.33431085043986,2024,4,April,Thursday
2024-04-05,24448.833333333332,12593.291666666666,1990.0833333333333,3716.25,12593.291666666666,29650.0,13742.0,586.772,302.239,47.762,302.239,89.19,0.5150876319933466,0.08139788537967046,5.0,0.0,0.0,1520469.0,780514.0,0.0,0.0,23710.0,-4534.0,2024-2025,2300983.0,19176.0,-172.14689016321128,2024,4,April,Friday
2024-04-06,20942.354166666668,13461.708333333334,2460.0,-189.375,13461.708333333334,26265.0,14803.0,502.6165,323.081,59.04,323.081,-4.545,0.642798236826686,0.11746530406383396,6.0,0.0,56244.0,3560433.0,4850491.0,0.0,1566.0,47380.0,-32244.0,2024-2025,8467168.0,16702.0,-150.43080883265102,2024,4,April,Saturday
2024-04-07,20310.979166666668,13685.520833333334,2633.25,-895.5833333333334,13685.520833333334,26652.0,15416.0,487.4635,328.4525,63.198,328.4525,-21.494,0.673799166501697,0.1296466299528067,7.0,0.0,459267.0,2896994.0,5331592.0,0.0,14358.0,38196.0,-49623.0,2024-2025,8687853.0,2931.0,-107.44195232049654,2024,4,April,Sunday
2024-04-08,26022.1875,7626.604166666667,8154.020833333333,3207.125,7626.604166666667,32286.0,12811.0,624.5325,183.0385,195.6965,183.0385,76.971,0.2930808244566936,0.3133487848910985,8.0,0.0,0.0,641142.0,4146960.0,0.0,0.0,15224.0,-33545.0,2024-2025,4788102.0,-18321.0,-123.62378894022955,2024,4,April,Monday
2024-04-09,26212.395833333332,12580.291666666666,2322.125,3769.2083333333335,12580.291666666666,31313.0,15949.0,629.0975,301.927,55.731,301.927,90.461,0.4799367347668685,0.08858881175016592,9.0,0.0,0.0,1744300.0,3557002.0,0.0,0.0,22524.0,-27982.0,2024-2025,5301302.0,-5458.0,-127.11750410978486,2024,4,April,Tuesday
2024-04-10,27443.333333333332,12012.666666666666,3729.7083333333335,3572.0833333333335,12012.666666666666,32115.0,15966.0,658.64,288.304,89.513,288.304,85.73,0.43772622373375436,0.135905805903073,10.0,0.0,0.0,1136499.0,3259200.0,0.0,0.0,18456.0,-27082.0,2024-2025,4395699.0,-8626.0,-120.3456170149915,2024,4,April,Wednesday
2024-04-11,25532.895833333332,11694.666666666666,4069.9791666666665,1485.875,11694.666666666666,30886.0,14853.0,612.7895,280.672,97.6795,280.672,35.661,0.4580235137840972,0.1594013931374477,11.0,0.0,13609.0,1202804.0,6336142.0,0.0,1840.0,21734.0,-51308.0,2024-2025,7552555.0,-27734.0,-123.4922819053559,2024,4,April,Thursday
2024-04-12,23617.854166666668,12524.395833333334,2423.6041666666665,737.5,12524.395833333334,28494.0,13592.0,566.8285,300.5855,58.1665,300.5855,17.7,0.5302935543996112,0.10261745836703695,12.0,0.0,155148.0,947466.0,6662822.0,0.0,4411.0,19919.0,-55710.0,2024-2025,7765436.0,-31380.0,-119.5983126907198,2024,4,April,Friday
2024-04-13,21059.0,11335.5,2455.0833333333335,630.9583333333334,11335.5,25763.0,14474.0,505.416,272.052,58.922,272.052,15.143,0.5382734222897574,0.11658119252259525,13.0,0.0,89817.0,2713641.0,6697035.0,0.0,1997.0,36417.0,-60052.0,2024-2025,9500493.0,-21638.0,-111.52059881436088,2024,4,April,Saturday
2024-04-14,21134.479166666668,9486.666666666666,3125.6041666666665,2124.7916666666665,9486.666666666666,27225.0,12133.0,507.2275,227.68,75.0145,227.68,50.995,0.4488715615773987,0.14789123223799971,14.0,0.0,0.0,3456757.0,7150655.0,0.0,0.0,50322.0,-54639.0,2024-2025,10607412.0,-4317.0,-130.87089807646552,2024,4,April,Sunday
2024-04-15,23962.25,14036.520833333334,2333.5416666666665,789.5416666666666,14036.520833333334,30527.0,15262.0,575.094,336.8765,56.005,336.8765,18.949,0.585776412203918,0.09738407981999464,15.0,0.0,0.0,1988749.0,6122694.0,0.0,0.0,36087.0,-45390.0,2024-2025,8111443.0,-9303.0,-134.89081295439524,2024,4,April,Monday
2024-04-16,25544.041666666668,11974.270833333334,3207.5833333333335,2449.7916666666665,11974.270833333334,32248.0,13834.0,613.057,287.3825,76.982,287.3825,58.795,0.4687696250103987,0.12557070549720498,16.0,0.0,0.0,454788.0,5896054.0,0.0,0.0,23268.0,-38625.0,2024-2025,6350842.0,-15357.0,-152.64864724919093,2024,4,April,Tuesday
2024-04-17,26347.333333333332,7754.5625,7086.729166666667,2879.125,7754.5625,32417.0,10799.0,632.336,186.1095,170.0815,186.1095,69.099,0.2943205827281698,0.26897329900559197,17.0,0.0,0.0,405309.0,2425559.0,0.0,0.0,16056.0,-19142.0,2024-2025,2830868.0,-3086.0,-126.7139797304357,2024,4,April,Wednesday
2024-04-18,26213.416666666668,8677.479166666666,6007.541666666667,3235.7083333333335,8677.479166666666,31348.0,14498.0,629.122,208.2595,144.181,208.2595,77.657,0.3310319778993582,0.22917812443373467,18.0,0.0,0.0,1177634.0,4326744.0,0.0,0.0,21305.0,-37967.0,2024-2025,5504378.0,-16662.0,-113.96065003819106,2024,4,April,Thursday
2024-04-19,25364.6875,12000.5,3032.7708333333335,3889.625,12000.5,30965.0,13830.0,608.7525,288.012,72.7865,288.012,93.351,0.473118385550778,0.11956665475706464,19.0,0.0,0.0,1832077.0,5422692.0,0.0,0.0,30275.0,-42838.0,2024-2025,7254769.0,-12563.0,-126.58602175638453,2024,4,April,Friday
2024-04-20,23778.0,6139.4375,3940.9375,5398.541666666667,6139.4375,29330.0,8229.0,570.672,147.3465,94.5825,147.3465,129.565,0.25819822945579946,0.16573881318866177,20.0,0.0,0.0,1794482.0,0.0,0.0,0.0,29873.0,0.0,2024-2025,1794482.0,29873.0,,2024,4,April,Saturday
2024-04-21,23747.416666666668,5067.625,5414.291666666667,5289.625,5067.625,30057.0,6658.0,569.938,121.623,129.943,121.623,126.951,0.21339689580270135,0.22799497489200582,21.0,0.0,0.0,2308552.0,9350.0,0.0,0.0,23329.0,170.0,2024-2025,2317902.0,23499.0,55.0,2024,4,April,Sunday
2024-04-22,28837.875,2513.0208333333335,13760.125,3615.2083333333335,2513.0208333333335,34191.0,2989.0,692.109,60.3125,330.243,60.3125,86.765,0.08714306561538716,0.477154610039748,22.0,0.0,0.0,383748.0,1379791.0,0.0,0.0,6422.0,-14222.0,2024-2025,1763539.0,-7800.0,-97.01807059485304,2024,4,April,Monday
2024-04-23,27587.145833333332,5830.354166666667,10258.8125,3020.3333333333335,5830.354166666667,32569.0,9099.0,662.0915,139.9285,246.2115,139.9285,72.488,0.21134314516951208,0.3718692960112009,23.0,0.0,0.0,166413.0,2130081.0,0.0,0.0,4934.0,-25135.0,2024-2025,2296494.0,-20201.0,-84.74561368609508,2024,4,April,Tuesday
2024-04-24,27308.6875,6656.6875,8373.083333333334,3841.2083333333335,6656.6875,32522.0,8587.0,655.4085,159.7605,200.954,159.7605,92.189,0.24375713772403013,0.3066087791049399,24.0,0.0,0.0,655452.0,380053.0,0.0,0.0,14853.0,-3913.0,2024-2025,1035505.0,10940.0,-97.12573473038589,2024,4,April,Wednesday
2024-04-25,28578.3125,5027.020833333333,12631.9375,2518.25,5027.020833333333,33978.0,7298.0,685.8795,120.6485,303.1665,120.6485,60.438,0.1759033474538895,0.4420113153986961,25.0,0.0,0.0,427788.0,505144.0,0.0,0.0,9657.0,-4407.0,2024-2025,932932.0,5250.0,-114.62309961425005,2024,4,April,Thursday
2024-04-26,27494.0,1508.0833333333333,13074.9375,4522.958333333333,1508.0833333333333,31345.0,2661.0,659.856,36.194,313.7985,36.194,108.551,0.054851361509177764,0.4755560304066342,26.0,0.0,0.0,471500.0,0.0,0.0,0.0,6893.0,0.0,2024-2025,471500.0,6893.0,,2024,4,April,Friday
2024-04-27,25610.979166666668,3486.1458333333335,8556.25,5511.583333333333,3486.1458333333335,30067.0,5925.0,614.6635,83.6675,205.35,83.6675,132.278,0.13611919367263553,0.33408523525473693,27.0,0.0,0.0,941737.0,0.0,0.0,0.0,16729.0,0.0,2024-2025,941737.0,16729.0,,2024,4,April,Saturday
2024-04-28,24108.9375,8196.229166666666,4337.833333333333,5740.916666666667,8196.229166666666,28948.0,9487.0,578.6145,196.7095,104.108,196.7095,137.782,0.33996641978381115,0.1799263585686152,28.0,0.0,0.0,2083050.0,2346461.0,0.0,0.0,36839.0,-19069.0,2024-2025,4429511.0,17770.0,-123.05107766532068,2024,4,April,Sunday
2024-04-29,24601.145833333332,9896.208333333334,4379.770833333333,3433.0,9896.208333333334,29550.0,12145.0,590.4275,237.509,105.1145,237.509,82.392,0.40226615460831344,0.17803117232852467,29.0,0.0,0.0,835951.0,8261301.0,0.0,0.0,26954.0,-63628.0,2024-2025,9097252.0,-36674.0,-129.8375086439932,2024,4,April,Monday
2024-04-30,24227.6875,8211.895833333334,3640.4375,5129.958333333333,8211.895833333334,30037.0,10115.0,581.4645,197.0855,87.3705,197.0855,123.119,0.3389467456740695,0.15025938814837364,30.0,0.0,0.0,885689.0,6784074.0,0.0,0.0,26869.0,-51493.0,2024-2025,7669763.0,-24624.0,-131.74749966014798,2024,4,April,Tuesday
2024-05-01,26060.916666666668,3792.0208333333335,7700.708333333333,5891.625,3792.0208333333335,30737.0,7781.0,625.462,91.0085,184.817,91.0085,141.399,0.14550604193380254,0.29548877469774343,31.0,0.0,0.0,551921.0,389660.0,0.0,0.0,12835.0,-2701.0,2024-2025,941581.0,10134.0,-144.26508700481304,2024,5,May,Wednesday
2024-05-02,25178.916666666668,8198.791666666666,3956.875,5745.416666666667,8198.791666666666,30193.0,9584.0,604.294,196.771,94.965,196.771,137.89,0.325621303537682,0.15715032748959945,32.0,0.0,0.0,1274680.0,1794173.0,0.0,0.0,18738.0,-10336.0,2024-2025,3068853.0,8402.0,-173.58484907120743,2024,5,May,Thursday
2024-05-03,26202.666666666668,5870.145833333333,7061.25,5398.333333333333,5870.145833333333,30528.0,7199.0,628.864,140.8835,169.47,140.8835,129.56,0.22402856579483002,0.2694859301852229,33.0,0.0,0.0,1331775.0,186979.0,0.0,0.0,17369.0,-4314.0,2024-2025,1518754.0,13055.0,-43.342373667130275,2024,5,May,Friday
2024-05-04,22225.0,3441.5208333333335,7463.166666666667,3857.7916666666665,3441.5208333333335,26505.0,5621.0,533.4,82.5965,179.116,82.5965,92.587,0.15484908136482942,0.3358005249343832,34.0,0.0,0.0,1049218.0,37987.0,0.0,0.0,17007.0,1181.0,2024-2025,1087205.0,18188.0,32.16511430990686,2024,5,May,Saturday
2024-05-05,21926.0,1052.6041666666667,8700.291666666666,5388.833333333333,1052.6041666666667,26881.0,2167.0,526.224,25.2625,208.807,25.2625,129.332,0.0480071224421539,0.3968025023564109,35.0,0.0,0.0,516728.0,0.0,0.0,0.0,11975.0,0.0,2024-2025,516728.0,11975.0,,2024,5,May,Sunday
2024-05-06,23059.166666666668,1530.7083333333333,9445.4375,4276.875,1530.7083333333333,28720.0,2431.0,553.42,36.737,226.6905,36.737,102.645,0.06638177152976041,0.4096174695529616,36.0,0.0,0.0,432741.0,0.0,0.0,0.0,6908.0,0.0,2024-2025,432741.0,6908.0,,2024,5,May,Monday
2024-05-07,24533.041666666668,1703.8958333333333,10602.9375,4420.291666666667,1703.8958333333333,29489.0,2441.0,588.793,40.8935,254.4705,40.8935,106.087,0.06945310151445415,0.4321900905751257,37.0,0.0,0.0,531325.0,0.0,0.0,0.0,8752.0,0.0,2024-2025,531325.0,8752.0,,2024,5,May,Tuesday
2024-05-08,23967.854166666668,2602.9375,9861.4375,3284.5,2602.9375,28925.0,5289.0,575.2285,62.4705,236.6745,62.4705,78.828,0.10860119065727793,0.4114443216912931,38.0,0.0,0.0,635829.0,1180026.0,0.0,0.0,8983.0,-9594.0,2024-2025,1815855.0,-611.0,-122.99624765478424,2024,5,May,Wednesday
2024-05-09,23337.916666666668,2440.7291666666665,8330.041666666666,4798.791666666667,2440.7291666666665,28683.0,5492.0,560.11,58.5775,199.921,58.5775,115.171,0.1045821356519255,0.35693167413543764,39.0,0.0,0.0,373093.0,1617992.0,0.0,0.0,5881.0,-13275.0,2024-2025,1991085.0,-7394.0,-121.88263653483992,2024,5,May,Thursday
2024-05-10,23000.479166666668,1255.8541666666667,9455.6875,4596.416666666667,1255.8541666666667,27389.0,3081.0,552.0115,30.1405,226.9365,30.1405,110.314,0.05460121754709821,0.4111082830701897,40.0,0.0,0.0,380430.0,323551.0,0.0,0.0,5367.0,-8398.0,2024-2025,703981.0,-3031.0,-38.52714932126697,2024,5,May,Friday
2024-05-11,19811.583333333332,3878.6041666666665,4480.9375,4553.541666666667,3878.6041666666665,25108.0,7784.0,475.478,93.0865,107.5425,93.0865,109.285,0.1957745679085047,0.226177657010419,41.0,0.0,0.0,757849.0,3247976.0,0.0,0.0,20047.0,-34667.0,2024-2025,4005825.0,-14620.0,-93.69071451236046,2024,5,May,Saturday
2024-05-12,19771.083333333332,7270.291666666667,3979.8958333333335,3447.5833333333335,7270.291666666667,25669.0,8709.0,474.506,174.487,95.5175,174.487,82.742,0.36772348505603725,0.20129882446165065,42.0,0.0,97187.0,1165497.0,8105121.0,0.0,3298.0,39030.0,-51076.0,2024-2025,9367805.0,-8748.0,-158.68746573733262,2024,5,May,Sunday
2024-05-13,23315.1875,5615.229166666667,6198.020833333333,4038.7083333333335,5615.229166666667,28374.0,8527.0,559.5645,134.7655,148.7525,134.7655,96.929,0.2408399746588642,0.2658361994014989,43.0,0.0,16274.0,587030.0,4045757.0,0.0,1757.0,19594.0,-44165.0,2024-2025,4649061.0,-22814.0,-91.60550209441865,2024,5,May,Monday
2024-05-14,24521.104166666668,6326.854166666667,8114.4375,4084.0,6326.854166666667,28816.0,8659.0,588.5065,151.8445,194.7465,151.8445,98.016,0.258016691404428,0.33091648095645504,44.0,0.0,37110.0,415381.0,4470553.0,0.0,1466.0,13120.0,-49120.0,2024-2025,4923044.0,-34534.0,-91.0128868078176,2024,5,May,Tuesday
2024-05-15,24230.041666666668,2048.3958333333335,10544.083333333334,4798.666666666667,2048.3958333333335,28737.0,4267.0,581.521,49.1615,253.058,49.1615,115.168,0.08453950932124549,0.43516571198632553,45.0,0.0,0.0,425562.0,3047940.0,0.0,0.0,14647.0,-40302.0,2024-2025,3473502.0,-25655.0,-75.62751228226887,2024,5,May,Wednesday
2024-05-16,25421.958333333332,2121.5,11624.979166666666,5088.958333333333,2121.5,29743.0,3823.0,610.127,50.916,278.9995,50.916,122.135,0.08345147813488012,0.4572810250980534,46.0,0.0,0.0,317109.0,1576529.0,0.0,0.0,6372.0,-22742.0,2024-2025,1893638.0,-16370.0,-69.3223551138862,2024,5,May,Thursday
2024-05-17,23536.0,1422.1666666666667,10804.229166666666,5563.375,1422.1666666666667,27948.0,3541.0,564.864,34.132,259.3015,34.132,133.521,0.060425164287332876,0.4590512052458644,47.0,0.0,0.0,405108.0,620487.0,0.0,0.0,6464.0,-12104.0,2024-2025,1025595.0,-5640.0,-51.26297091870456,2024,5,May,Friday
2024-05-18,21508.166666666668,2227.1666666666665,7936.0,5296.375,2227.1666666666665,25276.0,3937.0,516.196,53.452,190.464,53.452,127.113,0.1035498144115801,0.3689761253477361,48.0,0.0,0.0,557140.0,803294.0,0.0,0.0,11643.0,-13804.0,2024-2025,1360434.0,-2161.0,-58.1928426543031,2024,5,May,Saturday
2024-05-19,19500.104166666668,2775.6666666666665,5386.75,5430.333333333333,2775.6666666666665,25448.0,3899.0,468.0025,66.616,129.282,66.616,130.328,0.14234111997264973,0.2762421140912709,49.0,0.0,13013.0,880035.0,460398.0,0.0,314.0,20709.0,-6029.0,2024-2025,1353446.0,14994.0,-76.36390777906784,2024,5,May,Sunday
2024-05-20,22906.708333333332,3125.4791666666665,8632.708333333334,4988.583333333333,3125.4791666666665,27688.0,3848.0,549.761,75.0115,207.185,75.0115,119.726,0.1364438365034988,0.3768637644358185,50.0,0.0,0.0,491629.0,111338.0,0.0,0.0,10480.0,-1296.0,2024-2025,602967.0,9184.0,-85.90895061728395,2024,5,May,Monday
2024-05-21,25095.416666666668,1579.5,11253.875,5961.25,1579.5,30309.0,2515.0,602.29,37.908,270.093,37.908,143.07,0.06293977984027628,0.4484434408673563,51.0,0.0,0.0,172605.0,11733.0,0.0,0.0,2727.0,-191.0,2024-2025,184338.0,2536.0,-61.42931937172775,2024,5,May,Tuesday
2024-05-22,25401.875,7040.645833333333,6861.854166666667,5742.833333333333,7040.645833333333,29469.0,12335.0,609.645,168.9755,164.6845,168.9755,137.828,0.2771703204323828,0.2701317980135981,52.0,0.0,23462.0,282994.0,3290612.0,0.0,2152.0,6995.0,-27072.0,2024-2025,3597068.0,-17925.0,-121.55038416075651,2024,5,May,Wednesday
2024-05-23,23851.041666666668,9817.8125,4994.770833333333,3308.0833333333335,9817.8125,29088.0,12344.0,572.425,235.6275,119.8745,235.6275,79.394,0.4116303445866271,0.20941520723238854,53.0,0.0,5141.0,356432.0,2778731.0,0.0,3485.0,13407.0,-19952.0,2024-2025,3140304.0,-3060.0,-139.27079991980753,2024,5,May,Thursday
2024-05-24,24590.6875,1633.9583333333333,11965.75,4665.583333333333,1633.9583333333333,28220.0,4631.0,590.1765,39.215,287.178,39.215,111.974,0.06644622413803329,0.4865968062096678,54.0,0.0,0.0,274727.0,0.0,0.0,0.0,-840.0,0.0,2024-2025,274727.0,-840.0,,2024,5,May,Friday
2024-05-25,20709.895833333332,3539.25,5431.791666666667,5742.166666666667,3539.25,24947.0,5697.0,497.0375,84.942,130.363,84.942,137.812,0.17089656213062393,0.26228000905364285,55.0,0.0,4902.0,1188025.0,608881.0,0.0,121.0,18192.0,-13927.0,2024-2025,1801808.0,4386.0,-43.719465785883536,2024,5,May,Saturday
2024-05-26,20167.916666666668,4743.145833333333,3846.0208333333335,5451.625,4743.145833333333,24289.0,6663.0,484.03,113.8355,92.3045,113.8355,130.839,0.2351827366072351,0.19069995661425948,56.0,0.0,508053.0,1417091.0,1832854.0,0.0,15937.0,22656.0,-16761.0,2024-2025,3757998.0,21832.0,-109.35230594833244,2024,5,May,Sunday
2024-05-27,19937.104166666668,4722.75,4557.541666666667,4073.8333333333335,4722.75,25373.0,6752.0,478.4905,113.346,109.381,113.346,97.772,0.23688244594197796,0.2285959700349328,57.0,0.0,82351.0,868597.0,41515.0,0.0,2124.0,15153.0,-1642.0,2024-2025,992463.0,15635.0,-25.283191230207066,2024,5,May,Monday
2024-05-28,24264.3125,6276.729166666667,5694.583333333333,5306.375,6276.729166666667,28376.0,9339.0,582.3435,150.6415,136.67,150.6415,127.353,0.25868151700843234,0.2346896634031289,58.0,0.0,46491.0,386246.0,1034535.0,0.0,551.0,7145.0,-10195.0,2024-2025,1467272.0,-2499.0,-101.47474252084355,2024,5,May,Tuesday
2024-05-29,23139.104166666668,6382.0,5689.8125,4461.541666666667,6382.0,28181.0,8148.0,555.3385,153.168,136.5555,153.168,107.077,0.2758101590291327,0.24589597155608697,59.0,0.0,386591.0,247897.0,395592.0,0.0,7615.0,6693.0,-4424.0,2024-2025,1030080.0,9884.0,-89.41952983725136,2024,5,May,Wednesday
2024-05-30,23014.604166666668,9642.416666666666,2855.5208333333335,3917.875,9642.416666666666,26732.0,12097.0,552.3505,231.418,68.5325,231.418,94.029,0.4189694768086568,0.12407429702697834,60.0,0.0,428806.0,600347.0,3706273.0,0.0,9095.0,8556.0,-34639.0,2024-2025,4735426.0,-16988.0,-106.99711308063166,2024,5,May,Thursday
2024-05-31,22676.958333333332,9180.0625,2998.5,3910.7916666666665,9180.0625,26459.0,10964.0,544.247,220.3215,71.964,220.3215,93.859,0.40481895168921467,0.13222672793786647,61.0,0.0,535190.0,616679.0,986793.0,0.0,10316.0,8841.0,-22588.0,2024-2025,2138662.0,-3431.0,-43.686603506286524,2024,5,May,Friday
2024-06-01,20492.125,7417.875,3317.2291666666665,4764.708333333333,7417.875,24756.0,8344.0,491.811,178.029,79.6135,178.029,114.353,0.36198661681011607,0.16187824184493638,62.0,0.0,816909.0,714946.0,1810485.0,0.0,27168.0,10843.0,-29873.0,2024-2025,3342340.0,8138.0,-60.60606567803703,2024,6,June,Saturday
2024-06-02,18774.4375,4756.25,3587.9791666666665,5082.916666666667,4756.25,24453.0,6676.0,450.5865,114.15,86.1115,114.15,121.99,0.25333648478150145,0.19110980910435624,63.0,0.0,1172027.0,747204.0,3100119.0,0.0,22710.0,15004.0,-35025.0,2024-2025,5019350.0,2689.0,-88.51160599571735,2024,6,June,Sunday
2024-06-03,23473.75,4742.541666666667,8160.645833333333,3695.0833333333335,4742.541666666667,27622.0,5686.0,563.37,113.821,195.8555,113.821,88.682,0.20203596215630934,0.34764985710989227,64.0,0.0,54670.0,267445.0,6992640.0,0.0,3736.0,7009.0,-50238.0,2024-2025,7314755.0,-39493.0,-139.19025438910785,2024,6,June,Monday
2024-06-04,23394.916666666668,9085.645833333334,3718.9166666666665,3920.2916666666665,9085.645833333334,27550.0,12795.0,561.478,218.0555,89.254,218.0555,94.087,0.3883598288802055,0.15896259515065597,65.0,0.0,132020.0,126404.0,9307810.0,0.0,7982.0,6388.0,-59491.0,2024-2025,9566234.0,-45121.0,-156.45744734497654,2024,6,June,Tuesday
2024-06-05,21878.083333333332,8970.125,3336.0833333333335,4326.166666666667,8970.125,26770.0,10412.0,525.074,215.283,80.066,215.283,103.828,0.4100050659526086,0.15248517351839933,66.0,0.0,728098.0,579329.0,3933823.0,0.0,19918.0,13421.0,-33582.0,2024-2025,5241250.0,-243.0,-117.14081948662974,2024,6,June,Wednesday
2024-06-06,22956.645833333332,5650.979166666667,5073.145833333333,5247.583333333333,5650.979166666667,27181.0,6904.0,550.9595,135.6235,121.7555,135.6235,125.942,0.2461587466955375,0.22098811255636755,67.0,0.0,172774.0,186263.0,1536712.0,0.0,3523.0,5152.0,-12326.0,2024-2025,1895749.0,-3651.0,-124.67239980528963,2024,6,June,Thursday
2024-06-07,22029.708333333332,8336.6875,3612.7083333333335,4003.375,8336.6875,25695.0,11731.0,528.713,200.0805,86.705,200.0805,96.081,0.37842931798537205,0.16399256307297155,68.0,0.0,315600.0,191198.0,5421199.0,0.0,15807.0,8218.0,-43646.0,2024-2025,5927997.0,-19621.0,-124.20838106584796,2024,6,June,Friday
2024-06-08,19206.3125,7717.229166666667,3168.5,3329.375,7717.229166666667,23199.0,9435.0,460.9515,185.2135,76.044,185.2135,79.905,0.40180691461032236,0.16497180289032576,69.0,0.0,612167.0,260496.0,9738418.0,0.0,45608.0,6845.0,-65302.0,2024-2025,10611081.0,-12849.0,-149.12893938929895,2024,6,June,Saturday
2024-06-09,19695.333333333332,7218.916666666667,3890.4375,3824.0,7218.916666666667,25921.0,11311.0,472.688,173.254,93.3705,173.254,91.776,0.36652929627999864,0.197530929492604,70.0,0.0,774196.0,753917.0,4463127.0,0.0,24310.0,15270.0,-27802.0,2024-2025,5991240.0,11778.0,-160.53258758362708,2024,6,June,Sunday
2024-06-10,22533.833333333332,8407.229166666666,3836.1875,4414.75,8407.229166666666,27694.0,11858.0,540.812,201.7735,92.0685,201.7735,105.954,0.37309360739036856,0.17024122985436713,71.0,0.0,615668.0,768768.0,6525668.0,0.0,10049.0,16731.0,-51818.0,2024-2025,7910104.0,-25038.0,-125.93438573468678,2024,6,June,Monday
2024-06-11,24416.458333333332,6630.4375,6435.0,4882.416666666667,6630.4375,29473.0,8062.0,585.995,159.1305,154.44,159.1305,117.178,0.27155607129753667,0.26355173678956306,72.0,0.0,57055.0,379495.0,5203654.0,0.0,9212.0,15090.0,-45586.0,2024-2025,5640204.0,-21284.0,-114.1502654323696,2024,6,June,Tuesday
2024-06-12,25034.916666666668,2277.9166666666665,10906.166666666666,5049.125,2277.9166666666665,28797.0,4552.0,600.838,54.67,261.748,54.67,121.179,0.09098958454691615,0.4356382252786941,73.0,0.0,0.0,545716.0,2182669.0,0.0,0.0,9989.0,-30989.0,2024-2025,2728385.0,-21000.0,-70.43367001193972,2024,6,June,Wednesday
2024-06-13,24531.854166666668,6642.5625,7474.041666666667,4101.416666666667,6642.5625,29618.0,11992.0,588.7645,159.4215,179.377,159.4215,98.434,0.2707729491163275,0.30466680650752553,74.0,0.0,1820.0,286302.0,4882319.0,0.0,1024.0,8490.0,-43024.0,2024-2025,5170441.0,-33510.0,-113.47896522870955,2024,6,June,Thursday
2024-06-14,23039.145833333332,7685.104166666667,5030.708333333333,3657.0833333333335,7685.104166666667,27095.0,11790.0,552.9395,184.4425,120.737,184.4425,87.77,0.3335672347517224,0.2183548109693737,75.0,0.0,49830.0,338264.0,4221950.0,0.0,4589.0,12117.0,-35127.0,2024-2025,4610044.0,-18421.0,-120.19102115182054,2024,6,June,Friday
2024-06-15,21356.708333333332,3786.9791666666665,4760.770833333333,6176.125,3786.9791666666665,25314.0,5553.0,512.561,90.8875,114.2585,90.8875,148.227,0.17732035796714926,0.2229168820881807,76.0,0.0,78973.0,749974.0,3958613.0,0.0,3558.0,18380.0,-29861.0,2024-2025,4787560.0,-7923.0,-132.56799839255217,2024,6,June,Saturday
2024-06-16,19911.729166666668,6407.416666666667,2956.4583333333335,5043.166666666667,6407.416666666667,25427.0,7495.0,477.8815,153.778,70.955,153.778,121.036,0.32179107163595994,0.14847823152810893,77.0,0.0,1278592.0,2060705.0,1040820.0,0.0,12865.0,19813.0,-21514.0,2024-2025,4380117.0,11164.0,-48.378730129218184,2024,6,June,Sunday
2024-06-17,23026.1875,3817.2708333333335,7221.5,4925.833333333333,3817.2708333333335,27615.0,6391.0,552.6285,91.6145,173.316,91.6145,118.22,0.16577954267649966,0.3136211758894085,78.0,0.0,3706.0,617094.0,655709.0,0.0,128.0,12696.0,-7224.0,2024-2025,1276509.0,5600.0,-90.76813399778516,2024,6,June,Monday
2024-06-18,23782.0625,2959.9166666666665,9529.708333333334,4365.333333333333,2959.9166666666665,28416.0,4905.0,570.7695,71.038,228.713,71.038,104.768,0.12446004910914125,0.40070991880259893,79.0,0.0,0.0,658166.0,226327.0,0.0,0.0,9315.0,-2060.0,2024-2025,884493.0,7255.0,-109.86747572815534,2024,6,June,Tuesday
2024-06-19,23047.104166666668,3597.8958333333335,7169.104166666667,5390.708333333333,3597.8958333333335,27555.0,4907.0,553.1305,86.3495,172.0585,86.3495,129.377,0.15611053810990355,0.3110631216322369,80.0,0.0,0.0,709492.0,2941375.0,0.0,0.0,9793.0,-29449.0,2024-2025,3650867.0,-19656.0,-99.88030153825257,2024,6,June,Wednesday
2024-06-20,22957.0,2469.1666666666665,8802.5625,4598.708333333333,2469.1666666666665,27901.0,3835.0,550.968,59.26,211.2615,59.26,110.369,0.10755615571140248,0.38343696911617375,81.0,0.0,0.0,572060.0,1010948.0,0.0,0.0,11083.0,-14286.0,2024-2025,1583008.0,-3203.0,-70.76494470110597,2024,6,June,Thursday
2024-06-21,21744.5625,5916.645833333333,5097.6875,4046.625,5916.645833333333,25602.0,8836.0,521.8695,141.9995,122.3445,141.9995,97.119,0.27209771791606907,0.23443504554299494,82.0,0.0,9011.0,777299.0,1736277.0,0.0,206.0,17018.0,-23809.0,2024-2025,2522587.0,-6585.0,-72.92523835524382,2024,6,June,Friday
2024-06-22,19935.854166666668,3948.4583333333335,4094.1458333333335,5757.958333333333,3948.4583333333335,24183.0,5443.0,478.4605,94.763,98.2595,94.763,138.191,0.198058146910769,0.2053659601994313,83.0,0.0,358666.0,588736.0,1362545.0,0.0,10135.0,9714.0,-14587.0,2024-2025,2309947.0,5262.0,-93.40817165969699,2024,6,June,Saturday
2024-06-23,20555.916666666668,2609.2916666666665,5429.270833333333,5897.333333333333,2609.2916666666665,25892.0,5098.0,493.342,62.623,130.3025,62.623,141.536,0.12693628355177544,0.2641220492072437,84.0,0.0,198872.0,688682.0,937377.0,0.0,4830.0,11336.0,-7776.0,2024-2025,1824931.0,8390.0,-120.54745370370371,2024,6,June,Sunday
2024-06-24,24151.375,2795.8333333333335,8531.25,5352.291666666667,2795.8333333333335,28492.0,3403.0,579.633,67.1,204.75,67.1,128.455,0.11576290514860263,0.3532407575138061,85.0,0.0,0.0,390471.0,620361.0,0.0,0.0,5446.0,-5129.0,2024-2025,1010832.0,317.0,-120.95164749463834,2024,6,June,Monday
2024-06-25,24225.145833333332,2036.2916666666667,9990.0625,4754.75,2036.2916666666667,29118.0,3469.0,581.4035,48.871,239.7615,48.871,114.114,0.08405694152167986,0.41238399837634276,86.0,0.0,0.0,128305.0,227596.0,0.0,0.0,2020.0,-4124.0,2024-2025,355901.0,-2104.0,-55.18816682832202,2024,6,June,Tuesday
2024-06-26,23950.125,2605.4166666666665,9778.958333333334,4471.208333333333,2605.4166666666665,28886.0,5375.0,574.803,62.53,234.695,62.53,107.309,0.10878509680708,0.40830510627119204,87.0,0.0,339.0,103099.0,1797294.0,0.0,173.0,2643.0,-15380.0,2024-2025,1900732.0,-12564.0,-116.8591677503251,2024,6,June,Wednesday
2024-06-27,21381.583333333332,8708.166666666666,4366.75,2011.5,8708.166666666666,24961.0,11143.0,513.158,208.996,104.802,208.996,48.276,0.4072741728668363,0.2042294965683084,88.0,0.0,11827.0,121218.0,11782669.0,0.0,14927.0,8210.0,-82595.0,2024-2025,11915714.0,-59458.0,-142.65595980386223,2024,6,June,Thursday
2024-06-28,20683.25,9887.125,4342.6875,586.25,9887.125,24826.0,12846.0,496.398,237.291,104.2245,237.291,14.07,0.47802569712206733,0.20996156310057656,89.0,0.0,236750.0,323400.0,13383830.0,0.0,30297.0,13805.0,-85588.0,2024-2025,13943980.0,-41486.0,-156.37507594522597,2024,6,June,Friday
2024-06-29,20117.020833333332,3240.2708333333335,4592.75,5735.958333333333,3240.2708333333335,24737.0,4012.0,482.8085,77.7665,110.226,77.7665,137.663,0.16107110790302986,0.22830169725677987,90.0,0.0,88830.0,347801.0,4754704.0,0.0,14727.0,12795.0,-36164.0,2024-2025,5191335.0,-8642.0,-131.47616414113483,2024,6,June,Saturday
2024-06-30,20922.229166666668,3465.5,4720.583333333333,5778.958333333333,3465.5,25582.0,5230.0,502.1335,83.172,113.294,83.172,138.695,0.16563722595684213,0.2256252570282604,91.0,0.0,1003698.0,804748.0,1285244.0,0.0,23784.0,13307.0,-14192.0,2024-2025,3093690.0,22899.0,-90.56116121758737,2024,6,June,Sunday
2024-07-01,23648.479166666668,5623.166666666667,5301.604166666667,5646.416666666667,5623.166666666667,28151.0,8733.0,567.5635,134.956,127.2385,134.956,135.514,0.2377813231471016,0.2241837256976532,92.0,0.0,12551.0,250829.0,2691953.0,0.0,1416.0,12885.0,-26097.0,2024-2025,2955333.0,-11796.0,-103.15181821665325,2024,7,July,Monday
2024-07-02,23698.25,5696.0625,6199.041666666667,4369.875,5696.0625,27589.0,8663.0,568.758,136.7055,148.777,136.7055,104.877,0.24035793782241302,0.26158225466718704,93.0,0.0,237171.0,337151.0,587129.0,0.0,5508.0,7234.0,-3128.0,2024-2025,1161451.0,9614.0,-187.70108695652175,2024,7,July,Tuesday
2024-07-03,23810.020833333332,7736.125,5005.708333333333,3908.3333333333335,7736.125,26934.0,12596.0,571.4405,185.667,120.137,185.667,93.8,0.32491046749399105,0.21023536133683207,94.0,0.0,152565.0,456685.0,6734965.0,0.0,7000.0,10431.0,-43067.0,2024-2025,7344215.0,-25636.0,-156.38342582487752,2024,7,July,Wednesday
2024-07-04,20646.1875,13021.145833333334,3159.7291666666665,-1078.2083333333333,13021.145833333334,25701.0,13756.0,495.5085,312.5075,75.8335,312.5075,-25.877,0.6306804020516298,0.15304177425816107,95.0,0.0,549129.0,314710.0,11410856.0,0.0,27504.0,8934.0,-72041.0,2024-2025,12274695.0,-35603.0,-158.39391457642176,2024,7,July,Thursday
2024-07-05,23023.4375,8170.625,5004.208333333333,2753.9166666666665,8170.625,28579.0,13543.0,552.5625,196.095,120.101,196.095,66.094,0.3548829317950458,0.21735278814613732,96.0,0.0,1009307.0,624994.0,2981296.0,0.0,13300.0,7712.0,-28653.0,2024-2025,4615597.0,-7641.0,-104.04830209751161,2024,7,July,Friday
2024-07-06,20289.75,6155.854166666667,2649.625,5374.708333333333,6155.854166666667,23714.0,8607.0,486.954,147.7405,63.591,147.7405,128.993,0.30339724080713987,0.13058933698049507,97.0,0.0,1969684.0,933864.0,103369.0,0.0,32416.0,8716.0,-1915.0,2024-2025,3006917.0,39217.0,-53.978590078328985,2024,7,July,Saturday
2024-07-07,20379.375,4461.979166666667,4435.208333333333,5476.125,4461.979166666667,25469.0,7651.0,489.105,107.0875,106.445,107.0875,131.427,0.21894582962758508,0.21763220576358858,98.0,0.0,946002.0,584900.0,108024.0,0.0,19405.0,7774.0,-1353.0,2024-2025,1638926.0,25826.0,-79.84035476718404,2024,7,July,Sunday
2024-07-08,23910.375,1174.5833333333333,11206.166666666666,5036.875,1174.5833333333333,28717.0,3578.0,573.849,28.19,268.948,28.19,120.885,0.049124421232763324,0.4686738148885856,99.0,0.0,13934.0,196541.0,67595.0,0.0,345.0,3931.0,-857.0,2024-2025,278070.0,3419.0,-78.87397899649942,2024,7,July,Monday
2024-07-09,24877.479166666668,7568.895833333333,5441.0,5608.0,7568.895833333333,29605.0,10495.0,597.0595,181.6535,130.584,181.6535,134.592,0.3042468966660777,0.21871187042497442,100.0,0.0,238573.0,294255.0,878595.0,0.0,6428.0,4611.0,-10057.0,2024-2025,1411423.0,982.0,-87.36153922640946,2024,7,July,Tuesday
2024-07-10,23701.0,7919.520833333333,5317.625,4644.958333333333,7919.520833333333,27516.0,9706.0,568.824,190.0685,127.623,190.0685,111.479,0.33414289833059085,0.2243628960803342,101.0,0.0,202363.0,212438.0,4658410.0,0.0,8598.0,5387.0,-40874.0,2024-2025,5073211.0,-26889.0,-113.97000538239467,2024,7,July,Wednesday
2024-07-11,24069.375,3278.0208333333335,9813.4375,4011.7083333333335,3278.0208333333335,28175.0,5413.0,577.665,78.6725,235.5225,78.6725,96.281,0.1361905256506799,0.4077146789229052,102.0,0.0,0.0,79333.0,3607546.0,0.0,0.0,5129.0,-31166.0,2024-2025,3686879.0,-26037.0,-115.75261502919848,2024,7,July,Thursday
2024-07-12,24113.854166666668,5183.0625,7553.083333333333,4859.416666666667,5183.0625,28002.0,6534.0,578.7325,124.3935,181.274,124.3935,116.626,0.21494127252227932,0.3132258858799186,103.0,0.0,2644.0,319583.0,0.0,0.0,1116.0,5856.0,0.0,2024-2025,322227.0,6972.0,,2024,7,July,Friday
2024-07-13,21495.458333333332,5359.75,4605.145833333333,5270.791666666667,5359.75,25762.0,6315.0,515.891,128.634,110.5235,128.634,126.499,0.24934336904501145,0.21423808517690754,104.0,0.0,340434.0,314648.0,692640.0,0.0,7431.0,6781.0,-6465.0,2024-2025,1347722.0,7747.0,-107.1368909512761,2024,7,July,Saturday
2024-07-14,20912.229166666668,4987.895833333333,4322.583333333333,5681.416666666667,4987.895833333333,26180.0,7109.0,501.8935,119.7095,103.742,119.7095,136.354,0.2385157408892524,0.2067012224705042,105.0,0.0,371951.0,533394.0,1323884.0,0.0,9375.0,13915.0,-14619.0,2024-2025,2229229.0,8671.0,-90.55913537177645,2024,7,July,Sunday
2024-07-15,24951.895833333332,1399.625,10579.854166666666,5723.083333333333,1399.625,30269.0,3590.0,598.8455,33.591,253.9165,33.591,137.354,0.05609293215027916,0.42401003263780057,106.0,0.0,5158.0,246289.0,235581.0,0.0,220.0,3460.0,-2875.0,2024-2025,487028.0,805.0,-81.94121739130435,2024,7,July,Monday
2024-07-16,24595.104166666668,4203.3125,8121.5,5401.166666666667,4203.3125,28450.0,6455.0,590.2825,100.8795,194.916,100.8795,129.628,0.1709003739734788,0.33020799363016856,107.0,0.0,2747.0,300155.0,332574.0,0.0,85.0,7818.0,-5220.0,2024-2025,635476.0,2683.0,-63.711494252873564,2024,7,July,Tuesday
2024-07-17,23538.520833333332,2129.2916666666665,9449.875,5005.208333333333,2129.2916666666665,28163.0,4051.0,564.9245,51.103,226.797,51.103,120.125,0.09045987561169679,0.40146426646392575,108.0,0.0,0.0,177112.0,287784.0,0.0,0.0,5380.0,-3314.0,2024-2025,464896.0,2066.0,-86.83886541943271,2024,7,July,Wednesday
2024-07-18,23238.375,4894.916666666667,7542.020833333333,3986.875,4894.916666666667,28233.0,5952.0,557.721,117.478,181.0085,117.478,95.685,0.21063936986414353,0.324550267965524,109.0,0.0,0.0,180937.0,1704335.0,0.0,0.0,4909.0,-24863.0,2024-2025,1885272.0,-19954.0,-68.5490487873547,2024,7,July,Thursday
2024-07-19,22910.604166666668,6539.270833333333,6088.1875,3847.75,6539.270833333333,26901.0,8812.0,549.8545,156.9425,146.1165,156.9425,92.346,0.28542550802075817,0.26573666306268295,110.0,0.0,0.0,191811.0,1762576.0,0.0,0.0,3748.0,-14890.0,2024-2025,1954387.0,-11142.0,-118.37313633310947,2024,7,July,Friday
2024-07-20,22580.395833333332,3469.0208333333335,6620.458333333333,6127.875,3469.0208333333335,26460.0,7345.0,541.9295,83.2565,158.891,83.2565,147.069,0.15362976180481042,0.2931949635515321,111.0,0.0,487.0,457970.0,257040.0,0.0,14.0,7882.0,-3046.0,2024-2025,715497.0,4850.0,-84.38608010505581,2024,7,July,Saturday
2024-07-21,20233.583333333332,3610.1458333333335,5081.125,5779.541666666667,3610.1458333333335,25207.0,5594.0,485.606,86.6435,121.947,86.6435,138.709,0.17842345440542334,0.25112333867373965,112.0,0.0,379885.0,696265.0,813403.0,0.0,7610.0,12157.0,-8739.0,2024-2025,1889553.0,11028.0,-93.07735438837396,2024,7,July,Sunday
2024-07-22,23551.5625,4042.4791666666665,7487.354166666667,5548.5,4042.4791666666665,27945.0,6293.0,565.2375,97.0195,179.6965,97.0195,133.164,0.17164377805789602,0.31791326654724783,113.0,0.0,0.0,465977.0,729633.0,0.0,0.0,7808.0,-9847.0,2024-2025,1195610.0,-2039.0,-74.09698385295013,2024,7,July,Monday
2024-07-23,23929.041666666668,2290.8125,9627.375,5534.875,2290.8125,28132.0,3666.0,574.297,54.9795,231.057,54.9795,132.837,0.09573356642991344,0.402330153213407,114.0,0.0,0.0,275094.0,46911.0,0.0,0.0,5544.0,-176.0,2024-2025,322005.0,5368.0,-266.53977272727275,2024,7,July,Tuesday
2024-07-24,24137.166666666668,3739.6875,9678.854166666666,4641.5,3739.6875,28737.0,9051.0,579.292,89.7525,232.2925,89.7525,111.396,0.15493481698349018,0.4009937993274549,115.0,0.0,1760.0,93387.0,1035865.0,0.0,448.0,2801.0,-13603.0,2024-2025,1131012.0,-10354.0,-76.14974637947512,2024,7,July,Wednesday
2024-07-25,24644.916666666668,7154.833333333333,7015.958333333333,4443.958333333333,7154.833333333333,29143.0,8496.0,591.478,171.716,168.383,171.716,106.655,0.29031679961046736,0.2846817633115687,116.0,0.0,108731.0,409335.0,555275.0,0.0,3839.0,8128.0,-4255.0,2024-2025,1073341.0,7712.0,-130.4994124559342,2024,7,July,Thursday
2024-07-26,22066.458333333332,4158.083333333333,7003.645833333333,4559.833333333333,4158.083333333333,26296.0,6063.0,529.595,99.794,168.0875,99.794,109.436,0.18843455848336935,0.3173887593349635,117.0,0.0,80458.0,400214.0,92262.0,0.0,2240.0,6701.0,-1688.0,2024-2025,572934.0,7253.0,-54.65758293838863,2024,7,July,Friday
2024-07-27,20441.4375,937.6875,8520.4375,4623.541666666667,937.6875,24588.0,2712.0,490.5945,22.5045,204.4905,22.5045,110.965,0.04587189624017391,0.4168218355485029,118.0,0.0,0.0,149123.0,0.0,0.0,0.0,2305.0,0.0,2024-2025,149123.0,2305.0,,2024,7,July,Saturday
2024-07-28,19243.041666666668,1643.1041666666667,5242.229166666667,5361.333333333333,1643.1041666666667,25115.0,4317.0,461.833,39.4345,125.8135,39.4345,128.672,0.08538692557699427,0.27242206598489066,119.0,0.0,47881.0,347702.0,161745.0,0.0,1807.0,6196.0,-1418.0,2024-2025,557328.0,6585.0,-114.06558533145275,2024,7,July,Sunday
2024-07-29,22171.333333333332,4394.0,5875.5625,4822.75,4394.0,28008.0,6206.0,532.112,105.456,141.0135,105.456,115.746,0.19818384099588057,0.2650071789397721,120.0,0.0,124003.0,405735.0,566123.0,0.0,3269.0,7327.0,-4132.0,2024-2025,1095861.0,6464.0,-137.0094385285576,2024,7,July,Monday
2024-07-30,23042.895833333332,3071.1458333333335,8411.854166666666,4304.333333333333,3071.1458333333335,28100.0,5078.0,553.0295,73.7075,201.8845,73.7075,103.304,0.13327950859764262,0.36505195473297536,121.0,0.0,0.0,275248.0,1420513.0,0.0,0.0,5182.0,-17355.0,2024-2025,1695761.0,-12173.0,-81.85036012676463,2024,7,July,Tuesday
2024-07-31,23756.729166666668,2416.9583333333335,9715.458333333334,4616.625,2416.9583333333335,28676.0,3231.0,570.1615,58.007,233.171,58.007,110.799,0.10173784094506555,0.4089560589411947,122.0,0.0,0.0,181805.0,104362.0,0.0,0.0,3071.0,-67.0,2024-2025,286167.0,3004.0,-1557.641791044776,2024,7,July,Wednesday
2024-08-01,24142.75,1855.375,10532.395833333334,4362.041666666667,1855.375,28472.0,3002.0,579.426,44.529,252.7775,44.529,104.689,0.07685019312215882,0.4362550178970222,123.0,0.0,0.0,178170.0,246948.0,0.0,0.0,3278.0,-2493.0,2024-2025,425118.0,785.0,-99.05655836341757,2024,8,August,Thursday
2024-08-02,22923.270833333332,5461.791666666667,5948.041666666667,4930.0,5461.791666666667,26619.0,8319.0,550.1585,131.083,142.753,131.083,118.32,0.23826406390158472,0.2594761327871877,124.0,0.0,0.0,179271.0,1849407.0,0.0,0.0,4574.0,-19591.0,2024-2025,2028678.0,-15017.0,-94.40084732785462,2024,8,August,Friday
2024-08-03,20442.958333333332,3702.0208333333335,5047.458333333333,4961.833333333333,3702.0208333333335,24207.0,4846.0,490.631,88.8485,121.139,88.8485,119.084,0.18109026946931606,0.24690449645456566,125.0,0.0,0.0,677496.0,354018.0,0.0,0.0,12909.0,-3058.0,2024-2025,1031514.0,9851.0,-115.76782210595161,2024,8,August,Saturday
2024-08-04,19837.104166666668,4885.1875,3063.125,5440.958333333333,4885.1875,24103.0,8800.0,476.0905,117.2445,73.515,117.2445,130.583,0.2462651533689498,0.15441391920233652,126.0,0.0,176024.0,1103105.0,3191556.0,0.0,2123.0,17733.0,-25613.0,2024-2025,4470685.0,-5757.0,-124.60687931909577,2024,8,August,Sunday
2024-08-05,22597.9375,8605.8125,4411.208333333333,2981.6666666666665,8605.8125,28354.0,9560.0,542.3505,206.5395,105.869,206.5395,71.56,0.38082291802072643,0.19520402396605147,127.0,0.0,448072.0,612013.0,4779359.0,0.0,23431.0,13733.0,-46219.0,2024-2025,5839444.0,-9055.0,-103.4068023972825,2024,8,August,Monday
2024-08-06,22993.5,5900.5,4973.125,4306.291666666667,5900.5,27065.0,8066.0,551.844,141.612,119.355,141.612,103.351,0.2566160001739622,0.21628394981190335,128.0,0.0,74641.0,651771.0,1977049.0,0.0,1645.0,11981.0,-24359.0,2024-2025,2703461.0,-10733.0,-81.16297877581181,2024,8,August,Tuesday
2024-08-07,22268.5,8686.541666666666,3325.7083333333335,3750.7083333333335,8686.541666666666,26681.0,11414.0,534.444,208.477,79.817,208.477,90.017,0.39008202917424467,0.1493458622418813,129.0,0.0,600570.0,505259.0,7907754.0,0.0,11029.0,5747.0,-66420.0,2024-2025,9013583.0,-49644.0,-119.05682023486902,2024,8,August,Wednesday
2024-08-08,23440.020833333332,8201.791666666666,4444.416666666667,3835.625,8201.791666666666,28320.0,12731.0,562.5605,196.843,106.666,196.843,92.055,0.3499054768331583,0.18960805104517645,130.0,0.0,87269.0,147001.0,4178404.0,0.0,8823.0,7093.0,-37371.0,2024-2025,4412674.0,-21455.0,-111.80872869337186,2024,8,August,Thursday
2024-08-09,20096.333333333332,11794.895833333334,3190.9166666666665,-682.5,11794.895833333334,24739.0,14303.0,482.312,283.0775,76.582,283.0775,-16.38,0.5869178042428966,0.15878103800029855,131.0,0.0,300974.0,568923.0,8969173.0,0.0,9451.0,11318.0,-71349.0,2024-2025,9839070.0,-50580.0,-125.70846122580555,2024,8,August,Friday
2024-08-10,20096.4375,7800.083333333333,3392.5625,2123.2083333333335,7800.083333333333,25024.0,9499.0,482.3145,187.202,81.4215,187.202,50.957,0.38813263959511896,0.16881412439393798,132.0,0.0,879998.0,593639.0,7382308.0,0.0,22084.0,15977.0,-75205.0,2024-2025,8855945.0,-37144.0,-98.1624626022206,2024,8,August,Saturday
2024-08-11,19425.5,3482.8333333333335,3155.0208333333335,4976.0,3482.8333333333335,24833.0,11129.0,466.212,83.588,75.7205,83.588,119.424,0.1792918243202663,0.1624164543169202,133.0,0.0,24786.0,1092463.0,1950256.0,0.0,1079.0,26250.0,-23840.0,2024-2025,3067505.0,3489.0,-81.80604026845637,2024,8,August,Sunday
2024-08-12,23211.166666666668,9626.479166666666,4124.5625,1713.75,9626.479166666666,28644.0,12802.0,557.068,231.0355,98.9895,231.0355,41.13,0.4147348259099428,0.17769733677037636,134.0,0.0,142018.0,499256.0,7570193.0,0.0,5060.0,26321.0,-61505.0,2024-2025,8211467.0,-30124.0,-123.08256239330136,2024,8,August,Monday
2024-08-13,22978.0625,5516.583333333333,5330.895833333333,3448.5416666666665,5516.583333333333,28025.0,7371.0,551.4735,132.398,127.9415,132.398,82.765,0.24008043904194853,0.23199936171003688,135.0,0.0,93401.0,317757.0,7375640.0,0.0,5816.0,16574.0,-63322.0,2024-2025,7786798.0,-40932.0,-116.47831717254667,2024,8,August,Tuesday
2024-08-14,23960.291666666668,3501.8958333333335,8455.541666666666,3292.3333333333335,3501.8958333333335,28312.0,5357.0,575.047,84.0455,202.933,84.0455,79.016,0.14615414044417238,0.352898110937019,136.0,0.0,0.0,247827.0,5681469.0,0.0,0.0,15085.0,-63602.0,2024-2025,5929296.0,-48517.0,-89.32846451369454,2024,8,August,Wednesday
2024-08-15,22888.958333333332,9206.604166666666,3421.3541666666665,3266.1666666666665,9206.604166666666,28275.0,12284.0,549.335,220.9585,82.1125,220.9585,78.388,0.4022290587710595,0.1494761848416722,137.0,0.0,0.0,232691.0,8015342.0,0.0,0.0,18669.0,-69710.0,2024-2025,8248033.0,-51041.0,-114.98123655142734,2024,8,August,Thursday
2024-08-16,21807.166666666668,5293.166666666667,5548.354166666667,2279.75,5293.166666666667,26698.0,6705.0,523.372,127.036,133.1605,127.036,54.714,0.2427260151479254,0.2544280167834734,138.0,0.0,0.0,81326.0,11237387.0,0.0,0.0,14791.0,-87547.0,2024-2025,11318713.0,-72756.0,-128.35833323814637,2024,8,August,Friday
2024-08-17,20143.729166666668,4502.583333333333,4428.625,2360.2916666666665,4502.583333333333,25495.0,5836.0,483.4495,108.062,106.287,108.062,56.647,0.22352282916829988,0.21985129780876805,139.0,0.0,76192.0,226613.0,7276316.0,0.0,13244.0,16587.0,-58036.0,2024-2025,7579121.0,-28205.0,-125.37590461093114,2024,8,August,Saturday
2024-08-18,19009.916666666668,5838.854166666667,3704.9375,2523.1666666666665,5838.854166666667,25237.0,7067.0,456.238,140.1325,88.9185,140.1325,60.556,0.3071478044354043,0.19489498901888924,140.0,0.0,422411.0,675401.0,6361537.0,0.0,14462.0,25910.0,-55986.0,2024-2025,7459349.0,-15614.0,-113.62728182045511,2024,8,August,Sunday
2024-08-19,23021.416666666668,7520.833333333333,4383.354166666667,3048.5416666666665,7520.833333333333,27185.0,13151.0,552.514,180.5,105.2005,180.5,73.165,0.3266885544981666,0.19040332009686634,141.0,0.0,72250.0,398121.0,6702450.0,0.0,3686.0,11773.0,-50179.0,2024-2025,7172821.0,-34720.0,-133.5708164770123,2024,8,August,Monday
2024-08-20,21375.708333333332,10133.666666666666,3052.4166666666665,1188.9583333333333,10133.666666666666,25857.0,12824.0,513.017,243.208,73.258,243.208,28.535,0.4740739585627766,0.14279838679809828,142.0,0.0,213477.0,436159.0,7370704.0,0.0,10511.0,15857.0,-54103.0,2024-2025,8020340.0,-27735.0,-136.2346635121897,2024,8,August,Tuesday
2024-08-21,22030.5,11792.645833333334,3669.3541666666665,379.8333333333333,11792.645833333334,27236.0,12951.0,528.732,283.0235,88.0645,283.0235,9.116,0.535287253277653,0.16655791591959632,143.0,0.0,994195.0,823326.0,13521689.0,0.0,21367.0,18628.0,-99766.0,2024-2025,15339210.0,-59771.0,-135.53403965278753,2024,8,August,Wednesday
2024-08-22,22276.1875,11594.604166666666,4032.8333333333335,-317.4166666666667,11594.604166666666,27351.0,14391.0,534.6285,278.2705,96.788,278.2705,-7.618,0.5204932022890661,0.1810378608697441,144.0,0.0,585857.0,341684.0,13680382.0,0.0,19828.0,13636.0,-95717.0,2024-2025,14607923.0,-62253.0,-142.92531107326806,2024,8,August,Thursday
2024-08-23,20424.416666666668,9031.3125,3081.6458333333335,1845.375,9031.3125,25894.0,12147.0,490.186,216.7515,73.9595,216.7515,44.289,0.44218215126503,0.15088048210271204,145.0,0.0,946708.0,1353341.0,3704373.0,0.0,14415.0,20296.0,-31027.0,2024-2025,6004422.0,3684.0,-119.39191671769748,2024,8,August,Friday
2024-08-24,20416.020833333332,7687.333333333333,2593.2708333333335,3068.0833333333335,7687.333333333333,24293.0,12338.0,489.9845,184.496,62.2385,184.496,73.634,0.37653435976035976,0.1270213649615447,146.0,0.0,119293.0,549354.0,8346253.0,0.0,13657.0,17407.0,-54201.0,2024-2025,9014900.0,-23137.0,-153.98706665928674,2024,8,August,Saturday
2024-08-25,18116.916666666668,10989.395833333334,2615.6666666666665,-1223.125,10989.395833333334,23158.0,14548.0,434.806,263.7455,62.776,263.7455,-29.355,0.6065820158875452,0.14437703251565068,147.0,0.0,705344.0,1137337.0,8579039.0,0.0,22570.0,26418.0,-60847.0,2024-2025,10421720.0,-11859.0,-140.9936233503706,2024,8,August,Sunday
2024-08-26,20173.5,7888.020833333333,4520.6875,850.75,7888.020833333333,26481.0,11557.0,484.164,189.3125,108.4965,189.3125,20.418,0.39100903825976324,0.2240903908592956,148.0,0.0,283832.0,719039.0,4091412.0,0.0,8334.0,16038.0,-17823.0,2024-2025,5094283.0,6549.0,-229.55798687089717,2024,8,August,Monday
2024-08-27,22403.583333333332,9084.875,6066.125,-195.70833333333334,9084.875,28557.0,10991.0,537.686,218.037,145.587,218.037,-4.697,0.4055099072692984,0.27076583731025167,149.0,0.0,12672.0,252384.0,15518984.0,0.0,931.0,7696.0,-83557.0,2024-2025,15784040.0,-74930.0,-185.72931053053605,2024,8,August,Tuesday
2024-08-28,24113.270833333332,5476.8125,7703.4375,2914.3333333333335,5476.8125,29103.0,8028.0,578.7185,131.4435,184.8825,131.4435,69.944,0.2271285607769581,0.3194687918219307,150.0,0.0,155851.0,377608.0,5349357.0,0.0,5143.0,9218.0,-43042.0,2024-2025,5882816.0,-28681.0,-124.28225918869941,2024,8,August,Wednesday
2024-08-29,22776.604166666668,4475.604166666667,8069.416666666667,2377.0833333333335,4475.604166666667,28713.0,5447.0,546.6385,107.4145,193.666,107.4145,57.05,0.1965000635703486,0.3542853275062038,151.0,0.0,0.0,240170.0,9239734.0,0.0,0.0,11516.0,-38263.0,2024-2025,9479904.0,-26747.0,-241.47960170399602,2024,8,August,Thursday
2024-08-30,22734.708333333332,2642.6041666666665,9573.354166666666,2899.2083333333335,2642.6041666666665,27967.0,3624.0,545.633,63.4225,229.7605,63.4225,69.581,0.11623655460721766,0.4210898167816096,152.0,0.0,1577.0,162213.0,4028654.0,0.0,332.0,11751.0,-38355.0,2024-2025,4192444.0,-26272.0,-105.03595359144832,2024,8,August,Friday
2024-08-31,20676.5,5973.083333333333,3611.6041666666665,4647.333333333333,5973.083333333333,25878.0,9696.0,496.236,143.354,86.6785,143.354,111.536,0.288882709033605,0.1746719302912324,153.0,0.0,783401.0,1453821.0,1823025.0,0.0,21146.0,26441.0,-23209.0,2024-2025,4060247.0,24378.0,-78.5481925115257,2024,8,August,Saturday
2024-09-01,21565.3125,7353.833333333333,4330.5625,3236.25,7353.833333333333,28030.0,9065.0,517.5675,176.492,103.9335,176.492,77.67,0.3410028643606872,0.20081148835659116,154.0,0.0,811803.0,1213396.0,4218849.0,0.0,16479.0,22669.0,-34419.0,2024-2025,6244048.0,4729.0,-122.5732589558093,2024,9,September,Sunday
2024-09-02,26088.5625,4048.0416666666665,10692.145833333334,3332.375,4048.0416666666665,30843.0,7246.0,626.1255,97.153,256.6115,97.153,79.977,0.15516537818696094,0.40984035948064723,155.0,0.0,0.0,250602.0,1733133.0,0.0,0.0,8988.0,-5246.0,2024-2025,1983735.0,3742.0,-330.37228364468166,2024,9,September,Monday
2024-09-03,25230.125,3117.0,12103.875,2026.2916666666667,3117.0,30482.0,3806.0,605.523,74.808,290.493,74.808,48.631,0.12354278863065483,0.4797390024821518,156.0,0.0,0.0,116095.0,1322977.0,0.0,0.0,3632.0,-8023.0,2024-2025,1439072.0,-4391.0,-164.8980431260127,2024,9,September,Tuesday
2024-09-04,25033.479166666668,1525.6041666666667,13081.416666666666,2292.5833333333335,1525.6041666666667,30880.0,3661.0,600.8035,36.6145,313.954,36.6145,55.022,0.06094255442919357,0.5225568759170012,157.0,0.0,0.0,172619.0,331310.0,0.0,0.0,3228.0,-2763.0,2024-2025,503929.0,465.0,-119.90951863916034,2024,9,September,Wednesday
2024-09-05,25210.125,8291.458333333334,3993.6875,5282.25,8291.458333333334,30088.0,11154.0,605.043,198.995,95.8485,198.995,126.774,0.3288939794361723,0.15841601340731154,158.0,0.0,2798.0,649411.0,1731696.0,0.0,1055.0,16321.0,-14031.0,2024-2025,2383905.0,3345.0,-123.41928586700877,2024,9,September,Thursday
2024-09-06,24624.104166666668,5718.708333333333,6627.3125,4937.916666666667,5718.708333333333,29779.0,7759.0,590.9785,137.249,159.0555,137.249,118.51,0.2322402591634044,0.2691392326455192,159.0,0.0,146295.0,442172.0,1307872.0,0.0,6022.0,10834.0,-9844.0,2024-2025,1896339.0,7012.0,-132.85981308411215,2024,9,September,Friday
2024-09-07,23568.9375,1615.3541666666667,8807.895833333334,5030.291666666667,1615.3541666666667,28186.0,2933.0,565.6545,38.7685,211.3895,38.7685,120.727,0.06853741992682813,0.3737078022008134,160.0,0.0,0.0,638703.0,170110.0,0.0,0.0,10461.0,-2427.0,2024-2025,808813.0,8034.0,-70.09064688916358,2024,9,September,Saturday
2024-09-08,22849.520833333332,4635.375,5077.75,5515.291666666667,4635.375,28534.0,8358.0,548.3885,111.249,121.866,111.249,132.367,0.20286530443289746,0.22222566665785295,161.0,0.0,23304.0,665569.0,1213261.0,0.0,1362.0,14342.0,-11265.0,2024-2025,1902134.0,4439.0,-107.70181979582779,2024,9,September,Sunday
2024-09-09,23685.5,8279.604166666666,5191.375,2911.5833333333335,8279.604166666666,30063.0,11127.0,568.452,198.7105,124.593,198.7105,69.878,0.3495642552053647,0.21917945578518502,162.0,0.0,340285.0,170565.0,2716674.0,0.0,8888.0,8153.0,-20649.0,2024-2025,3227524.0,-3608.0,-131.56443411303212,2024,9,September,Monday
2024-09-10,23428.291666666668,11242.270833333334,4584.791666666667,1669.375,11242.270833333334,29557.0,12015.0,562.279,269.8145,110.035,269.8145,40.065,0.4798587533946671,0.1956946640368927,163.0,0.0,649677.0,292777.0,18925651.0,0.0,20392.0,12029.0,-111228.0,2024-2025,19868105.0,-78807.0,-170.15185924407524,2024,9,September,Tuesday
2024-09-11,23280.5625,10781.083333333334,4483.1875,1803.7916666666667,10781.083333333334,30596.0,12221.0,558.7335,258.746,107.5965,258.746,43.291,0.4630937647375716,0.1925721296467815,164.0,0.0,666762.0,487967.0,8539860.0,0.0,15175.0,8890.0,-55469.0,2024-2025,9694589.0,-31404.0,-153.9573455443581,2024,9,September,Wednesday
2024-09-12,24929.0625,7201.895833333333,7459.583333333333,2346.75,7201.895833333333,31596.0,8609.0,598.2975,172.8455,179.03,172.8455,56.322,0.28889557452605097,0.2992324052833248,165.0,0.0,96442.0,90418.0,5607633.0,0.0,7540.0,5697.0,-40720.0,2024-2025,5794493.0,-27483.0,-137.71200884086443,2024,9,September,Thursday
2024-09-13,24666.125,4213.125,7654.416666666667,4786.5,4213.125,30479.0,6195.0,591.987,101.115,183.706,101.115,114.876,0.17080611567483744,0.3103210036706887,166.0,0.0,43495.0,94972.0,1098316.0,0.0,2032.0,3565.0,-9276.0,2024-2025,1236783.0,-3679.0,-118.40405347132385,2024,9,September,Friday
2024-09-14,20072.6875,7310.583333333333,4282.75,3182.875,7310.583333333333,26171.0,9811.0,481.7445,175.454,102.786,175.454,76.389,0.36420550727615986,0.21336206225499202,167.0,0.0,721076.0,655057.0,14420209.0,0.0,22714.0,19112.0,-108952.0,2024-2025,15796342.0,-67126.0,-132.35377964608267,2024,9,September,Saturday
2024-09-15,21984.1875,6144.395833333333,5371.083333333333,3897.3333333333335,6144.395833333333,29135.0,7349.0,527.6205,147.4655,128.906,147.4655,93.536,0.2794916042875514,0.24431575346295303,168.0,0.0,467557.0,542813.0,4375981.0,0.0,16268.0,14367.0,-35918.0,2024-2025,5386351.0,-5283.0,-121.8325352191102,2024,9,September,Sunday
2024-09-16,24085.958333333332,2812.7083333333335,9447.270833333334,3453.3333333333335,2812.7083333333335,31118.0,4321.0,578.063,67.505,226.7345,67.505,82.88,0.11677792904925587,0.39223146958030525,169.0,0.0,0.0,127721.0,445921.0,0.0,0.0,3494.0,-2165.0,2024-2025,573642.0,1329.0,-205.96812933025404,2024,9,September,Monday
2024-09-17,24161.666666666668,3528.5,7995.666666666667,4507.875,3528.5,31167.0,4441.0,579.88,84.684,191.896,84.684,108.189,0.14603711112643994,0.3309236393736635,170.0,0.0,0.0,182832.0,538757.0,0.0,0.0,5088.0,-5174.0,2024-2025,721589.0,-86.0,-104.12775415539235,2024,9,September,Tuesday
2024-09-18,24225.770833333332,4537.041666666667,7480.520833333333,4175.333333333333,4537.041666666667,30306.0,5322.0,581.4185,108.889,179.5325,108.889,100.208,0.18728162244579422,0.3087836042368793,171.0,0.0,0.0,289748.0,122648.0,0.0,0.0,4753.0,-2838.0,2024-2025,412396.0,1915.0,-43.21634954193094,2024,9,September,Wednesday
2024-09-19,24346.5625,3309.5416666666665,9203.229166666666,4389.0,3309.5416666666665,30879.0,4757.0,584.3175,79.429,220.8775,79.429,105.336,0.13593465881134828,0.3780093870198993,172.0,0.0,0.0,218231.0,135785.0,0.0,0.0,4397.0,573.0,2024-2025,354016.0,4970.0,236.97207678883072,2024,9,September,Thursday
2024-09-20,24654.833333333332,5773.6875,7089.958333333333,4652.0,5773.6875,29593.0,8280.0,591.716,138.5685,170.159,138.5685,111.648,0.23418075563276977,0.28756869849725203,173.0,0.0,16768.0,227752.0,19196.0,0.0,634.0,5250.0,-738.0,2024-2025,263716.0,5146.0,-26.010840108401084,2024,9,September,Friday
2024-09-21,22070.666666666668,4397.729166666667,6587.333333333333,4492.416666666667,4397.729166666667,27633.0,6266.0,529.696,105.5455,158.096,105.5455,107.818,0.19925674349060593,0.2984655349483477,174.0,0.0,74770.0,345157.0,44788.0,0.0,2314.0,7331.0,-961.0,2024-2025,464715.0,8684.0,-46.60561914672216,2024,9,September,Saturday
2024-09-22,23392.458333333332,3395.3541666666665,9165.354166666666,3760.0416666666665,3395.3541666666665,29815.0,4800.0,561.419,81.4885,219.9685,81.4885,90.241,0.14514738546433234,0.3918080791708154,175.0,0.0,0.0,348941.0,36847.0,0.0,0.0,7370.0,-777.0,2024-2025,385788.0,6593.0,-47.422136422136425,2024,9,September,Sunday
2024-09-23,27057.3125,4255.5625,12790.8125,2507.0833333333335,4255.5625,33210.0,5376.0,649.3755,102.1335,306.9795,102.1335,60.17,0.15727957091082123,0.47273033860994135,176.0,0.0,0.0,81752.0,37577.0,0.0,0.0,2057.0,-911.0,2024-2025,119329.0,1146.0,-41.24807903402854,2024,9,September,Monday
2024-09-24,26603.0625,5987.083333333333,9329.833333333334,3623.0,5987.083333333333,33022.0,7230.0,638.4735,143.69,223.916,143.69,86.952,0.2250524101626771,0.3507052367874313,177.0,0.0,0.0,105909.0,3004334.0,0.0,0.0,5565.0,-34056.0,2024-2025,3110243.0,-28491.0,-88.21746535118628,2024,9,September,Tuesday
2024-09-25,27069.208333333332,4177.166666666667,12007.916666666666,3384.6666666666665,4177.166666666667,33320.0,9109.0,649.661,100.252,288.19,100.252,81.232,0.1543143270105486,0.4436005855361489,178.0,0.0,26315.0,330462.0,347424.0,0.0,1340.0,7657.0,-3352.0,2024-2025,704201.0,5645.0,-103.64677804295943,2024,9,September,Wednesday
2024-09-26,25446.5625,8911.104166666666,6095.020833333333,4237.458333333333,8911.104166666666,32187.0,10319.0,610.7175,213.8665,146.2805,213.8665,101.699,0.3501889171343543,0.23952236508696736,179.0,0.0,220517.0,579129.0,8042951.0,0.0,10377.0,13192.0,-65649.0,2024-2025,8842597.0,-42080.0,-122.51444804947523,2024,9,September,Thursday
2024-09-27,24739.5625,12525.625,4210.0,2711.7916666666665,12525.625,31666.0,13669.0,593.7495,300.615,101.04,300.615,65.083,0.5062993737257884,0.17017277488233676,180.0,0.0,447497.0,745365.0,7988388.0,0.0,9034.0,12773.0,-66098.0,2024-2025,9181250.0,-44291.0,-120.85672788889225,2024,9,September,Friday
2024-09-28,23808.375,5294.5625,7853.645833333333,4552.791666666667,5294.5625,30099.0,11502.0,571.401,127.0695,188.4875,127.0695,109.267,0.2223823549486263,0.32986904118123705,181.0,0.0,303007.0,652039.0,1084041.0,0.0,3830.0,8592.0,-12603.0,2024-2025,2039087.0,-181.0,-86.01452035229707,2024,9,September,Saturday
2024-09-29,24028.770833333332,8105.979166666667,4689.958333333333,5037.5,8105.979166666667,30888.0,14133.0,576.6905,194.5435,112.559,194.5435,120.9,0.33734472823811035,0.1951809506138908,182.0,0.0,49496.0,426500.0,1639215.0,0.0,1243.0,8711.0,-11248.0,2024-2025,2115211.0,-1294.0,-145.73390825035563,2024,9,September,Sunday
2024-09-30,27434.25,11402.333333333334,6506.083333333333,3268.3333333333335,11402.333333333334,34007.0,14010.0,658.422,273.656,156.146,273.656,78.44,0.41562402228358103,0.23715185701571329,183.0,0.0,364457.0,771877.0,1215507.0,0.0,7022.0,10981.0,-10939.0,2024-2025,2351841.0,7064.0,-111.11682969192796,2024,9,September,Monday
2024-10-01,27285.25,10931.020833333334,6149.666666666667,3825.9166666666665,10931.020833333334,33483.0,12551.0,654.846,262.3445,147.592,262.3445,91.822,0.4006201458052733,0.2253842888251589,184.0,0.0,421837.0,940260.0,929003.0,0.0,5549.0,12116.0,-1245.0,2024-2025,2291100.0,16420.0,-746.1871485943775,2024,10,October,Tuesday
2024-10-02,26989.9375,8998.125,8268.8125,2986.625,8998.125,34521.0,10407.0,647.7585,215.955,198.4515,215.955,71.679,0.33338813770872944,0.3063664930680184,185.0,0.0,189417.0,621037.0,396547.0,0.0,3011.0,9758.0,1358.0,2024-2025,1207001.0,14127.0,292.0081001472754,2024,10,October,Wednesday
2024-10-03,26788.0,4409.541666666667,10341.25,5102.916666666667,4409.541666666667,34377.0,6634.0,642.912,105.829,248.19,105.829,122.47,0.16460884226768202,0.3860403912199492,186.0,0.0,0.0,337707.0,941874.0,0.0,0.0,7556.0,-8545.0,2024-2025,1279581.0,-989.0,-110.22516091281452,2024,10,October,Thursday
2024-10-04,26062.270833333332,7231.770833333333,8318.8125,3149.4166666666665,7231.770833333333,32620.0,9485.0,625.4945,173.5625,199.6515,173.5625,75.586,0.277480457462056,0.31918985698515334,187.0,0.0,4554.0,216585.0,5973984.0,0.0,1078.0,7306.0,-41935.0,2024-2025,6195123.0,-33551.0,-142.45818528675332,2024,10,October,Friday
2024-10-05,22652.895833333332,8899.104166666666,3140.25,3565.6666666666665,8899.104166666666,30214.0,13485.0,543.6695,213.5785,75.366,213.5785,85.576,0.39284620527728703,0.13862466075437377,188.0,0.0,221965.0,483705.0,3815013.0,0.0,7905.0,12382.0,-30575.0,2024-2025,4520683.0,-10288.0,-124.77556827473425,2024,10,October,Saturday
2024-10-06,24752.125,10722.270833333334,4925.958333333333,3162.2916666666665,10722.270833333334,32778.0,13001.0,594.051,257.3345,118.223,257.3345,75.895,0.43318587124674474,0.19901153267985408,189.0,0.0,475777.0,562335.0,3032449.0,0.0,9116.0,11968.0,-26305.0,2024-2025,4070561.0,-5221.0,-115.28032693404296,2024,10,October,Sunday
2024-10-07,26763.6875,6552.708333333333,9085.458333333334,4199.541666666667,6552.708333333333,34882.0,9064.0,642.3285,157.265,218.051,157.265,100.789,0.2448357810684097,0.3394696016135046,190.0,0.0,171041.0,602925.0,1013392.0,0.0,3457.0,10751.0,-7858.0,2024-2025,1787358.0,6350.0,-128.96309493509798,2024,10,October,Monday
2024-10-08,27503.416666666668,7301.75,8558.291666666666,4220.083333333333,7301.75,34666.0,10564.0,660.082,175.242,205.399,175.242,101.282,0.26548519729366954,0.3111719453037653,191.0,0.0,5702.0,465277.0,3021813.0,0.0,1156.0,8388.0,-25639.0,2024-2025,3492792.0,-16095.0,-117.86001794141737,2024,10,October,Tuesday
2024-10-09,26543.645833333332,8974.104166666666,7245.166666666667,3787.125,8974.104166666666,33842.0,13203.0,637.0475,215.3785,173.884,215.3785,90.891,0.3380886040679855,0.2729529587668109,192.0,0.0,1032911.0,216471.0,11453224.0,0.0,13143.0,13628.0,-82131.0,2024-2025,12702606.0,-55360.0,-139.45068244633572,2024,10,October,Wednesday
2024-10-10,27678.520833333332,9151.229166666666,8259.708333333334,3906.5833333333335,9151.229166666666,35666.0,12357.0,664.2845,219.6295,198.233,219.6295,93.758,0.3306256581329235,0.2984158143084778,193.0,0.0,48147.0,167690.0,3788409.0,0.0,6801.0,11475.0,-25623.0,2024-2025,4004246.0,-7347.0,-147.85189087928813,2024,10,October,Thursday
2024-10-11,27039.1875,6626.770833333333,10152.395833333334,4068.75,6626.770833333333,34147.0,7932.0,648.9405,159.0425,243.6575,159.0425,97.65,0.24508025003833167,0.3754697079316208,194.0,0.0,41840.0,166117.0,5578614.0,0.0,1804.0,8019.0,-29638.0,2024-2025,5786571.0,-19815.0,-188.22504892367905,2024,10,October,Friday
2024-10-12,24408.479166666668,11206.729166666666,3994.5208333333335,4877.458333333333,11206.729166666666,30053.0,15385.0,585.8035,268.9615,95.8685,268.9615,117.059,0.45913262723763176,0.1636529996833409,195.0,0.0,197230.0,557682.0,7499947.0,0.0,8734.0,17954.0,-56159.0,2024-2025,8254859.0,-29471.0,-133.54844281415268,2024,10,October,Saturday
2024-10-13,26157.1875,6226.083333333333,10308.770833333334,3842.1666666666665,6226.083333333333,34644.0,14329.0,627.7725,149.426,247.4105,149.426,92.212,0.23802571791532756,0.3941085345407771,196.0,0.0,119391.0,452775.0,2457846.0,0.0,4386.0,12936.0,-18902.0,2024-2025,3030012.0,-1580.0,-130.03100201036926,2024,10,October,Sunday
2024-10-14,29527.520833333332,3359.2291666666665,15797.083333333334,3158.1666666666665,3359.2291666666665,36535.0,5477.0,708.6605,80.6215,379.13,80.6215,75.796,0.1137660417082651,0.5349952480771822,197.0,0.0,0.0,209620.0,2011168.0,0.0,0.0,6870.0,-10357.0,2024-2025,2220788.0,-3487.0,-194.18441633677705,2024,10,October,Monday
2024-10-15,28940.041666666668,10649.416666666666,9123.645833333334,2669.4166666666665,10649.416666666666,35326.0,13521.0,694.561,255.586,218.9675,255.586,64.066,0.36798207788804727,0.315260286713478,198.0,0.0,12422.0,330056.0,5338859.0,0.0,4814.0,9947.0,-39104.0,2024-2025,5681337.0,-24343.0,-136.52974120294598,2024,10,October,Tuesday
2024-10-16,28734.020833333332,10913.229166666666,9315.4375,2394.5833333333335,10913.229166666666,36223.0,13639.0,689.6165,261.9175,223.5705,261.9175,57.47,0.37980167237877865,0.32419540425729376,199.0,0.0,183966.0,312913.0,6678442.0,0.0,10012.0,11314.0,-49032.0,2024-2025,7175321.0,-27706.0,-136.2057839778104,2024,10,October,Wednesday
2024-10-17,26459.916666666668,5960.5,10431.75,3025.5833333333335,5960.5,34044.0,7357.0,635.038,143.052,250.362,143.052,72.614,0.22526525971674136,0.39424727339151355,200.0,0.0,69914.0,399212.0,780055.0,0.0,928.0,9069.0,-4784.0,2024-2025,1249181.0,5213.0,-163.05497491638795,2024,10,October,Thursday
2024-10-18,25908.3125,7756.958333333333,10175.770833333334,1635.0833333333333,7756.958333333333,31820.0,12083.0,621.7995,186.167,244.2185,186.167,39.242,0.29940036941168335,0.3927608497594482,201.0,0.0,6113.0,469049.0,9785992.0,0.0,1950.0,14536.0,-63330.0,2024-2025,10261154.0,-46844.0,-154.5237959892626,2024,10,October,Friday
2024-10-19,24036.166666666668,6326.541666666667,7508.166666666667,3059.75,6326.541666666667,30847.0,9162.0,576.868,151.837,180.196,151.837,73.434,0.26320926104412096,0.3123695542134422,202.0,0.0,59129.0,325258.0,2217244.0,0.0,4719.0,10019.0,-18169.0,2024-2025,2601631.0,-3431.0,-122.03445429027464,2024,10,October,Saturday
2024-10-20,22815.479166666668,12557.625,4756.416666666667,1619.5833333333333,12557.625,30212.0,15313.0,547.5715,301.383,114.154,301.383,38.87,0.5503993542395833,0.20847323134969586,203.0,0.0,33447.0,733655.0,19218236.0,0.0,5261.0,31062.0,-116457.0,2024-2025,19985338.0,-80134.0,-165.02430940175344,2024,10,October,Sunday
2024-10-21,26919.4375,11882.75,8243.354166666666,512.0416666666666,11882.75,34989.0,13608.0,646.0665,285.186,197.8405,285.186,12.289,0.4414189560981725,0.3062231209945106,204.0,0.0,75002.0,238344.0,16352785.0,0.0,8336.0,16084.0,-78360.0,2024-2025,16666131.0,-53940.0,-208.68791475242472,2024,10,October,Monday
2024-10-22,27596.6875,7624.208333333333,10275.395833333334,2354.8333333333335,7624.208333333333,35929.0,10421.0,662.3205,182.981,246.6095,182.981,56.516,0.2762725900828979,0.3723416382249983,205.0,0.0,708.0,0.0,12487242.0,0.0,146.0,0.0,-70410.0,2024-2025,12487950.0,-70264.0,-177.35040477204942,2024,10,October,Tuesday
2024-10-23,27887.416666666668,6774.145833333333,11499.645833333334,2439.625,6774.145833333333,35229.0,11854.0,669.298,162.5795,275.9915,162.5795,58.551,0.24291048232625825,0.41235966639673205,206.0,0.0,40.0,326565.0,13379917.0,0.0,557.0,14371.0,-81264.0,2024-2025,13706522.0,-66336.0,-164.64753150226423,2024,10,October,Wednesday
2024-10-24,27151.166666666668,11028.416666666666,7747.5625,2134.0833333333335,11028.416666666666,35265.0,12251.0,651.628,264.682,185.9415,264.682,51.218,0.4061857378749839,0.2853491562670726,207.0,0.0,0.0,267195.0,12485493.0,0.0,0.0,11839.0,-83386.0,2024-2025,12752688.0,-71547.0,-149.7312858273571,2024,10,October,Thursday
2024-10-25,28182.8125,3137.6458333333335,13273.416666666666,4233.0,3137.6458333333335,34222.0,7079.0,676.3875,75.3035,318.562,75.3035,101.592,0.11133189185193398,0.4709755872188649,208.0,0.0,0.0,511475.0,467833.0,0.0,0.0,9147.0,-4558.0,2024-2025,979308.0,4589.0,-102.63997367266344,2024,10,October,Friday
2024-10-26,24936.6875,5307.8125,8776.375,4588.583333333333,5307.8125,31491.0,7867.0,598.4805,127.3875,210.633,127.3875,110.126,0.21285154654161664,0.3519463040149178,209.0,0.0,7038.0,212021.0,8751866.0,0.0,1736.0,8549.0,-59291.0,2024-2025,8970925.0,-49006.0,-147.60867585299624,2024,10,October,Saturday
2024-10-27,23700.06,7566.32,5412.76,4805.0,7566.32,33610.0,12145.0,592.5015,189.158,135.319,189.158,120.125,0.3192532002028687,0.22838591969809358,210.0,0.0,254222.0,835320.0,8373956.0,0.0,9597.0,18654.0,-45360.0,2024-2025,9463498.0,-17109.0,-184.6110229276896,2024,10,October,Sunday
2024-10-28,28227.979166666668,7358.958333333333,10875.375,3753.25,7358.958333333333,37445.0,11357.0,677.4715,176.615,261.009,176.615,90.078,0.26069731346632297,0.3852693434336352,211.0,0.0,252220.0,967734.0,378868.0,0.0,4560.0,11864.0,-2315.0,2024-2025,1598822.0,14109.0,-163.65788336933045,2024,10,October,Monday
2024-10-29,28903.083333333332,3167.0833333333335,15366.666666666666,3133.4166666666665,3167.0833333333335,36833.0,4322.0,693.674,76.01,368.8,76.01,75.202,0.10957596796189566,0.5316618469194463,212.0,0.0,0.0,323009.0,2378081.0,0.0,0.0,8635.0,-24560.0,2024-2025,2701090.0,-15925.0,-96.82740228013029,2024,10,October,Tuesday
2024-10-30,29307.770833333332,2356.9791666666665,15424.5625,4198.416666666667,2356.9791666666665,37387.0,5225.0,703.3865,56.5675,370.1895,56.5675,100.762,0.0804216458518894,0.5262959980039424,213.0,0.0,0.0,263545.0,3976356.0,0.0,0.0,8686.0,-29734.0,2024-2025,4239901.0,-21048.0,-133.73094773659784,2024,10,October,Wednesday
2024-10-31,27969.979166666668,6915.083333333333,10262.3125,4164.583333333333,6915.083333333333,34946.0,8087.0,671.2795,165.962,246.2955,165.962,99.95,0.24723233764773092,0.366904545722013,214.0,0.0,594.0,225334.0,14917139.0,0.0,1086.0,17285.0,-84226.0,2024-2025,15143067.0,-65855.0,-177.10848194144327,2024,10,October,Thursday
2024-11-01,28480.125,4097.666666666667,12840.6875,5252.75,4097.666666666667,35955.0,6870.0,683.523,98.344,308.1765,98.344,126.066,0.143878113830844,0.4508648575102812,215.0,0.0,8261.0,227653.0,4353623.0,0.0,4166.0,12246.0,-34649.0,2024-2025,4589537.0,-18237.0,-125.64931166844642,2024,11,November,Friday
2024-11-02,26682.104166666668,3752.6458333333335,12316.1875,4041.4583333333335,3752.6458333333335,33112.0,5130.0,640.3705,90.0635,295.5885,90.0635,96.995,0.1406427997542048,0.4615898140217265,216.0,0.0,0.0,233320.0,3906346.0,0.0,0.0,6419.0,-41250.0,2024-2025,4139666.0,-34831.0,-94.69929696969697,2024,11,November,Saturday
2024-11-03,27188.541666666668,1591.2083333333333,13706.791666666666,5187.125,1591.2083333333333,36620.0,2829.0,652.525,38.189,328.963,38.189,124.491,0.05852496072947397,0.5041385387533045,217.0,0.0,0.0,150456.0,549003.0,0.0,0.0,5323.0,-7464.0,2024-2025,699459.0,-2141.0,-73.55345659163987,2024,11,November,Sunday
2024-11-04,30636.3125,1600.1041666666667,18630.75,2906.8333333333335,1600.1041666666667,38884.0,2345.0,735.2715,38.4025,447.138,38.4025,69.764,0.052229006564241925,0.6081263859676324,218.0,0.0,0.0,139252.0,0.0,0.0,0.0,2019.0,0.0,2024-2025,139252.0,2019.0,,2024,11,November,Monday
2024-11-05,30834.25,1007.4791666666666,20101.708333333332,1944.0,1007.4791666666666,38458.0,1637.0,740.022,24.1795,482.441,24.1795,46.656,0.03267402860996024,0.6519279156565615,219.0,0.0,0.0,126900.0,0.0,0.0,0.0,2008.0,0.0,2024-2025,126900.0,2008.0,,2024,11,November,Tuesday
2024-11-06,30926.229166666668,2572.2291666666665,19065.104166666668,1419.875,2572.2291666666665,38504.0,4060.0,742.2295,61.7335,457.5625,61.7335,34.077,0.08317306170126625,0.6164703774236944,220.0,0.0,0.0,133891.0,1170655.0,0.0,0.0,2080.0,-9709.0,2024-2025,1304546.0,-7629.0,-120.5742094963436,2024,11,November,Wednesday
2024-11-07,30433.5,5922.854166666667,15466.583333333334,1432.4583333333333,5922.854166666667,37963.0,7386.0,730.404,142.1485,371.198,142.1485,34.379,0.19461626716173516,0.5082091554810761,221.0,0.0,0.0,16633.0,5692213.0,0.0,0.0,642.0,-49008.0,2024-2025,5708846.0,-48366.0,-116.14864920013059,2024,11,November,Thursday
2024-11-08,30672.770833333332,3810.75,16429.0625,2851.2916666666665,3810.75,38460.0,5885.0,736.1465,91.458,394.2975,91.458,68.431,0.12423885734700905,0.5356236836010224,222.0,0.0,0.0,65535.0,3499756.0,0.0,0.0,2159.0,-28082.0,2024-2025,3565291.0,-25923.0,-124.62630866747382,2024,11,November,Friday
2024-11-09,28827.479166666668,1894.3333333333333,15592.270833333334,4305.291666666667,1894.3333333333333,36295.0,2753.0,691.8595,45.464,374.2145,45.464,103.327,0.06571276393545221,0.5408822166928401,223.0,0.0,0.0,61664.0,1127769.0,0.0,0.0,2298.0,-15989.0,2024-2025,1189433.0,-13691.0,-70.53405466258053,2024,11,November,Saturday
2024-11-10,27391.020833333332,4817.958333333333,12516.708333333334,3156.5416666666665,4817.958333333333,36302.0,9266.0,657.3845,115.631,300.401,115.631,75.757,0.17589553754309692,0.45696392294007543,224.0,0.0,819.0,170084.0,2961375.0,0.0,437.0,3705.0,-30173.0,2024-2025,3132278.0,-26031.0,-98.14652172472077,2024,11,November,Sunday
2024-11-11,29934.9375,8578.166666666666,11783.541666666666,3246.5416666666665,8578.166666666666,39037.0,10127.0,718.4385,205.876,282.805,205.876,77.917,0.28656036668413515,0.3936384255576504,225.0,0.0,6219.0,124330.0,1562100.0,0.0,2287.0,5849.0,-12883.0,2024-2025,1692649.0,-4747.0,-121.25281378560894,2024,11,November,Monday
2024-11-12,31262.916666666668,6746.520833333333,15154.083333333334,2285.9583333333335,6746.520833333333,39661.0,8434.0,750.31,161.9165,363.698,161.9165,54.863,0.21579946955258497,0.48473031147125856,226.0,0.0,0.0,203729.0,988467.0,0.0,0.0,4148.0,-9682.0,2024-2025,1192196.0,-5534.0,-102.09326585416237,2024,11,November,Tuesday
2024-11-13,30895.625,4030.625,17796.708333333332,1211.125,4030.625,39408.0,5147.0,741.495,96.735,427.121,96.735,29.067,0.1304594097060668,0.5760268107000047,227.0,0.0,0.0,78011.0,2423406.0,0.0,0.0,2460.0,-27471.0,2024-2025,2501417.0,-25011.0,-88.21688325870919,2024,11,November,Wednesday
2024-11-14,31302.770833333332,4490.645833333333,15765.041666666666,3341.0416666666665,4490.645833333333,39544.0,6645.0,751.2665,107.7755,378.361,107.7755,80.185,0.1434584132261987,0.5036308686731007,228.0,0.0,0.0,244092.0,2181103.0,0.0,0.0,6213.0,-20311.0,2024-2025,2425195.0,-14098.0,-107.38530845354734,2024,11,November,Thursday
2024-11-15,30339.979166666668,7828.0625,14346.5625,1142.625,7828.0625,37322.0,12597.0,728.1595,187.8735,344.3175,187.8735,27.423,0.25801146589449153,0.4728599983932092,229.0,0.0,2469.0,127593.0,13917911.0,0.0,1597.0,9930.0,-62871.0,2024-2025,14047973.0,-51344.0,-221.37250878783541,2024,11,November,Friday
2024-11-16,27453.5,11091.708333333334,5848.4375,4188.75,11091.708333333334,34618.0,12667.0,658.884,266.201,140.3625,266.201,100.53,0.40401800620443057,0.21303067004207116,230.0,0.0,29492.0,421801.0,11248270.0,0.0,3232.0,17363.0,-76034.0,2024-2025,11699563.0,-55439.0,-147.93737012389195,2024,11,November,Saturday
2024-11-17,27745.583333333332,9859.1875,6240.9375,4913.875,9859.1875,37825.0,12500.0,665.894,236.6205,149.7825,236.6205,117.933,0.3553425920642024,0.22493444902642162,231.0,0.0,322924.0,392140.0,6753859.0,0.0,13501.0,12082.0,-50482.0,2024-2025,7468923.0,-24899.0,-133.78746880076068,2024,11,November,Sunday
2024-11-18,32803.395833333336,4793.541666666667,15309.895833333334,5341.208333333333,4793.541666666667,41674.0,8083.0,787.2815,115.045,367.4375,115.045,128.189,0.14612943400803904,0.46671679697795515,232.0,0.0,0.0,287280.0,3596401.0,0.0,0.0,12525.0,-31330.0,2024-2025,3883681.0,-18805.0,-114.79096712416215,2024,11,November,Monday
2024-11-19,33887.895833333336,10738.208333333334,12006.645833333334,4537.041666666667,10738.208333333334,42104.0,14314.0,813.3095,257.717,288.1595,257.717,108.889,0.3168744493947261,0.35430484950686053,233.0,0.0,10752.0,460656.0,6212411.0,0.0,2229.0,12548.0,-48750.0,2024-2025,6683819.0,-33973.0,-127.4340717948718,2024,11,November,Tuesday
2024-11-20,34368.145833333336,12671.291666666666,11474.666666666666,4024.875,12671.291666666666,43517.0,13748.0,824.8355,304.111,275.392,304.111,96.597,0.3686929090709602,0.3338750575114674,234.0,0.0,33873.0,140029.0,7260200.0,0.0,6236.0,13328.0,-51692.0,2024-2025,7434102.0,-32128.0,-140.45113363770022,2024,11,November,Wednesday
2024-11-21,35700.541666666664,10479.0,15481.4375,2913.2083333333335,10479.0,43118.0,14551.0,856.813,251.496,371.5545,251.496,69.917,0.29352495818807606,0.4336471318712485,235.0,0.0,0.0,69387.0,8770273.0,0.0,0.0,6938.0,-55407.0,2024-2025,8839660.0,-48469.0,-158.28817658418612,2024,11,November,Thursday
2024-11-22,34155.708333333336,9170.729166666666,13398.395833333334,3999.0833333333335,9170.729166666666,42846.0,14143.0,819.737,220.0975,321.5615,220.0975,95.978,0.2684977010919356,0.3922739854367926,236.0,0.0,0.0,106361.0,690329.0,0.0,0.0,4622.0,-3646.0,2024-2025,796690.0,976.0,-189.33872737246298,2024,11,November,Friday
2024-11-23,29207.770833333332,12907.25,5208.1875,5319.916666666667,12907.25,35358.0,15974.0,700.9865,309.774,124.9965,309.774,127.678,0.44191150614170177,0.17831513160381834,237.0,0.0,25826.0,755067.0,10950373.0,0.0,3745.0,18084.0,-67359.0,2024-2025,11731266.0,-45530.0,-162.56733324425838,2024,11,November,Saturday
2024-11-24,25757.770833333332,14775.541666666666,4270.0,2235.0416666666665,14775.541666666666,34485.0,15378.0,618.1865,354.613,102.48,354.613,53.641,0.573634332034103,0.1657752150847681,238.0,0.0,92113.0,397964.0,20731766.0,0.0,11253.0,23941.0,-113595.0,2024-2025,21221843.0,-78401.0,-182.5059729741626,2024,11,November,Sunday
2024-11-25,28708.25,14651.895833333334,6686.583333333333,1992.7916666666667,14651.895833333334,37959.0,16050.0,688.998,351.6455,160.478,351.6455,47.827,0.5103723087730299,0.23291504474613858,239.0,0.0,70199.0,237948.0,20357134.0,0.0,12268.0,14303.0,-112414.0,2024-2025,20665281.0,-85843.0,-181.0907360293202,2024,11,November,Monday
2024-11-26,32351.75,6611.0625,15413.645833333334,4204.958333333333,6611.0625,41718.0,12973.0,776.442,158.6655,369.9275,158.6655,100.919,0.20434945559359233,0.47643932193261057,240.0,0.0,24553.0,242396.0,3082867.0,0.0,4698.0,9218.0,-21851.0,2024-2025,3349816.0,-7935.0,-141.08585419431606,2024,11,November,Tuesday
2024-11-27,34273.083333333336,7021.520833333333,17351.416666666668,3851.7916666666665,7021.520833333333,42249.0,9573.0,822.554,168.5165,416.434,168.5165,92.443,0.2048698322541742,0.5062694972001839,241.0,0.0,0.0,112337.0,42710.0,0.0,0.0,1353.0,984.0,2024-2025,155047.0,2337.0,43.40447154471545,2024,11,November,Wednesday
2024-11-28,34342.395833333336,6380.333333333333,18020.8125,4605.041666666667,6380.333333333333,42066.0,10711.0,824.2175,153.128,432.4995,153.128,110.521,0.18578591209237852,0.5247395256713185,242.0,0.0,0.0,39952.0,4839392.0,0.0,0.0,1080.0,-22121.0,2024-2025,4879344.0,-21041.0,-218.76913340264906,2024,11,November,Thursday
2024-11-29,31442.5,14196.354166666666,10840.75,1756.0416666666667,14196.354166666666,38109.0,16163.0,754.62,340.7125,260.178,340.7125,42.145,0.45150208051734647,0.3447801542498211,243.0,0.0,17459.0,142196.0,7266903.0,0.0,3976.0,5063.0,-43931.0,2024-2025,7426558.0,-34892.0,-165.41628918076074,2024,11,November,Friday
2024-11-30,27384.541666666668,12184.416666666666,7232.666666666667,3811.9166666666665,12184.416666666666,34593.0,14574.0,657.229,292.426,173.584,292.426,91.486,0.4449377614195356,0.2641149431933162,244.0,0.0,133613.0,207893.0,10295025.0,0.0,24853.0,10234.0,-66226.0,2024-2025,10636531.0,-31139.0,-155.4529187932232,2024,11,November,Saturday
2024-12-01,27029.583333333332,13278.333333333334,6449.979166666667,3687.4583333333335,13278.333333333334,36342.0,14849.0,648.71,318.68,154.7995,318.68,88.499,0.49125186909404817,0.2386266590618304,245.0,0.0,181931.0,360135.0,7449027.0,0.0,21326.0,10977.0,-50583.0,2024-2025,7991093.0,-18280.0,-147.2634481940573,2024,12,December,Sunday
2024-12-02,31194.125,11203.333333333334,11093.0,3481.9583333333335,11203.333333333334,40148.0,12955.0,748.659,268.88,266.232,268.88,83.567,0.3591488247653471,0.35561183395911894,246.0,0.0,72854.0,237091.0,6208074.0,0.0,7017.0,10165.0,-42000.0,2024-2025,6518019.0,-24818.0,-147.8112857142857,2024,12,December,Monday
2024-12-03,33915.604166666664,5495.083333333333,18042.479166666668,4304.791666666667,5495.083333333333,41776.0,7494.0,813.9745,131.882,433.0195,131.882,103.315,0.16202227465356717,0.5319816529879007,247.0,0.0,0.0,151636.0,5021655.0,0.0,0.0,4137.0,-28459.0,2024-2025,5173291.0,-24322.0,-176.45226466144277,2024,12,December,Tuesday
2024-12-04,32988.958333333336,8288.645833333334,18502.0625,177.41666666666666,8288.645833333334,39981.0,15504.0,791.735,198.9275,444.0495,198.9275,4.258,0.2512551548182157,0.5608562208314651,248.0,0.0,0.0,36144.0,10070778.0,0.0,0.0,3827.0,-58045.0,2024-2025,10106922.0,-54218.0,-173.4994917736239,2024,12,December,Wednesday
2024-12-05,30780.0625,13837.083333333334,6480.270833333333,3676.4583333333335,13837.083333333334,38336.0,16528.0,738.7215,332.09,155.5265,332.09,88.235,0.44954695375726844,0.2105346872941968,249.0,0.0,1180.0,230066.0,6160557.0,0.0,441.0,10726.0,-44931.0,2024-2025,6391803.0,-33764.0,-137.11150430660345,2024,12,December,Thursday
2024-12-06,30920.083333333332,11892.979166666666,9471.8125,3483.5416666666665,11892.979166666666,38901.0,15763.0,742.082,285.4315,227.3235,285.4315,83.605,0.38463606447804966,0.3063320495578656,250.0,0.0,24716.0,223317.0,7590380.0,0.0,6535.0,10345.0,-48159.0,2024-2025,7838413.0,-31279.0,-157.61083078967587,2024,12,December,Friday
2024-12-07,28561.604166666668,13537.8125,5392.6875,4597.458333333333,13537.8125,36592.0,14984.0,685.4785,324.9075,129.4245,324.9075,110.339,0.4739864197053591,0.18880898525628445,251.0,0.0,137979.0,479082.0,16229299.0,0.0,8666.0,16885.0,-99202.0,2024-2025,16846360.0,-73651.0,-163.5985060785065,2024,12,December,Saturday
2024-12-08,28001.0625,14523.395833333334,4856.208333333333,3625.375,14523.395833333334,37750.0,15307.0,672.0255,348.5615,116.549,348.5615,87.009,0.5186730265443797,0.17342943087725096,252.0,0.0,124319.0,357478.0,10615249.0,0.0,11858.0,9973.0,-67801.0,2024-2025,11097046.0,-45970.0,-156.5647851801596,2024,12,December,Sunday
2024-12-09,32734.625,10231.208333333334,11454.0,5096.958333333333,10231.208333333334,41785.0,13043.0,785.631,245.549,274.896,245.549,122.327,0.31255003939508497,0.34990472626462044,253.0,0.0,109517.0,615634.0,-739.0,0.0,1450.0,6897.0,-289.0,2024-2025,724412.0,8058.0,2.557093425605536,2024,12,December,Monday
2024-12-10,34456.25,7494.458333333333,18151.5,2497.625,7494.458333333333,42424.0,9123.0,826.95,179.867,435.636,179.867,59.943,0.21750649978837897,0.5267984763286777,254.0,0.0,0.0,264073.0,380119.0,0.0,0.0,3692.0,-2857.0,2024-2025,644192.0,835.0,-133.04830241512076,2024,12,December,Tuesday
2024-12-11,35083.041666666664,2674.7708333333335,24281.729166666668,1340.5416666666667,2674.7708333333335,43284.0,4519.0,841.993,64.1945,582.7615,64.1945,32.173,0.07624113264599587,0.6921215497040948,255.0,0.0,0.0,0.0,0.0,0.0,0.0,0.0,0.0,2024-2025,0.0,0.0,,2024,12,December,Wednesday
2024-12-12,34711.333333333336,1580.75,25272.770833333332,475.2083333333333,1580.75,41637.0,2277.0,833.072,37.938,606.5465,37.938,11.405,0.04553988130677781,0.7280841271822844,256.0,0.0,0.0,0.0,1126.0,0.0,0.0,0.0,27.0,2024-2025,1126.0,27.0,41.7037037037037,2024,12,December,Thursday
2024-12-13,34120.125,2567.6041666666665,24264.395833333332,336.0416666666667,2567.6041666666665,40829.0,5033.0,818.883,61.6225,582.3455,61.6225,8.065,0.07525189801229236,0.711146158852974,257.0,0.0,0.0,0.0,729727.0,0.0,0.0,0.0,-7613.0,2024-2025,729727.0,-7613.0,-95.85275187179823,2024,12,December,Friday
2024-12-14,29643.708333333332,10259.5,10837.416666666666,2559.7916666666665,10259.5,37489.0,13966.0,711.449,246.228,260.098,246.228,61.435,0.34609367642656047,0.36558910055393995,258.0,0.0,17443.0,54252.0,1301287.0,0.0,1731.0,1072.0,-12641.0,2024-2025,1372982.0,-9838.0,-102.94177675816786,2024,12,December,Saturday
2024-12-15,27257.791666666668,15771.0,4200.0625,2248.2083333333335,15771.0,35188.0,17160.0,654.187,378.504,100.8015,378.504,53.957,0.5785868566633088,0.15408667552244237,259.0,0.0,21895.0,166475.0,13326965.0,0.0,9877.0,7377.0,-91413.0,2024-2025,13515335.0,-74159.0,-145.78850929298895,2024,12,December,Sunday
2024-12-16,30081.854166666668,15841.25,6754.791666666667,1190.625,15841.25,38282.0,16748.0,721.9645,380.19,162.115,380.19,28.575,0.5266048399886698,0.22454705182872564,260.0,0.0,46451.0,96033.0,8283503.0,0.0,11368.0,3914.0,-59475.0,2024-2025,8425987.0,-44193.0,-139.27705758722152,2024,12,December,Monday
2024-12-17,31211.229166666668,13071.770833333334,9807.104166666666,1378.2916666666667,13071.770833333334,38286.0,17283.0,749.0695,313.7225,235.3705,313.7225,33.079,0.418816278062316,0.3142171721048581,261.0,0.0,32958.0,293782.0,7999555.0,0.0,1844.0,8180.0,-40131.0,2024-2025,8326295.0,-30107.0,-199.33604943809024,2024,12,December,Tuesday
2024-12-18,29596.666666666668,14154.208333333334,6195.645833333333,2434.5,14154.208333333334,38666.0,16743.0,710.32,339.701,148.6955,339.701,58.428,0.47823656943349474,0.20933593310057438,262.0,0.0,1175.0,92528.0,14284958.0,0.0,1683.0,6470.0,-99662.0,2024-2025,14378661.0,-91509.0,-143.33404908591038,2024,12,December,Wednesday
2024-12-19,31146.854166666668,14835.1875,4859.083333333333,4674.666666666667,14835.1875,39377.0,16279.0,747.5245,356.0445,116.618,356.0445,112.192,0.47629810126624617,0.1560055891144705,263.0,0.0,84195.0,310672.0,6780171.0,0.0,7242.0,8615.0,-52148.0,2024-2025,7175038.0,-36291.0,-130.0178530336734,2024,12,December,Thursday
2024-12-20,31377.041666666668,14339.395833333334,5221.3125,4984.5,14339.395833333334,37539.0,16573.0,753.049,344.1455,125.3115,344.1455,119.628,0.45700279795869864,0.16640550614900226,264.0,0.0,20915.0,157219.0,8699529.0,0.0,2517.0,7698.0,-66136.0,2024-2025,8877663.0,-55921.0,-131.53999334704247,2024,12,December,Friday
2024-12-21,26653.145833333332,15290.104166666666,4048.0625,1667.7083333333333,15290.104166666666,33374.0,16640.0,639.6755,366.9625,97.1535,366.9625,40.025,0.5736697747529801,0.15187935132735267,265.0,0.0,82098.0,88251.0,20928335.0,0.0,28133.0,11169.0,-129588.0,2024-2025,21098684.0,-90286.0,-161.49901997098496,2024,12,December,Saturday
2024-12-22,26279.833333333332,16073.791666666666,3573.2291666666665,833.9583333333334,16073.791666666666,34885.0,16679.0,630.716,385.771,85.7575,385.771,20.015,0.6116397871625264,0.1359684866088699,266.0,0.0,0.0,128952.0,16416765.0,0.0,0.0,9230.0,-77886.0,2024-2025,16545717.0,-68656.0,-210.77940836607348,2024,12,December,Sunday
2024-12-23,30697.270833333332,11421.854166666666,8009.166666666667,4665.541666666667,11421.854166666666,38530.0,16526.0,736.7345,274.1245,192.22,274.1245,111.973,0.37208044417629416,0.26090810190102404,267.0,0.0,122921.0,341774.0,2718165.0,0.0,5572.0,8326.0,-23220.0,2024-2025,3182860.0,-9322.0,-117.06136950904393,2024,12,December,Monday
2024-12-24,27345.229166666668,11470.520833333334,5625.291666666667,3740.9166666666665,11470.520833333334,33255.0,13613.0,656.2855,275.2925,135.007,275.2925,89.782,0.4194706419690821,0.2057138242426505,268.0,0.0,48361.0,134480.0,10952864.0,0.0,14465.0,5821.0,-82813.0,2024-2025,11135705.0,-62527.0,-132.2602006931279,2024,12,December,Tuesday
2024-12-25,24470.4375,8242.208333333334,5817.166666666667,3606.375,8242.208333333334,31647.0,9477.0,587.2905,197.813,139.612,197.813,86.553,0.33682308840343916,0.2377222175397014,269.0,0.0,22806.0,217092.0,12428479.0,0.0,22382.0,8528.0,-90086.0,2024-2025,12668377.0,-59176.0,-137.9623803920698,2024,12,December,Wednesday
2024-12-26,25171.958333333332,2767.6875,9820.520833333334,5088.041666666667,2767.6875,31086.0,5584.0,604.127,66.4245,235.6925,66.4245,122.113,0.10995121886623177,0.39013733867216666,270.0,0.0,195264.0,478768.0,369348.0,0.0,4295.0,11177.0,-4024.0,2024-2025,1043380.0,11448.0,-91.78628230616302,2024,12,December,Thursday
2024-12-27,28597.479166666668,2094.2916666666665,15145.791666666666,3538.125,2094.2916666666665,35970.0,3117.0,686.3395,50.263,363.499,50.263,84.915,0.07323343622216118,0.5296198164319553,271.0,0.0,0.0,88765.0,0.0,0.0,0.0,3442.0,0.0,2024-2025,88765.0,3442.0,,2024,12,December,Friday
2024-12-28,28233.166666666668,5443.333333333333,12885.979166666666,2002.375,5443.333333333333,35526.0,8180.0,677.596,130.64,309.2635,130.64,48.057,0.19279924911008917,0.4564128182574868,272.0,0.0,0.0,201639.0,3457005.0,0.0,0.0,4647.0,-30811.0,2024-2025,3658644.0,-26164.0,-112.20035052416345,2024,12,December,Saturday
2024-12-29,26035.625,10811.4375,6296.270833333333,1827.4583333333333,10811.4375,33839.0,13837.0,624.855,259.4745,151.1105,259.4745,43.859,0.4152555392851141,0.2418329052340143,273.0,0.0,6775.0,115595.0,18351798.0,0.0,4350.0,20406.0,-110713.0,2024-2025,18474168.0,-85957.0,-165.76010043987608,2024,12,December,Sunday
2024-12-30,26637.541666666668,13167.979166666666,4603.375,1613.0833333333333,13167.979166666666,34981.0,14656.0,639.301,316.0315,110.481,316.0315,38.714,0.49433912976829375,0.17281530922053928,274.0,0.0,44877.0,119158.0,7491586.0,0.0,7259.0,9855.0,-49056.0,2024-2025,7655621.0,-31942.0,-152.71497879973907,2024,12,December,Monday
2024-12-31,25162.729166666668,14755.208333333334,4204.625,131.70833333333334,14755.208333333334,32426.0,16032.0,603.9055,354.125,100.911,354.125,3.161,0.5863914138884313,0.1670973355930688,275.0,0.0,0.0,0.0,20163118.0,0.0,0.0,0.0,-106233.0,2024-2025,20163118.0,-106233.0,-189.80089049542045,2024,12,December,Tuesday
2025-01-01,25334.75,13520.0,3708.4583333333335,1543.4583333333333,13520.0,33919.0,15799.0,608.034,324.48,89.003,324.48,37.043,0.5336543680123151,0.14637832752773694,276.0,0.0,1894.0,239034.0,7091840.0,0.0,372.0,17789.0,-51580.0,2024-2025,7332768.0,-33419.0,-137.49205118262893,2025,1,January,Wednesday
2025-01-02,31475.229166666668,10021.875,9199.520833333334,4783.208333333333,10021.875,41598.0,12930.0,755.4055,240.525,220.7885,240.525,114.797,0.3184051479635772,0.2922781208238489,277.0,0.0,6485.0,137380.0,4381559.0,0.0,2015.0,10270.0,-29857.0,2024-2025,4525424.0,-17572.0,-146.75148206450748,2025,1,January,Thursday
2025-01-03,33473.4375,9728.020833333334,11665.625,4482.041666666667,9728.020833333334,42322.0,14051.0,803.3625,233.4725,279.975,233.4725,107.569,0.2906191165258523,0.34850394435886667,278.0,0.0,0.0,62505.0,3135501.0,0.0,0.0,4471.0,-25188.0,2024-2025,3198006.0,-20717.0,-124.4839209147213,2025,1,January,Friday
2025-01-04,32287.229166666668,4470.125,15671.895833333334,4339.083333333333,4470.125,40097.0,7698.0,774.8935,107.283,376.1255,107.283,104.138,0.1384487029507926,0.48538992777717194,279.0,0.0,2738.0,110875.0,27970.0,0.0,61.0,2462.0,-300.0,2024-2025,141583.0,2223.0,-93.23333333333333,2025,1,January,Saturday
2025-01-05,30637.395833333332,9907.625,7768.770833333333,5496.916666666667,9907.625,38965.0,12604.0,735.2975,237.783,186.4505,237.783,131.926,0.32338339243639475,0.2535715135710376,280.0,0.0,198520.0,333306.0,0.0,0.0,6304.0,7553.0,0.0,2024-2025,531826.0,13857.0,,2025,1,January,Sunday
2025-01-06,33171.895833333336,13584.708333333334,8306.083333333334,4385.625,13584.708333333334,42522.0,14721.0,796.1255,326.033,199.346,326.033,105.255,0.4095246289686739,0.2503951952298978,281.0,0.0,220058.0,141723.0,2321525.0,0.0,6907.0,6572.0,-16223.0,2024-2025,2683306.0,-2744.0,-143.10084448005918,2025,1,January,Monday
2025-01-07,35116.708333333336,13033.625,10744.479166666666,4447.708333333333,13033.625,44627.0,14824.0,842.801,312.807,257.8675,312.807,106.745,0.3711516716282966,0.30596487189739924,282.0,0.0,22079.0,107897.0,5106767.0,0.0,4032.0,8399.0,-41466.0,2024-2025,5236743.0,-29035.0,-123.15552500844065,2025,1,January,Tuesday
2025-01-08,37513.875,5835.208333333333,18426.9375,4502.208333333333,5835.208333333333,45841.0,13389.0,900.333,140.045,442.2465,140.045,108.053,0.15554800279452158,0.49120325479572563,283.0,0.0,0.0,140231.0,6800318.0,0.0,0.0,4611.0,-11078.0,2024-2025,6940549.0,-6467.0,-613.8579165914425,2025,1,January,Wednesday
2025-01-09,37299.916666666664,8965.770833333334,18016.208333333332,3220.375,8965.770833333334,45851.0,12514.0,895.198,215.1785,432.389,215.1785,77.289,0.24036972826123384,0.48300934541855545,284.0,0.0,0.0,0.0,1723874.0,0.0,0.0,0.0,-18208.0,2024-2025,1723874.0,-18208.0,-94.67673550087873,2025,1,January,Thursday
2025-01-10,37888.208333333336,3685.6458333333335,20619.395833333332,5694.041666666667,3685.6458333333335,45039.0,8275.0,909.317,88.4555,494.8655,88.4555,136.657,0.09727685724560302,0.5442167033058878,285.0,0.0,0.0,0.0,44840.0,0.0,0.0,0.0,-487.0,2024-2025,44840.0,-487.0,-92.07392197125257,2025,1,January,Friday
2025-01-11,34902.9375,2886.6458333333335,19462.25,5240.958333333333,2886.6458333333335,42716.0,3816.0,837.6705,69.2795,467.094,69.2795,125.783,0.08270495379746572,0.5576106595612476,286.0,0.0,0.0,0.0,8106.0,0.0,0.0,0.0,-19.0,2024-2025,8106.0,-19.0,-426.63157894736844,2025,1,January,Saturday
2025-01-12,33380.625,5225.5625,16684.9375,4502.458333333333,5225.5625,42651.0,9619.0,801.135,125.4135,400.4385,125.4135,108.059,0.15654477709749293,0.499838978449325,287.0,0.0,0.0,0.0,3816693.0,0.0,0.0,0.0,-27695.0,2024-2025,3816693.0,-27695.0,-137.81162664740927,2025,1,January,Sunday
2025-01-13,34321.104166666664,12737.708333333334,14604.854166666666,382.875,12737.708333333334,43003.0,14653.0,823.7065,305.705,350.5165,305.705,9.189,0.3711334073483698,0.4255356732039871,288.0,0.0,0.0,76338.0,16433895.0,0.0,0.0,2531.0,-58134.0,2024-2025,16510233.0,-55603.0,-282.68990607905874,2025,1,January,Monday
2025-01-14,34105.520833333336,9160.208333333334,17737.395833333332,302.4166666666667,9160.208333333334,42662.0,12940.0,818.5325,219.845,425.6975,219.845,7.258,0.26858432621795714,0.5200740349344711,289.0,0.0,0.0,70411.0,7457737.0,0.0,0.0,1497.0,-62159.0,2024-2025,7528148.0,-60662.0,-119.9783941183095,2025,1,January,Tuesday
2025-01-15,33128.5625,6313.3125,20561.958333333332,-653.7083333333334,6313.3125,41079.0,7959.0,795.0855,151.5195,493.487,151.5195,-15.689,0.1905700707659742,0.6206716133044811,290.0,0.0,0.0,0.0,10553036.0,0.0,0.0,0.0,-72566.0,2024-2025,10553036.0,-72566.0,-145.4267287710498,2025,1,January,Wednesday
2025-01-16,33457.916666666664,7506.770833333333,19441.770833333332,163.0,7506.770833333333,41400.0,9931.0,802.99,180.1625,466.6025,180.1625,3.912,0.22436456244785113,0.581081333515984,291.0,0.0,0.0,11882.0,10153765.0,0.0,0.0,241.0,-61497.0,2024-2025,10165647.0,-61256.0,-165.10992406133633,2025,1,January,Thursday
2025-01-17,33218.270833333336,8072.4375,19107.979166666668,-86.875,8072.4375,40688.0,10589.0,797.2385,193.7385,458.5915,193.7385,-2.085,0.24301197195067722,0.5752249797268948,292.0,0.0,0.0,0.0,10770735.0,0.0,0.0,0.0,-74977.0,2024-2025,10770735.0,-74977.0,-143.65385384851353,2025,1,January,Friday
2025-01-18,32062.625,6012.125,19090.4375,396.5416666666667,6012.125,40312.0,7249.0,769.503,144.291,458.1705,144.291,9.517,0.18751193952460224,0.5954109340704324,293.0,0.0,0.0,0.0,4093019.0,0.0,0.0,0.0,-35994.0,2024-2025,4093019.0,-35994.0,-113.71392454297938,2025,1,January,Saturday
2025-01-19,32846.354166666664,2677.1666666666665,21004.770833333332,2523.25,2677.1666666666665,42360.0,3573.0,788.3125,64.252,504.1145,64.252,60.558,0.08150574803773883,0.6394856100848332,294.0,0.0,0.0,0.0,0.0,0.0,0.0,0.0,0.0,2024-2025,0.0,0.0,,2025,1,January,Sunday
2025-01-20,35373.4375,2525.4583333333335,24302.895833333332,1055.4166666666667,2525.4583333333335,43497.0,3569.0,848.9625,60.611,583.2695,60.611,25.33,0.0713942017462491,0.6870380022674736,295.0,0.0,0.0,0.0,0.0,0.0,0.0,0.0,0.0,2024-2025,0.0,0.0,,2025,1,January,Monday
2025-01-21,35210.833333333336,3241.9166666666665,23647.625,1159.8333333333333,3241.9166666666665,43246.0,4514.0,845.06,77.806,567.543,77.806,27.836,0.09207156888268289,0.6716008330769413,296.0,0.0,0.0,0.0,0.0,0.0,0.0,0.0,0.0,2024-2025,0.0,0.0,,2025,1,January,Tuesday
2025-01-22,35665.229166666664,617.75,23377.8125,3885.7916666666665,617.75,43056.0,2502.0,855.9655,14.826,561.0675,14.826,93.259,0.017320791550594038,0.6554791051742155,297.0,0.0,0.0,0.0,0.0,0.0,0.0,0.0,0.0,2024-2025,0.0,0.0,,2025,1,January,Wednesday
2025-01-23,34404.166666666664,9909.666666666666,13880.395833333334,4298.791666666667,9909.666666666666,41717.0,15078.0,825.7,237.832,333.1295,237.832,103.171,0.2880368172459731,0.4034510112631706,298.0,0.0,2088.0,10023.0,762072.0,0.0,890.0,630.0,-7084.0,2024-2025,774183.0,-5564.0,-107.57651044607566,2025,1,January,Thursday
2025-01-24,30682.8125,13291.708333333334,6891.145833333333,4750.083333333333,13291.708333333334,38449.0,15530.0,736.3875,319.001,165.3875,319.001,114.002,0.43319719576989013,0.2245930301641459,299.0,0.0,18986.0,38957.0,8514082.0,0.0,5478.0,7330.0,-54134.0,2024-2025,8572025.0,-41326.0,-157.27790298149037,2025,1,January,Friday
2025-01-25,28829.583333333332,10834.145833333334,6686.583333333333,4852.208333333333,10834.145833333334,37800.0,13722.0,691.91,260.0195,160.478,260.0195,116.453,0.3757995982136405,0.23193478920668875,300.0,0.0,14564.0,144669.0,6309424.0,0.0,1601.0,11895.0,-47083.0,2024-2025,6468657.0,-33587.0,-134.00641420470234,2025,1,January,Saturday
2025-01-26,29981.520833333332,13572.4375,4712.083333333333,5444.333333333333,13572.4375,38496.0,16516.0,719.5565,325.7385,113.09,325.7385,130.664,0.4526934299113412,0.15716625449148192,301.0,0.0,0.0,177609.0,3210078.0,0.0,210.0,9870.0,-25658.0,2024-2025,3387687.0,-15578.0,-125.11021903499883,2025,1,January,Sunday
2025-01-27,31841.75,12790.145833333334,6578.625,5850.75,12790.145833333334,40782.0,14887.0,764.202,306.9635,157.887,306.9635,140.418,0.4016784829142033,0.20660375136416811,302.0,0.0,107658.0,446006.0,391040.0,0.0,2352.0,9424.0,-1829.0,2024-2025,944704.0,9947.0,-213.79989065062875,2025,1,January,Monday
2025-01-28,32600.583333333332,11529.770833333334,8896.520833333334,5190.5,11529.770833333334,40133.0,12979.0,782.414,276.7145,213.5165,276.7145,124.572,0.3536676235343437,0.2728945289833771,303.0,0.0,14653.0,654112.0,379045.0,0.0,686.0,8624.0,-3687.0,2024-2025,1047810.0,5623.0,-102.80580417683754,2025,1,January,Tuesday
2025-01-29,32901.020833333336,10931.958333333334,9664.145833333334,5200.083333333333,10931.958333333334,41886.0,13343.0,789.6245,262.367,231.9395,262.367,124.802,0.3322680590584512,0.2937339203634132,304.0,0.0,148535.0,370520.0,2171705.0,0.0,3152.0,7559.0,-14004.0,2024-2025,2690760.0,-3293.0,-155.07747786346758,2025,1,January,Wednesday
2025-01-30,32770.291666666664,7877.1875,13992.4375,4255.458333333333,7877.1875,41486.0,11508.0,786.487,189.0525,335.8185,189.0525,102.131,0.24037587398138816,0.42698544286173834,305.0,0.0,0.0,240596.0,1622329.0,0.0,0.0,5230.0,-16890.0,2024-2025,1862925.0,-11660.0,-96.05263469508586,2025,1,January,Thursday
2025-01-31,33569.0625,3373.0208333333335,18971.354166666668,4442.666666666667,3373.0208333333335,40616.0,6344.0,805.6575,80.9525,455.3125,80.9525,106.624,0.10048004269804477,0.5651439972941356,306.0,0.0,0.0,78677.0,0.0,0.0,0.0,4121.0,0.0,2024-2025,78677.0,4121.0,,2025,1,January,Friday
2025-02-01,30196.166666666668,8185.395833333333,12477.875,2890.7083333333335,8185.395833333333,37853.0,11463.0,724.708,196.4495,299.469,196.4495,69.377,0.2710740049785569,0.41322712044023246,307.0,0.0,0.0,209897.0,6487152.0,0.0,0.0,6036.0,-33504.0,2024-2025,6697049.0,-27468.0,-193.62320916905443,2025,2,February,Saturday
2025-02-02,28682.833333333332,8068.708333333333,11530.979166666666,1978.8333333333333,8068.708333333333,40142.0,11046.0,688.388,193.649,276.7435,193.649,47.492,0.2813079251817289,0.40201674055910325,308.0,0.0,0.0,121089.0,4529248.0,0.0,0.0,5251.0,-31945.0,2024-2025,4650337.0,-26694.0,-141.7826889967131,2025,2,February,Sunday
2025-02-03,32041.5625,10565.895833333334,14286.020833333334,-128.125,10565.895833333334,40166.0,13459.0,768.9975,253.5815,342.8645,253.5815,-3.075,0.32975594849138007,0.4458590567589622,309.0,0.0,0.0,18443.0,18232848.0,0.0,0.0,7164.0,-64575.0,2024-2025,18251291.0,-57411.0,-282.3514982578397,2025,2,February,Monday
2025-02-04,31169.0,13883.166666666666,9640.166666666666,184.20833333333334,13883.166666666666,39230.0,15199.0,748.056,333.196,231.364,333.196,4.421,0.4454158512196948,0.30928700525094377,310.0,0.0,0.0,81520.0,15922021.0,0.0,0.0,8261.0,-76787.0,2024-2025,16003541.0,-68526.0,-207.35308059958066,2025,2,February,Tuesday
2025-02-05,32918.645833333336,7880.8125,16471.625,863.5416666666666,7880.8125,41517.0,13938.0,790.0475,189.1395,395.319,189.1395,20.725,0.23940269414180793,0.5003737117072075,311.0,0.0,0.0,52524.0,7743617.0,0.0,0.0,3931.0,-52204.0,2024-2025,7796141.0,-48273.0,-148.3337866830128,2025,2,February,Wednesday
2025-02-06,33558.916666666664,6134.416666666667,18105.625,1740.1666666666667,6134.416666666667,41606.0,10817.0,805.414,147.226,434.535,147.226,41.764,0.1827954319145185,0.5395175648796768,312.0,0.0,0.0,34484.0,2948185.0,0.0,0.0,3169.0,-22884.0,2024-2025,2982669.0,-19715.0,-128.8317164831323,2025,2,February,Thursday
2025-02-07,33555.583333333336,13334.020833333334,7676.104166666667,5517.583333333333,13334.020833333334,41047.0,15194.0,805.334,320.0165,184.2265,320.0165,132.422,0.39737115283844965,0.2287578818229455,313.0,0.0,7077.0,227923.0,721851.0,0.0,249.0,8195.0,-6997.0,2024-2025,956851.0,1447.0,-103.16578533657281,2025,2,February,Friday
2025-02-08,32237.125,5662.208333333333,13121.541666666666,6502.5,5662.208333333333,39857.0,13841.0,773.691,135.893,314.917,135.893,156.06,0.17564247225313465,0.40703200631776765,314.0,0.0,46758.0,162020.0,194081.0,0.0,1770.0,3875.0,-2059.0,2024-2025,402859.0,3586.0,-94.25983487129675,2025,2,February,Saturday
2025-02-09,30447.208333333332,8300.8125,9513.083333333334,5335.833333333333,8300.8125,39759.0,12650.0,730.733,199.2195,228.314,199.2195,128.06,0.2726296745870243,0.3124451749134089,315.0,0.0,5197.0,25364.0,54506.0,0.0,365.0,1069.0,-431.0,2024-2025,85067.0,1003.0,-126.46403712296984,2025,2,February,Sunday
2025-02-10,34383.25,13702.0625,10866.125,3478.0,13702.0625,43146.0,15468.0,825.198,328.8495,260.787,328.8495,83.472,0.3985098121905288,0.316029607439669,316.0,0.0,46541.0,193127.0,2931733.0,0.0,1276.0,4313.0,-21651.0,2024-2025,3171401.0,-16062.0,-135.40866472680247,2025,2,February,Monday
2025-02-11,35412.708333333336,9939.854166666666,14690.104166666666,3676.875,9939.854166666666,43226.0,11720.0,849.905,238.5565,352.5625,238.5565,88.245,0.2806860766791583,0.41482577464540155,317.0,0.0,0.0,1471.0,9266741.0,0.0,0.0,2906.0,-62150.0,2024-2025,9268212.0,-59244.0,-149.1028318584071,2025,2,February,Tuesday
2025-02-12,35373.166666666664,7251.395833333333,17525.020833333332,3792.5416666666665,7251.395833333333,43221.0,8728.0,848.956,174.0335,420.6005,174.0335,91.021,0.20499707876497722,0.49543262548353506,318.0,0.0,0.0,0.0,3701080.0,0.0,0.0,0.0,-30317.0,2024-2025,3701080.0,-30317.0,-122.07936141438796,2025,2,February,Wednesday
2025-02-13,35294.75,5413.270833333333,20007.104166666668,2431.2916666666665,5413.270833333333,43227.0,6558.0,847.074,129.9185,480.1705,129.9185,58.351,0.15337325900688725,0.5668577951867252,319.0,0.0,0.0,0.0,617597.0,0.0,0.0,0.0,-209.0,2024-2025,617597.0,-209.0,-2955.0095693779904,2025,2,February,Thursday
2025-02-14,34035.833333333336,7629.8125,18930.5,350.0416666666667,7629.8125,41560.0,9039.0,816.86,183.1155,454.332,183.1155,8.401,0.22416999240996008,0.5561932277256812,320.0,0.0,0.0,0.0,2310531.0,0.0,0.0,0.0,-18589.0,2024-2025,2310531.0,-18589.0,-124.29560492764539,2025,2,February,Friday
2025-02-15,32355.708333333332,5305.083333333333,16904.0625,2947.5416666666665,5305.083333333333,39352.0,7454.0,776.537,127.322,405.6975,127.322,70.741,0.16396127937239308,0.5224445197073674,321.0,0.0,0.0,1253.0,1040372.0,0.0,0.0,138.0,-11223.0,2024-2025,1041625.0,-11085.0,-92.69999108972645,2025,2,February,Saturday
2025-02-16,30802.541666666668,10045.520833333334,9456.083333333334,4589.5,10045.520833333334,40166.0,12074.0,739.261,241.0925,226.946,241.0925,110.148,0.32612636132570233,0.30699035929123814,322.0,0.0,0.0,14412.0,5439491.0,0.0,0.0,5319.0,-40101.0,2024-2025,5453903.0,-34782.0,-135.64477195082418,2025,2,February,Sunday
2025-02-17,33805.791666666664,9107.9375,17004.5,320.5,9107.9375,42200.0,10558.0,811.339,218.5905,408.108,218.5905,7.692,0.26941944119535727,0.5030055254338814,323.0,0.0,0.0,0.0,6282346.0,0.0,0.0,0.0,-41008.0,2024-2025,6282346.0,-41008.0,-153.1980589153336,2025,2,February,Monday
2025-02-18,33135.729166666664,12170.020833333334,11998.541666666666,1843.75,12170.020833333334,42073.0,14975.0,795.2575,292.0805,287.965,292.0805,44.25,0.36727789426695123,0.3621028409037324,324.0,0.0,0.0,30179.0,9775153.0,0.0,0.0,1996.0,-64274.0,2024-2025,9805332.0,-62278.0,-152.0856489404736,2025,2,February,Tuesday
2025-02-19,33758.145833333336,12926.25,9894.979166666666,3681.6666666666665,12926.25,41496.0,14648.0,810.1955,310.23,237.4795,310.23,88.36,0.3829075821823251,0.2931138225280195,325.0,0.0,0.0,117586.0,13793448.0,0.0,0.0,8015.0,-72278.0,2024-2025,13911034.0,-64263.0,-190.8388167907247,2025,2,February,Wednesday
2025-02-20,30116.8125,14762.5625,5177.4375,3895.25,14762.5625,37065.0,16103.0,722.8035,354.3015,124.2585,354.3015,93.486,0.4901767907875377,0.171911868163339,326.0,0.0,0.0,29952.0,19525541.0,0.0,0.0,7742.0,-111141.0,2024-2025,19555493.0,-103399.0,-175.68261037780837,2025,2,February,Thursday
2025-02-21,28080.5625,14680.583333333334,4392.833333333333,3272.4583333333335,14680.583333333334,34989.0,16409.0,673.9335,352.334,105.428,352.334,78.539,0.5228023239681661,0.1564367997732714,327.0,0.0,7876.0,14580.0,18359248.0,0.0,829.0,475.0,-91766.0,2024-2025,18381704.0,-90462.0,-200.06590676285333,2025,2,February,Friday
2025-02-22,25640.25,9138.8125,4636.9375,5378.0,9138.8125,34123.0,13525.0,615.366,219.3315,111.2865,219.3315,129.072,0.35642446934019756,0.18084603309250105,328.0,0.0,13081.0,109630.0,15232314.0,0.0,5044.0,16043.0,-99906.0,2024-2025,15355025.0,-78819.0,-152.4664584709627,2025,2,February,Saturday
2025-02-23,25899.583333333332,13605.3125,4752.208333333333,1576.7916666666667,13605.3125,34570.0,16324.0,621.59,326.5275,114.053,326.5275,37.843,0.5253100918611946,0.18348589906530027,329.0,0.0,43328.0,169095.0,23747842.0,0.0,19153.0,9553.0,-120159.0,2024-2025,23960265.0,-91453.0,-197.6368145540492,2025,2,February,Sunday
2025-02-24,28278.291666666668,13240.458333333334,5448.6875,3917.9166666666665,13240.458333333334,37230.0,15413.0,678.679,317.771,130.7685,317.771,94.03,0.4682198800905878,0.19268092868646297,330.0,0.0,0.0,102932.0,16010043.0,0.0,0.0,6971.0,-103288.0,2024-2025,16112975.0,-96317.0,-155.0039017117187,2025,2,February,Monday
2025-02-25,29487.9375,8036.5,11768.416666666666,2227.6666666666665,8036.5,37957.0,11614.0,707.7105,192.876,282.442,192.876,53.464,0.2725351679818231,0.399092566805212,331.0,0.0,0.0,122545.0,8164536.0,0.0,0.0,7827.0,-62952.0,2024-2025,8287081.0,-55125.0,-129.69462447579107,2025,2,February,Tuesday
2025-02-26,31977.333333333332,5579.104166666667,14368.166666666666,3646.75,5579.104166666667,39729.0,9145.0,767.456,133.8985,344.836,133.8985,87.522,0.17447058854188385,0.44932347913105114,332.0,0.0,0.0,61813.0,488512.0,0.0,0.0,2156.0,-6222.0,2024-2025,550325.0,-4066.0,-78.51366120218579,2025,2,February,Wednesday
2025-02-27,30796.916666666668,7784.229166666667,15558.0625,-213.58333333333334,7784.229166666667,39847.0,10033.0,739.126,186.8215,373.3935,186.8215,-5.126,0.25276001656009933,0.5051824722713043,333.0,0.0,0.0,130547.0,690284.0,0.0,0.0,4038.0,-7695.0,2024-2025,820831.0,-3657.0,-89.70552306692657,2025,2,February,Thursday
2025-02-28,30852.020833333332,3809.5208333333335,16983.958333333332,2591.1666666666665,3809.5208333333335,38701.0,4954.0,740.4485,91.4285,407.615,91.4285,62.188,0.12347718983832097,0.5504974350005436,334.0,0.0,0.0,28094.0,3011922.0,0.0,0.0,2943.0,-30819.0,2024-2025,3040016.0,-27876.0,-97.7293877153704,2025,2,February,Friday
2025-03-01,27813.708333333332,4291.645833333333,10921.041666666666,5407.125,4291.645833333333,36454.0,5144.0,667.529,102.9995,262.105,102.9995,129.771,0.15429966338541096,0.39264960773239815,335.0,0.0,0.0,0.0,2933275.0,0.0,0.0,0.0,-26990.0,2024-2025,2933275.0,-26990.0,-108.68006669136717,2025,3,March,Saturday
2025-03-02,26778.75,6657.395833333333,7126.958333333333,5944.125,6657.395833333333,36580.0,9245.0,642.69,159.7775,171.047,159.7775,142.659,0.24860741570586128,0.26614230811122,336.0,0.0,0.0,105759.0,10012026.0,0.0,0.0,14016.0,-74855.0,2024-2025,10117785.0,-60839.0,-133.75226771758733,2025,3,March,Sunday
2025-03-03,29836.75,6806.083333333333,11606.604166666666,4458.583333333333,6806.083333333333,39217.0,7934.0,716.082,163.346,278.5585,163.346,107.006,0.22811074709321,0.38900363366206664,337.0,0.0,0.0,65430.0,8936677.0,0.0,0.0,6434.0,-67854.0,2024-2025,9002107.0,-61420.0,-131.70449789253396,2025,3,March,Monday
2025-03-04,28737.416666666668,9778.604166666666,9256.791666666666,3334.625,9778.604166666666,37087.0,13330.0,689.698,234.6865,222.163,234.6865,80.031,0.3402742939663447,0.3221163465748777,338.0,0.0,3095.0,76757.0,16355835.0,0.0,1788.0,11822.0,-82028.0,2024-2025,16435687.0,-68418.0,-199.39331691617497,2025,3,March,Tuesday
2025-03-05,27913.979166666668,12261.3125,7108.666666666667,3418.25,12261.3125,36432.0,13574.0,669.9355,294.2715,170.608,294.2715,82.038,0.43925348037236417,0.2546633220660795,339.0,0.0,2618.0,139213.0,18262102.0,0.0,4328.0,12980.0,-114050.0,2024-2025,18403933.0,-96742.0,-160.12364752301622,2025,3,March,Wednesday
2025-03-06,27467.770833333332,10810.020833333334,6439.395833333333,4991.166666666667,10810.020833333334,35551.0,14487.0,659.2265,259.4405,154.5455,259.4405,119.788,0.39355289873814236,0.23443459873048186,340.0,0.0,-822.0,36919.0,9557463.0,0.0,5209.0,7987.0,-74791.0,2024-2025,9593560.0,-61595.0,-127.78894519394045,2025,3,March,Thursday
2025-03-07,28523.6875,7672.8125,11761.1875,3686.7083333333335,7672.8125,35572.0,13943.0,684.5685,184.1475,282.2685,184.1475,88.481,0.2689979162056098,0.4123305410634583,341.0,0.0,5716.0,162713.0,1764996.0,0.0,963.0,7358.0,-16356.0,2024-2025,1933425.0,-8035.0,-107.9112252384446,2025,3,March,Friday
2025-03-08,23925.125,7219.5625,5938.395833333333,6103.791666666667,7219.5625,32183.0,8897.0,574.203,173.2695,142.5215,173.2695,146.491,0.3017565216482673,0.24820751546056014,342.0,0.0,1973.0,571081.0,21951.0,0.0,274.0,12394.0,878.0,2024-2025,595005.0,13546.0,25.00113895216401,2025,3,March,Saturday
2025-03-09,23852.75,3090.5,9505.041666666666,6311.958333333333,3090.5,33619.0,6766.0,572.466,74.172,228.121,74.172,151.487,0.12956577333850394,0.39848829450133283,343.0,0.0,0.0,945677.0,479802.0,0.0,0.0,14708.0,-5817.0,2024-2025,1425479.0,8891.0,-82.48272305312017,2025,3,March,Sunday
2025-03-10,28299.5625,8779.0625,12403.479166666666,2555.0416666666665,8779.0625,36265.0,13510.0,679.1895,210.6975,297.6835,210.6975,61.321,0.3102190184035531,0.43829225864062976,344.0,0.0,0.0,67426.0,10220289.0,0.0,0.0,7981.0,-88416.0,2024-2025,10287715.0,-80435.0,-115.59320711183496,2025,3,March,Monday
2025-03-11,29391.270833333332,8951.75,12459.708333333334,1843.25,8951.75,37842.0,11954.0,705.3905,214.842,299.033,214.842,44.238,0.3045717230385156,0.4239254710688619,345.0,0.0,0.0,325605.0,8637797.0,0.0,0.0,7803.0,-79212.0,2024-2025,8963402.0,-71409.0,-109.04657122658183,2025,3,March,Tuesday
2025-03-12,30355.145833333332,8554.0,14709.604166666666,1079.3333333333333,8554.0,38901.0,9540.0,728.5235,205.296,353.0305,205.296,25.904,0.2817973613754395,0.48458354466259496,346.0,0.0,0.0,101792.0,10887487.0,0.0,0.0,5547.0,-90958.0,2024-2025,10989279.0,-85411.0,-119.6979594977902,2025,3,March,Wednesday
2025-03-13,31476.270833333332,4275.375,17229.958333333332,3177.2083333333335,4275.375,40080.0,8287.0,755.4305,102.609,413.519,102.609,76.253,0.1358285110278179,0.5473951607725661,347.0,0.0,0.0,58383.0,1682709.0,0.0,0.0,1560.0,-18148.0,2024-2025,1741092.0,-16588.0,-92.72145690985232,2025,3,March,Thursday
2025-03-14,31132.291666666668,2667.4583333333335,18434.9375,3863.1666666666665,2667.4583333333335,38451.0,3204.0,747.175,64.019,442.4385,64.019,92.716,0.08568139993977315,0.5921484257369425,348.0,0.0,0.0,34173.0,1044760.0,0.0,0.0,491.0,-11245.0,2024-2025,1078933.0,-10754.0,-92.90884837705647,2025,3,March,Friday
2025-03-15,27890.166666666668,4109.3125,11055.458333333334,6385.083333333333,4109.3125,35991.0,5213.0,669.364,98.6235,265.331,98.6235,153.242,0.14733911593691923,0.39639269515540126,349.0,0.0,0.0,142117.0,217540.0,0.0,0.0,2344.0,-1623.0,2024-2025,359657.0,721.0,-134.03573629081947,2025,3,March,Saturday
2025-03-16,27819.1875,4181.416666666667,10629.125,6547.041666666667,4181.416666666667,36558.0,6416.0,667.6605,100.354,255.099,100.354,157.129,0.1503069299441857,0.3820789158561874,350.0,0.0,0.0,166573.0,6516.0,0.0,0.0,2940.0,-461.0,2024-2025,173089.0,2479.0,-14.134490238611713,2025,3,March,Sunday
2025-03-17,31608.791666666668,5941.729166666667,13173.125,6019.291666666667,5941.729166666667,39852.0,9475.0,758.611,142.6015,316.155,142.6015,144.463,0.18797710552575692,0.4167550958264512,351.0,0.0,0.0,71518.0,0.0,0.0,0.0,5680.0,0.0,2024-2025,71518.0,5680.0,,2025,3,March,Monday
2025-03-18,28344.145833333332,7459.604166666667,9827.1875,5757.625,7459.604166666667,37657.0,8646.0,680.2595,179.0305,235.8525,179.0305,138.183,0.2631797130359811,0.34670960126245937,352.0,0.0,0.0,179217.0,207065.0,0.0,0.0,4306.0,-3385.0,2024-2025,386282.0,921.0,-61.17134416543575,2025,3,March,Tuesday
2025-03-19,29309.145833333332,1590.2291666666667,16166.895833333334,5267.125,1590.2291666666667,37233.0,5463.0,703.4195,38.1655,388.0055,38.1655,126.411,0.05425709693859781,0.5515990102634345,353.0,0.0,0.0,84754.0,64383.0,0.0,0.0,1842.0,-469.0,2024-2025,149137.0,1373.0,-137.2771855010661,2025,3,March,Wednesday
2025-03-20,27063.958333333332,3416.4375,12830.166666666666,5207.375,3416.4375,35084.0,12049.0,649.535,81.9945,307.924,81.9945,124.977,0.12623569168713003,0.47406837198919227,354.0,0.0,9489.0,94241.0,577209.0,0.0,894.0,3624.0,-6093.0,2024-2025,680939.0,-1575.0,-94.73313638601674,2025,3,March,Thursday
2025-03-21,26660.916666666668,13901.9375,3855.625,5198.583333333333,13901.9375,33091.0,16088.0,639.862,333.6465,92.535,333.6465,124.766,0.5214350906914303,0.14461712056662218,355.0,0.0,329346.0,664826.0,8731108.0,0.0,18483.0,18354.0,-63052.0,2024-2025,9725280.0,-26215.0,-138.474719279325,2025,3,March,Friday
2025-03-22,25393.520833333332,8345.770833333334,6489.8125,6597.333333333333,8345.770833333334,32388.0,11919.0,609.4445,200.2985,155.7555,200.2985,158.336,0.3286574905508213,0.25556962118781945,356.0,0.0,248642.0,601215.0,4559488.0,0.0,9295.0,18155.0,-32826.0,2024-2025,5409345.0,-5376.0,-138.89867787729239,2025,3,March,Saturday
2025-03-23,25855.104166666668,4743.791666666667,9537.333333333334,7441.75,4743.791666666667,34230.0,7068.0,620.5225,113.851,228.896,113.851,178.602,0.18347602222320705,0.36887622930675357,357.0,0.0,294740.0,581839.0,0.0,0.0,6075.0,8175.0,0.0,2024-2025,876579.0,14250.0,,2025,3,March,Sunday
2025-03-24,27608.395833333332,5517.041666666667,14250.125,3437.5833333333335,5517.041666666667,35476.0,8414.0,662.6015,132.409,342.003,132.409,82.502,0.19983202573492514,0.5161518650350173,358.0,0.0,0.0,0.0,5546873.0,0.0,0.0,0.0,-45364.0,2024-2025,5546873.0,-45364.0,-122.27477735649414,2025,3,March,Monday
2025-03-25,28390.854166666668,6428.25,12830.375,4506.375,6428.25,36178.0,8803.0,681.3805,154.278,307.929,154.278,108.153,0.22641974638252782,0.4519193020639716,359.0,0.0,0.0,0.0,2922157.0,0.0,0.0,0.0,-26162.0,2024-2025,2922157.0,-26162.0,-111.6947098845654,2025,3,March,Tuesday
2025-03-26,26895.229166666668,5782.895833333333,12722.375,3780.5,5782.895833333333,35429.0,9866.0,645.4855,138.7895,305.337,138.7895,90.732,0.21501567424829837,0.47303463826840414,360.0,0.0,0.0,10660.0,5319653.0,0.0,0.0,1552.0,-46137.0,2024-2025,5330313.0,-44585.0,-115.3012332834818,2025,3,March,Wednesday
2025-03-27,26013.083333333332,10584.333333333334,6576.0,5001.5,10584.333333333334,33123.0,14734.0,624.314,254.024,157.824,254.024,120.036,0.4068849969726772,0.2527958687455351,361.0,0.0,12088.0,89547.0,9946320.0,0.0,2771.0,5078.0,-74961.0,2024-2025,10047955.0,-67112.0,-132.68659703045583,2025,3,March,Thursday
2025-03-28,24464.395833333332,11747.333333333334,5569.458333333333,3278.3333333333335,11747.333333333334,32700.0,13594.0,587.1455,281.936,133.667,281.936,78.68,0.48018080697203674,0.22765566627011535,362.0,0.0,48407.0,133674.0,15992015.0,0.0,15544.0,7334.0,-109052.0,2024-2025,16174096.0,-86174.0,-146.64577449290246,2025,3,March,Friday
2025-03-29,22773.791666666668,10834.208333333334,4115.791666666667,3786.8333333333335,10834.208333333334,29586.0,15910.0,546.571,260.021,98.779,260.021,90.884,0.47573142373086025,0.18072491954384698,363.0,0.0,139929.0,1054200.0,11690361.0,0.0,4230.0,29190.0,-82943.0,2024-2025,12884490.0,-49523.0,-140.94451611347552,2025,3,March,Saturday
2025-03-30,20734.67391304348,10981.891304347826,4656.608695652174,1183.0434782608695,10981.891304347826,30474.0,16042.0,476.8975,252.5835,107.102,252.5835,27.21,0.5296389685414581,0.22458075372590547,364.0,0.0,485296.0,1198629.0,6417194.0,0.0,17503.0,18645.0,-56100.0,2024-2025,8101119.0,-19952.0,-114.38848484848485,2025,3,March,Sunday
2025-03-31,25827.0,2789.375,12163.1875,5397.208333333333,2789.375,32669.0,3777.0,619.848,66.945,291.9165,66.945,129.533,0.10800228443102179,0.47094852286366984,365.0,0.0,0.0,71216.0,2683111.0,0.0,0.0,3742.0,-26995.0,2024-2025,2754327.0,-23253.0,-99.39288757177255,2025,3,March,Monday
2025-04-01,24449.291666666668,7902.25,5917.854166666667,5388.166666666667,7902.25,31898.0,13804.0,586.783,189.654,142.0285,189.654,129.316,0.3232097726075909,0.24204603746188966,1.0,0.0,35991.0,214208.0,3535292.0,0.0,3484.0,7023.0,-28456.0,2025-2026,3785491.0,-17949.0,-124.2371380376722,2025,4,April,Tuesday
2025-04-02,24011.104166666668,11321.166666666666,3309.0208333333335,3838.0833333333335,11321.166666666666,31271.0,13626.0,576.2665,271.708,79.4165,271.708,92.114,0.47149712849870684,0.13781210603080346,2.0,0.0,234335.0,736673.0,3578377.0,0.0,7935.0,17163.0,-20493.0,2025-2026,4549385.0,4605.0,-174.61460010735374,2025,4,April,Wednesday
2025-04-03,24394.583333333332,10358.5,4440.6875,3864.625,10358.5,31502.0,12126.0,585.47,248.604,106.5765,248.604,92.751,0.4246229524997011,0.1820358002971971,3.0,0.0,347200.0,1100956.0,570754.0,0.0,7090.0,18810.0,-5977.0,2025-2026,2018910.0,19923.0,-95.49171825330433,2025,4,April,Thursday
2025-04-04,23859.354166666668,10027.354166666666,3851.3333333333335,3845.2916666666665,10027.354166666666,29939.0,13619.0,572.6245,240.6565,92.432,240.6565,92.287,0.42026930388064077,0.16141817194339397,4.0,0.0,164056.0,427525.0,3180086.0,0.0,5152.0,16006.0,-23254.0,2025-2026,3771667.0,-2096.0,-136.75436484045755,2025,4,April,Friday
2025-04-05,20534.354166666668,8667.416666666666,2810.5,3554.5833333333335,8667.416666666666,27549.0,10669.0,492.8245,208.018,67.452,208.018,85.31,0.42209346329169917,0.13686819547323642,5.0,0.0,505352.0,3161639.0,24692.0,0.0,7328.0,27619.0,-404.0,2025-2026,3691683.0,34543.0,-61.118811881188115,2025,4,April,Saturday
2025-04-06,21028.291666666668,6179.375,4713.3125,4852.666666666667,6179.375,29519.0,8711.0,504.679,148.305,113.1195,148.305,116.464,0.2938600575811556,0.22414148399279543,6.0,0.0,434076.0,2681968.0,0.0,0.0,7323.0,22478.0,0.0,2025-2026,3116044.0,29801.0,,2025,4,April,Sunday
2025-04-07,24763.583333333332,1979.3333333333333,12202.541666666666,3522.2916666666665,1979.3333333333333,32149.0,4585.0,594.326,47.504,292.861,47.504,84.535,0.07992919710731147,0.49276154837580716,7.0,0.0,0.0,0.0,6528.0,0.0,0.0,0.0,-178.0,2025-2026,6528.0,-178.0,-36.674157303370784,2025,4,April,Monday
2025-04-08,25488.270833333332,1003.625,14593.1875,2964.875,1003.625,31742.0,2238.0,611.7185,24.087,350.2365,24.087,71.157,0.03937595478966224,0.5725452148332935,,,,,,,,,,,,,,2025,4,April,Tuesday
2025-04-09,25939.541666666668,3097.0,11671.791666666666,4138.791666666667,3097.0,32846.0,3991.0,622.549,74.328,280.123,74.328,99.331,0.11939301163442557,0.4499613685027203,8.0,0.0,0.0,37506.0,23368.0,0.0,0.0,2708.0,-269.0,2025-2026,60874.0,2439.0,-86.86988847583643,2025,4,April,Wednesday
2025-04-10,25050.729166666668,3946.5,9594.5,4349.916666666667,3946.5,31537.0,6150.0,601.2175,94.716,230.268,94.716,104.398,0.1575403244250209,0.3830028234374415,9.0,0.0,0.0,194946.0,1562478.0,0.0,0.0,4042.0,-15174.0,2025-2026,1757424.0,-11132.0,-102.97073942269672,2025,4,April,Thursday
2025-04-11,23647.875,3644.9375,8844.770833333334,3953.6666666666665,3644.9375,30069.0,6346.0,567.549,87.4785,212.2745,87.4785,94.888,0.15413382809237616,0.3740196881678939,10.0,0.0,0.0,58903.0,3829042.0,0.0,0.0,2758.0,-32800.0,2025-2026,3887945.0,-30042.0,-116.73908536585365,2025,4,April,Friday
2025-04-12,21955.104166666668,5149.041666666667,4775.208333333333,5463.416666666667,5149.041666666667,27814.0,9575.0,526.9225,123.577,114.605,123.577,131.122,0.23452595021089437,0.2174987782833339,11.0,0.0,238270.0,608888.0,391522.0,0.0,5170.0,12251.0,-3519.0,2025-2026,1238680.0,13902.0,-111.25944870701903,2025,4,April,Saturday
2025-04-13,21761.583333333332,6346.354166666667,3774.6666666666665,5632.25,6346.354166666667,28220.0,7337.0,522.278,152.3125,90.592,152.3125,135.174,0.29163108536066995,0.17345551602786255,12.0,0.0,490357.0,1067299.0,251921.0,0.0,14015.0,18742.0,-873.0,2025-2026,1809577.0,31884.0,-288.5693012600229,2025,4,April,Sunday
2025-04-14,24556.645833333332,7286.5,6094.083333333333,3962.75,7286.5,31870.0,8645.0,589.3595,174.876,146.258,174.876,95.106,0.2967221195212769,0.24816432075838263,13.0,0.0,0.0,351687.0,3171353.0,0.0,0.0,13249.0,-27518.0,2025-2026,3523040.0,-14269.0,-115.246493204448,2025,4,April,Monday
2025-04-15,27258.958333333332,3517.4583333333335,10384.583333333334,6143.875,3517.4583333333335,32274.0,7022.0,654.215,84.419,249.23,84.419,147.453,0.1290386188026872,0.38096038764014883,14.0,0.0,0.0,267237.0,149777.0,0.0,663.0,5481.0,-575.0,2025-2026,417014.0,5569.0,-260.4817391304348,2025,4,April,Tuesday
2025-04-16,24341.520833333332,11818.895833333334,4909.5,2010.4583333333333,11818.895833333334,31029.0,14661.0,584.1965,283.6535,117.828,283.6535,48.251,0.4855446754645055,0.20169241000245636,15.0,0.0,126996.0,174431.0,5825414.0,0.0,8822.0,5604.0,-44547.0,2025-2026,6126841.0,-30121.0,-130.77006307944418,2025,4,April,Wednesday
2025-04-17,24424.979166666668,3806.8333333333335,9402.729166666666,4110.791666666667,3806.8333333333335,30704.0,9011.0,586.1995,91.364,225.6655,91.364,98.659,0.15585820185789995,0.3849636514531316,16.0,0.0,0.0,10726.0,224317.0,0.0,0.0,1286.0,-1886.0,2025-2026,235043.0,-600.0,-118.93796394485685,2025,4,April,Thursday
2025-04-18,23143.5,6992.541666666667,4367.6875,5215.083333333333,6992.541666666667,27759.0,12935.0,555.444,167.821,104.8245,167.821,125.162,0.3021384694046565,0.18872199537667164,17.0,0.0,58872.0,219025.0,51575.0,0.0,4264.0,7826.0,-857.0,2025-2026,329472.0,11233.0,-60.180863477246206,2025,4,April,Friday
2025-04-19,20985.125,9115.166666666666,3851.875,3634.5,9115.166666666666,26191.0,12443.0,503.643,218.764,92.445,218.764,87.228,0.4343632295097917,0.1835526354977633,18.0,0.0,1257154.0,1097827.0,35235.0,0.0,22246.0,10017.0,-188.0,2025-2026,2390216.0,32075.0,-187.42021276595744,2025,4,April,Saturday
2025-04-20,20819.5625,2845.75,6812.645833333333,5722.708333333333,2845.75,26334.0,5651.0,499.6695,68.298,163.5035,68.298,137.345,0.13668634967713658,0.3272232945977291,19.0,0.0,0.0,2065550.0,81859.0,0.0,0.0,7853.0,-1339.0,2025-2026,2147409.0,6514.0,-61.134428678118,2025,4,April,Sunday
2025-04-21,23776.104166666668,3398.2291666666665,10380.520833333334,4871.208333333333,3398.2291666666665,28715.0,3859.0,570.6265,81.5575,249.1325,81.5575,116.909,0.14292623984340022,0.43659469022206293,20.0,0.0,0.0,412839.0,1682059.0,0.0,0.0,5776.0,-24907.0,2025-2026,2094898.0,-19131.0,-67.53358493596178,2025,4,April,Monday
2025-04-22,24297.25,2996.125,11738.791666666666,4081.75,2996.125,29737.0,6663.0,583.134,71.907,281.731,71.907,97.962,0.12331128008313696,0.48313252185603994,21.0,0.0,0.0,50496.0,736307.0,0.0,0.0,600.0,-14036.0,2025-2026,786803.0,-13436.0,-52.458463949843264,2025,4,April,Tuesday
2025-04-23,26108.479166666668,3285.1666666666665,14104.645833333334,3302.0,3285.1666666666665,31212.0,6595.0,626.6035,78.844,338.5115,78.844,79.248,0.12582757676904133,0.5402323798063687,22.0,0.0,0.0,76842.0,136501.0,0.0,0.0,-2846.0,-2843.0,2025-2026,213343.0,-5689.0,-48.01301442138586,2025,4,April,Wednesday
2025-04-24,25388.979166666668,3810.2708333333335,11988.666666666666,3964.7083333333335,3810.2708333333335,30126.0,4532.0,609.3355,91.4465,287.728,91.4465,95.153,0.15007577927102556,0.4721996338634463,23.0,0.0,0.0,97736.0,1329741.0,0.0,0.0,-2557.0,-20291.0,2025-2026,1427477.0,-22848.0,-65.53353703612439,2025,4,April,Thursday
2025-04-25,24794.979166666668,4773.791666666667,10459.791666666666,3802.25,4773.791666666667,29086.0,5223.0,595.0795,114.571,251.035,114.571,91.254,0.19253057784716157,0.4218511980332039,24.0,0.0,0.0,27207.0,3514998.0,0.0,0.0,589.0,-30641.0,2025-2026,3542205.0,-30052.0,-114.71551189582586,2025,4,April,Friday
2025-04-26,22624.770833333332,4244.833333333333,6968.375,6256.666666666667,4244.833333333333,27157.0,6032.0,542.9945,101.876,167.241,101.876,150.16,0.18761884328478465,0.3079975948191004,25.0,0.0,25835.0,294320.0,1205012.0,0.0,665.0,6443.0,-12043.0,2025-2026,1525167.0,-4935.0,-100.05912148135846,2025,4,April,Saturday
2025-04-27,19948.5,6645.270833333333,4242.520833333333,4157.625,6645.270833333333,27137.0,9151.0,478.764,159.4865,101.8205,159.4865,99.783,0.33312132908907105,0.2126736763833538,26.0,0.0,512845.0,954646.0,7085043.0,0.0,21766.0,21318.0,-51255.0,2025-2026,8552534.0,-8171.0,-138.23125548726952,2025,4,April,Sunday
2025-04-28,22860.291666666668,3979.3125,9182.916666666666,3358.1666666666665,3979.3125,29179.0,8872.0,548.647,95.5035,220.39,95.5035,80.596,0.1740709417895295,0.4016972661839033,27.0,0.0,517.0,148410.0,3536005.0,0.0,1367.0,5028.0,-29014.0,2025-2026,3684932.0,-22619.0,-121.87237195836492,2025,4,April,Monday
2025-04-29,23020.0625,1698.6458333333333,11427.770833333334,3794.5833333333335,1698.6458333333333,29746.0,2741.0,552.4815,40.7675,274.2665,40.7675,91.07,0.07378980110646238,0.4964265771795074,28.0,0.0,0.0,581061.0,603594.0,0.0,0.0,6953.0,-8345.0,2025-2026,1184655.0,-1392.0,-72.33001797483523,2025,4,April,Tuesday
2025-04-30,22936.0,1977.0,11269.729166666666,3662.3333333333335,1977.0,28808.0,3652.0,550.464,47.448,270.4735,47.448,87.896,0.08619637251482384,0.49135547465410995,29.0,0.0,0.0,513670.0,1404484.0,0.0,0.0,9005.0,-15669.0,2025-2026,1918154.0,-6664.0,-89.63456506477759,2025,4,April,Wednesday
2025-05-01,23368.25,3900.6458333333335,9740.0625,3788.75,3900.6458333333335,28897.0,6546.0,560.838,93.6155,233.7615,93.6155,90.93,0.16692075073372348,0.4168075273073508,30.0,0.0,0.0,634171.0,4317088.0,0.0,0.0,15443.0,-39836.0,2025-2026,4951259.0,-24393.0,-108.37152324530575,2025,5,May,Thursday
2025-05-02,22251.104166666668,4818.916666666667,7751.5625,3858.2916666666665,4818.916666666667,26531.0,7099.0,534.0265,115.654,186.0375,115.654,92.599,0.21656977696799687,0.34836754355823163,31.0,0.0,3744.0,339658.0,5086013.0,0.0,428.0,13183.0,-47174.0,2025-2026,5429415.0,-33563.0,-107.81390172552678,2025,5,May,Friday
2025-05-03,19630.583333333332,7432.479166666667,3418.5833333333335,4371.875,7432.479166666667,25009.0,11060.0,471.134,178.3795,82.046,178.3795,104.925,0.37861733604452236,0.17414578442651135,32.0,0.0,813096.0,630815.0,8490176.0,0.0,34217.0,23625.0,-64790.0,2025-2026,9934087.0,-6948.0,-131.04145701497146,2025,5,May,Saturday
2025-05-04,20137.25,9153.208333333334,3286.7291666666665,3432.4166666666665,9153.208333333334,25469.0,10489.0,483.294,219.677,78.8815,219.677,82.378,0.4545411281745687,0.16321638588519619,33.0,0.0,693109.0,1200322.0,4256153.0,0.0,21336.0,27092.0,-25948.0,2025-2026,6149584.0,22480.0,-164.0262447972869,2025,5,May,Sunday
2025-05-05,21765.791666666668,6438.520833333333,4735.979166666667,5210.208333333333,6438.520833333333,28380.0,8870.0,522.379,154.5245,113.6635,154.5245,125.045,0.2958091730333723,0.21758818788657278,34.0,0.0,131254.0,818612.0,391176.0,0.0,4722.0,16915.0,2943.0,2025-2026,1341042.0,24580.0,132.91743119266056,2025,5,May,Monday
2025-05-06,24574.354166666668,3222.375,9491.75,5579.041666666667,3222.375,29787.0,4164.0,589.7845,77.337,227.802,77.337,133.897,0.13112755591237138,0.38624616279335927,35.0,0.0,0.0,619398.0,202548.0,0.0,0.0,1553.0,3664.0,2025-2026,821946.0,5217.0,55.28056768558952,2025,5,May,Tuesday
2025-05-07,24135.125,2587.3958333333335,11435.270833333334,3739.375,2587.3958333333335,29037.0,4175.0,579.243,62.0975,274.4465,62.0975,89.745,0.10720457562715474,0.4738020140079379,36.0,0.0,0.0,266269.0,85709.0,0.0,0.0,-2649.0,-1998.0,2025-2026,351978.0,-4647.0,-42.8973973973974,2025,5,May,Wednesday
2025-05-08,24812.104166666668,2683.0,11974.4375,3754.0,2683.0,29171.0,3599.0,595.4905,64.392,287.3865,64.392,90.096,0.10813270740675124,0.48260467631305626,37.0,0.0,0.0,308618.0,123919.0,0.0,0.0,3259.0,-1538.0,2025-2026,432537.0,1721.0,-80.57152145643693,2025,5,May,Thursday
2025-05-09,22474.291666666668,2968.7708333333335,8726.041666666666,4115.625,2968.7708333333335,27577.0,5026.0,539.383,71.2505,209.425,71.2505,98.775,0.13209630262726113,0.38826770587875403,38.0,0.0,0.0,184819.0,510535.0,0.0,0.0,2209.0,-4777.0,2025-2026,695354.0,-2568.0,-106.87356081222525,2025,5,May,Friday
2025-05-10,19407.375,4831.5,4439.958333333333,4626.583333333333,4831.5,25709.0,7776.0,465.777,115.956,106.559,115.956,111.038,0.24895175158927987,0.22877686103006376,39.0,0.0,490907.0,1837466.0,522596.0,0.0,6529.0,27512.0,-3041.0,2025-2026,2850969.0,31000.0,-171.85004932587964,2025,5,May,Saturday
2025-05-11,19685.958333333332,6568.729166666667,3594.375,4542.041666666667,6568.729166666667,26320.0,8319.0,472.463,157.6495,86.265,157.6495,109.009,0.3336758645650558,0.1825857262896777,40.0,0.0,1236715.0,2215004.0,683740.0,0.0,18502.0,26636.0,-4039.0,2025-2026,4135459.0,41099.0,-169.28447635553354,2025,5,May,Sunday
2025-05-12,22904.416666666668,5730.833333333333,6465.5,4062.2916666666665,5730.833333333333,28124.0,7718.0,549.706,137.54,155.172,137.54,97.495,0.2502064740061051,0.28228180154482574,41.0,0.0,157957.0,553787.0,141519.0,0.0,6589.0,13547.0,-1908.0,2025-2026,853263.0,18228.0,-74.17138364779875,2025,5,May,Monday
2025-05-13,22183.791666666668,4347.354166666667,6729.0625,3861.0833333333335,4347.354166666667,27673.0,6318.0,532.411,104.3365,161.4975,104.3365,92.666,0.1959698428469735,0.30333238794840833,42.0,0.0,252694.0,941300.0,509501.0,0.0,5340.0,15245.0,-4348.0,2025-2026,1703495.0,16237.0,-117.18054277828887,2025,5,May,Tuesday
2025-05-14,21766.583333333332,5876.0,5029.770833333333,3776.5416666666665,5876.0,27804.0,8742.0,522.398,141.024,120.7145,141.024,90.637,0.2699550917116834,0.2310776457796546,43.0,0.0,129620.0,1322577.0,982209.0,0.0,3655.0,12054.0,-12268.0,2025-2026,2434406.0,3441.0,-80.06268340397783,2025,5,May,Wednesday
2025-05-15,23216.270833333332,6685.875,6364.416666666667,3659.5833333333335,6685.875,28173.0,8611.0,557.1905,160.461,152.746,160.461,87.83,0.28798229689845756,0.27413604503307215,44.0,0.0,937.0,1794747.0,677669.0,0.0,695.0,5162.0,-5399.0,2025-2026,2473353.0,458.0,-125.51750324134099,2025,5,May,Thursday
2025-05-16,21503.25,7175.625,4739.333333333333,3493.6666666666665,7175.625,27442.0,9481.0,516.078,172.215,113.744,172.215,83.848,0.33369955704370274,0.2204007921283217,45.0,0.0,186727.0,1620688.0,604048.0,0.0,3409.0,8092.0,-4174.0,2025-2026,2411463.0,7327.0,-144.71681839961667,2025,5,May,Friday
2025-05-17,19794.916666666668,6191.958333333333,4541.125,3185.375,6191.958333333333,25179.0,7641.0,475.078,148.607,108.987,148.607,76.449,0.31280547615338955,0.22940864447522302,46.0,0.0,147813.0,1122411.0,1064764.0,0.0,6991.0,22811.0,-9311.0,2025-2026,2334988.0,20491.0,-114.3554935023091,2025,5,May,Saturday
2025-05-18,19649.5,5062.5,5161.666666666667,3484.6666666666665,5062.5,25732.0,6792.0,471.588,121.5,123.88,121.5,83.632,0.25764014351510217,0.26268692163498647,47.0,0.0,244939.0,528839.0,3728763.0,0.0,13421.0,17852.0,-32821.0,2025-2026,4502541.0,-1548.0,-113.60906127174675,2025,5,May,Sunday
2025-05-19,22981.0,3527.6666666666665,8653.166666666666,3140.4166666666665,3527.6666666666665,27950.0,4954.0,551.544,84.664,207.676,84.664,75.37,0.15350361893158118,0.3765356889024266,48.0,0.0,0.0,1016425.0,153637.0,0.0,0.0,754.0,-1529.0,2025-2026,1170062.0,-775.0,-100.4820143884892,2025,5,May,Monday
2025-05-20,22721.895833333332,2168.7291666666665,9569.1875,3015.25,2168.7291666666665,28461.0,2539.0,545.3255,52.0495,229.6605,52.0495,72.366,0.09544666442335815,0.42114388562427396,49.0,0.0,0.0,1504671.0,157108.0,0.0,0.0,-11476.0,2285.0,2025-2026,1661779.0,-9191.0,68.7562363238512,2025,5,May,Tuesday
2025-05-21,23205.166666666668,5316.833333333333,6889.9375,3294.7083333333335,5316.833333333333,27762.0,7534.0,556.924,127.604,165.3585,127.604,79.073,0.22912282465830167,0.29691394157910234,50.0,0.0,7780.0,1503831.0,560813.0,0.0,1760.0,-6588.0,-4005.0,2025-2026,2072424.0,-8833.0,-140.0282147315855,2025,5,May,Wednesday
2025-05-22,23441.645833333332,5892.958333333333,5689.458333333333,3925.0416666666665,5892.958333333333,28024.0,7080.0,562.5995,141.431,136.547,141.431,94.201,0.2513884210704062,0.24270728999936897,51.0,0.0,73883.0,1590039.0,1331890.0,0.0,6067.0,-7284.0,-7002.0,2025-2026,2995812.0,-8219.0,-190.21565267066552,2025,5,May,Thursday
2025-05-23,22271.5,4452.666666666667,6630.375,3667.2083333333335,4452.666666666667,26576.0,8415.0,534.516,106.864,159.129,106.864,88.013,0.1999266626256277,0.29770671036975505,52.0,0.0,14681.0,1895945.0,365285.0,0.0,376.0,-928.0,-261.0,2025-2026,2275911.0,-813.0,-1399.5593869731802,2025,5,May,Friday
2025-05-24,20681.083333333332,10462.395833333334,2681.875,2245.0833333333335,10462.395833333334,24544.0,12488.0,496.346,251.0975,64.365,251.0975,53.882,0.5058920591684026,0.1296776845184609,53.0,0.0,559180.0,2352975.0,3247870.0,0.0,21880.0,13966.0,-13285.0,2025-2026,6160025.0,22561.0,-244.4764772299586,2025,5,May,Saturday
2025-05-25,16489.958333333332,11712.5625,3018.5625,-3322.3333333333335,11712.5625,21987.0,14164.0,395.759,281.1015,72.4455,281.1015,-79.736,0.7102845418550178,0.18305458625072327,54.0,0.0,645519.0,3007358.0,10799712.0,0.0,23565.0,42817.0,-70926.0,2025-2026,14452589.0,-4544.0,-152.26732086963878,2025,5,May,Sunday
2025-05-26,19029.5,13656.833333333334,3034.9791666666665,-2984.5,13656.833333333334,25271.0,14739.0,456.708,327.764,72.8395,327.764,-71.628,0.7176664301917198,0.15948811932350648,55.0,0.0,474276.0,1015077.0,12262919.0,0.0,19330.0,24058.0,-79039.0,2025-2026,13752272.0,-35651.0,-155.1502296334721,2025,5,May,Monday
2025-05-27,23374.625,9919.020833333334,5370.666666666667,2369.9583333333335,9919.020833333334,28354.0,14149.0,560.991,238.0565,128.896,238.0565,56.879,0.4243499450080304,0.22976482688670583,56.0,0.0,402727.0,1428465.0,7924215.0,0.0,14277.0,-301.0,-52292.0,2025-2026,9755407.0,-38316.0,-151.5378069303144,2025,5,May,Tuesday
2025-05-28,22456.0,5044.791666666667,5247.875,4818.041666666667,5044.791666666667,27387.0,6158.0,538.944,121.075,125.949,121.075,115.633,0.22465228298301868,0.23369589419308873,57.0,0.0,126568.0,1445829.0,3001859.0,0.0,7576.0,-821.0,-17059.0,2025-2026,4574256.0,-10304.0,-175.96922445629872,2025,5,May,Wednesday
2025-05-29,21790.375,12541.5625,2015.2916666666667,729.5,12541.5625,26417.0,15962.0,522.969,300.9975,48.367,300.9975,17.508,0.5755551476282532,0.09248540544468217,58.0,0.0,775385.0,1070516.0,6535288.0,0.0,31556.0,4332.0,-42062.0,2025-2026,8381189.0,-6174.0,-155.37273548571156,2025,5,May,Thursday
2025-05-30,21912.666666666668,7460.833333333333,4679.145833333333,3029.2916666666665,7460.833333333333,26308.0,11328.0,525.904,179.06,112.2995,179.06,72.703,0.3404803918585902,0.21353612066080502,59.0,0.0,861574.0,2212095.0,26144.0,0.0,18946.0,-403.0,-329.0,2025-2026,3099813.0,18214.0,-79.46504559270517,2025,5,May,Friday
2025-05-31,19454.270833333332,6425.0,4223.520833333333,2119.6666666666665,6425.0,23658.0,9497.0,466.9025,154.2,101.3645,154.2,50.872,0.33026167133395085,0.21709992985687593,60.0,0.0,321970.0,1883658.0,6646326.0,0.0,11694.0,6455.0,-45985.0,2025-2026,8851954.0,-27836.0,-144.53247798195065,2025,5,May,Saturday
2025-06-01,18345.916666666668,9975.479166666666,3075.875,-143.66666666666666,9975.479166666666,24292.0,13336.0,440.302,239.4115,73.821,239.4115,-3.448,0.5437438394556463,0.16765992432466806,61.0,0.0,1295409.0,2576007.0,6255974.0,0.0,25372.0,8783.0,-56446.0,2025-2026,10127390.0,-22291.0,-110.83113063813202,2025,6,June,Sunday
2025-06-02,21219.458333333332,7868.854166666667,4478.583333333333,2822.0,7868.854166666667,26006.0,12546.0,509.267,188.8525,107.486,188.8525,67.728,0.3708319997172406,0.21106021006662518,62.0,0.0,41660.0,1110763.0,11614312.0,0.0,9461.0,5561.0,-81288.0,2025-2026,12766735.0,-66266.0,-142.878555260309,2025,6,June,Monday
2025-06-03,21332.916666666668,13676.4375,4047.6666666666665,-1607.875,13676.4375,26129.0,16156.0,511.99,328.2345,97.144,328.2345,-38.589,0.6410955292095549,0.18973808082189106,63.0,0.0,223115.0,587401.0,15189974.0,0.0,10417.0,8611.0,-109943.0,2025-2026,16000490.0,-90915.0,-138.16226590142165,2025,6,June,Tuesday
2025-06-04,21337.958333333332,10161.229166666666,5547.583333333333,501.0833333333333,10161.229166666666,26642.0,11364.0,512.111,243.8695,133.142,243.8695,12.026,0.47620437756658224,0.25998660446660976,64.0,0.0,21964.0,628570.0,15917029.0,0.0,2222.0,-2155.0,-107839.0,2025-2026,16567563.0,-107772.0,-147.59993137918565,2025,6,June,Wednesday
2025-06-05,24519.291666666668,8623.916666666666,5238.395833333333,3414.5416666666665,8623.916666666666,29058.0,10719.0,588.463,206.974,125.7215,206.974,81.949,0.3517196493237468,0.21364384846625872,65.0,0.0,66130.0,1617856.0,5764329.0,0.0,9353.0,-6047.0,-39738.0,2025-2026,7448315.0,-36432.0,-145.0583572399215,2025,6,June,Thursday
2025-06-06,22186.8125,5430.3125,4829.583333333333,4850.791666666667,5430.3125,26158.0,7969.0,532.4835,130.3275,115.91,130.3275,116.419,0.24475406280194592,0.21767810645775876,66.0,0.0,94471.0,1905020.0,312945.0,0.0,4583.0,-6403.0,-3779.0,2025-2026,2312436.0,-5599.0,-82.81159036782218,2025,6,June,Friday
2025-06-07,21690.458333333332,3470.0416666666665,6035.583333333333,5380.625,3470.0416666666665,25618.0,6606.0,520.571,83.281,144.854,83.281,129.135,0.15998009877615157,0.2782598339131454,67.0,0.0,6577.0,2075967.0,117919.0,0.0,1218.0,-4560.0,-1483.0,2025-2026,2200463.0,-4825.0,-79.51382333108563,2025,6,June,Saturday
2025-06-08,19686.020833333332,7650.479166666667,3782.7291666666665,3230.1666666666665,7650.479166666667,25786.0,10888.0,472.4645,183.6115,90.7855,183.6115,77.524,0.38862496547359643,0.19215306123528858,68.0,0.0,1016390.0,3207143.0,12554.0,0.0,19883.0,8046.0,-185.0,2025-2026,4236087.0,27744.0,-67.85945945945946,2025,6,June,Sunday
2025-06-09,23289.625,6267.520833333333,6093.333333333333,4756.5,6267.520833333333,28133.0,10687.0,558.951,150.4205,146.24,150.4205,114.156,0.26911214042017995,0.2616329517256432,69.0,0.0,168795.0,1895412.0,352306.0,0.0,6788.0,1182.0,-2204.0,2025-2026,2416513.0,5766.0,-159.84845735027224,2025,6,June,Monday
2025-06-10,22392.958333333332,7655.6875,5462.520833333333,2833.9166666666665,7655.6875,28068.0,12813.0,537.431,183.7365,131.1005,183.7365,68.014,0.3418792365903716,0.24393922196523832,70.0,0.0,274364.0,1716435.0,51637.0,0.0,7949.0,-3057.0,-440.0,2025-2026,2042436.0,4452.0,-117.35681818181818,2025,6,June,Tuesday
2025-06-11,22349.833333333332,4418.354166666667,7669.666666666667,3853.75,4418.354166666667,26792.0,9521.0,536.396,106.0405,184.072,106.0405,92.49,0.19769069866292813,0.3431643785561414,71.0,0.0,166.0,1336325.0,1824803.0,0.0,417.0,-5923.0,-12445.0,2025-2026,3161294.0,-17951.0,-146.62940940136602,2025,6,June,Wednesday
2025-06-12,23346.270833333332,11459.458333333334,5046.791666666667,2007.875,11459.458333333334,26999.0,14001.0,560.3105,275.027,121.123,275.027,48.189,0.49084748545672435,0.2161712122118004,72.0,0.0,261970.0,1362227.0,13641119.0,0.0,18023.0,-3057.0,-91303.0,2025-2026,15265316.0,-76337.0,-149.40493740621886,2025,6,June,Thursday
2025-06-13,22273.4375,5274.291666666667,6795.041666666667,4497.958333333333,5274.291666666667,27902.0,6444.0,534.5625,126.583,163.081,126.583,107.951,0.23679738103589384,0.30507377528352625,73.0,0.0,1127.0,966442.0,11697309.0,0.0,147.0,681.0,-82579.0,2025-2026,12664878.0,-81751.0,-141.64992310393683,2025,6,June,Friday
2025-06-14,19941.604166666668,6670.229166666667,3441.3333333333335,3671.0833333333335,6670.229166666667,24011.0,10045.0,478.5985,160.0855,82.592,160.0855,88.106,0.33448809388245054,0.17257053668158173,74.0,0.0,196772.0,2902645.0,529839.0,0.0,6924.0,17624.0,-6445.0,2025-2026,3629256.0,18103.0,-82.20930954228083,2025,6,June,Saturday
2025-06-15,19025.020833333332,5790.145833333333,4010.5833333333335,3447.375,5790.145833333333,24767.0,7401.0,456.6005,138.9635,96.254,138.9635,82.737,0.3043437315552655,0.21080572623113641,75.0,0.0,506589.0,3484546.0,4502145.0,0.0,12396.0,19499.0,-26174.0,2025-2026,8493280.0,5721.0,-172.00829067013066,2025,6,June,Sunday
2025-06-16,22162.875,6270.4375,5002.166666666667,3996.4583333333335,6270.4375,27542.0,9492.0,531.909,150.4905,120.052,150.4905,95.915,0.28292527481204494,0.22570026075888922,76.0,0.0,64244.0,1470129.0,6204220.0,0.0,3951.0,2956.0,-39153.0,2025-2026,7738593.0,-32246.0,-158.46090976425816,2025,6,June,Monday
2025-06-17,22216.416666666668,6769.708333333333,5578.3125,2350.0416666666665,6769.708333333333,27816.0,9530.0,533.194,162.473,133.8795,162.473,56.401,0.3047164821809698,0.25108965967358976,77.0,0.0,120819.0,952078.0,7608640.0,0.0,6246.0,2685.0,-49649.0,2025-2026,8681537.0,-40718.0,-153.24860520856413,2025,6,June,Tuesday
2025-06-18,23103.291666666668,3447.3541666666665,7986.208333333333,3530.8333333333335,3447.3541666666665,28888.0,5181.0,554.479,82.7365,191.669,82.7365,84.74,0.14921484853348818,0.34567404716860334,78.0,0.0,0.0,891065.0,3784526.0,0.0,0.0,-6150.0,-23839.0,2025-2026,4675591.0,-29989.0,-158.7535550987877,2025,6,June,Wednesday
2025-06-19,23468.166666666668,2506.6875,8638.479166666666,4444.291666666667,2506.6875,29653.0,6425.0,563.236,60.1605,207.3235,60.1605,106.663,0.10681224211520571,0.3680934812405457,79.0,0.0,0.0,1164333.0,462441.0,0.0,0.0,-2292.0,-3206.0,2025-2026,1626774.0,-5498.0,-144.24235807860262,2025,6,June,Thursday
2025-06-20,23660.0,5374.395833333333,6803.729166666667,3569.2083333333335,5374.395833333333,28005.0,7049.0,567.84,128.9855,163.2895,128.9855,85.661,0.22715113412228796,0.28756251761059454,80.0,0.0,0.0,367742.0,585707.0,0.0,0.0,2530.0,-4280.0,2025-2026,953449.0,-1750.0,-136.84742990654206,2025,6,June,Friday
2025-06-21,21980.791666666668,6828.958333333333,4541.708333333333,3552.2916666666665,6828.958333333333,25716.0,9866.0,527.539,163.895,109.001,163.895,85.255,0.3106784522092206,0.20662169052904147,81.0,0.0,430093.0,650445.0,3640353.0,0.0,20091.0,8892.0,-22932.0,2025-2026,4720891.0,6051.0,-158.74555206698065,2025,6,June,Saturday
2025-06-22,19399.8125,10715.375,3019.8125,75.66666666666667,10715.375,23920.0,13853.0,465.5955,257.169,72.4755,257.169,1.816,0.5523442559045351,0.1556619426089814,82.0,0.0,2035285.0,2065839.0,5715414.0,0.0,23501.0,16110.0,-50791.0,2025-2026,9816538.0,-11180.0,-112.52808568447166,2025,6,June,Sunday
2025-06-23,20500.5625,12564.458333333334,3547.75,-1102.0,12564.458333333334,25418.0,15077.0,492.0135,301.547,85.146,301.547,-26.448,0.6128835895763023,0.17305622711571939,83.0,0.0,484933.0,97369.0,14332974.0,0.0,27547.0,10684.0,-97021.0,2025-2026,14915276.0,-58790.0,-147.73063563558404,2025,6,June,Monday
2025-06-24,23114.875,11056.958333333334,2970.25,2732.6666666666665,11056.958333333334,28093.0,13464.0,554.757,265.367,71.286,265.367,65.584,0.4783481776705838,0.12849950518875833,84.0,0.0,596153.0,387967.0,3344017.0,0.0,21410.0,6929.0,-19617.0,2025-2026,4328137.0,8722.0,-170.46525972370904,2025,6,June,Tuesday
2025-06-25,24641.708333333332,3668.1875,10258.9375,2751.5416666666665,3668.1875,29486.0,6613.0,591.401,88.0365,246.2145,88.0365,66.037,0.14886092515907146,0.41632411849151424,85.0,0.0,0.0,229360.0,2130107.0,0.0,0.0,4500.0,-5281.0,2025-2026,2359467.0,-781.0,-403.35296345389133,2025,6,June,Wednesday
2025-06-26,22341.208333333332,9649.166666666666,4896.020833333333,1354.4583333333333,9649.166666666666,26963.0,13900.0,536.189,231.58,117.5045,231.58,32.507,0.4318999457280922,0.21914753939375856,86.0,0.0,0.0,514639.0,5131483.0,0.0,0.0,11146.0,-44309.0,2025-2026,5646122.0,-33163.0,-115.8113024441987,2025,6,June,Thursday
2025-06-27,21319.604166666668,9909.333333333334,3994.6458333333335,1362.0416666666667,9909.333333333334,24846.0,12793.0,511.6705,237.824,95.8715,237.824,32.689,0.46479912365477394,0.1873696060257529,87.0,0.0,17928.0,325974.0,14655664.0,0.0,3711.0,7426.0,-62508.0,2025-2026,14999566.0,-51371.0,-234.46061304153068,2025,6,June,Friday
2025-06-28,19629.395833333332,11498.6875,4004.5833333333335,-1642.5416666666667,11498.6875,24817.0,12965.0,471.1055,275.9685,96.11,275.9685,-39.421,0.585789170366298,0.20400950530189096,88.0,0.0,5871.0,372756.0,15498648.0,0.0,392.0,16213.0,-88068.0,2025-2026,15877275.0,-71463.0,-175.98501158195938,2025,6,June,Saturday
2025-06-29,21380.1875,4474.729166666667,5376.791666666667,5332.75,4474.729166666667,26524.0,9094.0,513.1245,107.3935,129.043,107.3935,127.986,0.20929326118709982,0.25148477611184034,89.0,0.0,429537.0,392698.0,7395366.0,0.0,15022.0,11237.0,-48021.0,2025-2026,8217601.0,-21762.0,-154.00274879740113,2025,6,June,Sunday
2025-06-30,23729.4375,6355.833333333333,8618.916666666666,1571.5,6355.833333333333,29255.0,7780.0,569.5065,152.54,206.854,152.54,37.716,0.2678459332773199,0.3632162231686557,90.0,0.0,0.0,364571.0,12528937.0,0.0,0.0,2318.0,-16409.0,2025-2026,12893508.0,-14091.0,-763.5405570113962,2025,6,June,Monday
2025-07-01,25877.25,3795.0625,12231.0,1924.25,3795.0625,29215.0,7549.0,621.054,91.0815,293.544,91.0815,46.182,0.14665632940130813,0.4726545517781062,91.0,0.0,0.0,206037.0,2936673.0,0.0,0.0,3589.0,5039.0,2025-2026,3142710.0,8628.0,582.7888469934511,2025,7,July,Tuesday
2025-07-02,24090.208333333332,3667.875,10473.5625,1993.0416666666667,3667.875,28904.0,7809.0,578.165,88.029,251.3655,88.029,47.833,0.15225584391998825,0.4347642973891536,92.0,0.0,14332.0,212517.0,104275.0,0.0,1192.0,2781.0,1312.0,2025-2026,331124.0,5285.0,79.47789634146342,2025,7,July,Wednesday
2025-07-03,22125.5,5094.708333333333,5564.166666666667,3437.5,5094.708333333333,26445.0,6531.0,531.012,122.273,133.54,122.273,82.5,0.2302640994930435,0.251482075734635,93.0,0.0,32149.0,334287.0,6225043.0,0.0,2493.0,10295.0,-25709.0,2025-2026,6591479.0,-12921.0,-242.1347777043059,2025,7,July,Thursday
2025-07-04,20533.833333333332,8818.604166666666,4047.1458333333335,645.8333333333334,8818.604166666666,23721.0,13274.0,492.812,211.6465,97.1315,211.6465,15.5,0.42946701784859137,0.1970964586901293,94.0,0.0,56721.0,207036.0,19449123.0,0.0,2109.0,9774.0,-110726.0,2025-2026,19712880.0,-98843.0,-175.6509130646822,2025,7,July,Friday
2025-07-05,19782.833333333332,11406.166666666666,3473.8125,-152.20833333333334,11406.166666666666,23945.0,13313.0,474.788,273.748,83.3715,273.748,-3.653,0.5765689107559584,0.17559731922458022,95.0,0.0,642552.0,286815.0,11182526.0,0.0,20061.0,5590.0,-69510.0,2025-2026,12111893.0,-43859.0,-160.87650697741333,2025,7,July,Saturday
2025-07-06,20951.645833333332,4757.208333333333,5912.583333333333,4610.208333333333,4757.208333333333,25506.0,7717.0,502.8395,114.173,141.902,114.173,110.645,0.22705654587597038,0.28220137837222414,96.0,0.0,652463.0,597678.0,793637.0,0.0,15443.0,5894.0,-5915.0,2025-2026,2043778.0,15422.0,-134.17362637362638,2025,7,July,Sunday
2025-07-07,21308.541666666668,9548.0625,4076.75,2106.25,9548.0625,25510.0,13384.0,511.405,229.1535,97.842,229.1535,50.55,0.4480861548088111,0.19131999100517202,97.0,0.0,291801.0,610514.0,7735653.0,0.0,10282.0,11634.0,-52434.0,2025-2026,8637968.0,-30518.0,-147.53123927222794,2025,7,July,Monday
2025-07-08,21806.0,6056.104166666667,4844.666666666667,4023.1666666666665,6056.104166666667,27391.0,9800.0,523.344,145.3465,116.272,145.3465,96.556,0.2777265049374789,0.22217126784677,98.0,0.0,72785.0,443535.0,1652381.0,0.0,6516.0,7259.0,-8302.0,2025-2026,2168701.0,5473.0,-199.03408817152493,2025,7,July,Tuesday
2025-07-09,23276.4375,2897.4791666666665,9049.666666666666,4520.208333333333,2897.4791666666665,28124.0,3766.0,558.6345,69.5395,217.192,69.5395,108.485,0.12448121267125464,0.38879088205257645,99.0,0.0,0.0,210802.0,912940.0,0.0,0.0,2358.0,-7884.0,2025-2026,1123742.0,-5526.0,-115.79654997463217,2025,7,July,Wednesday
2025-07-10,23707.729166666668,2382.625,9502.395833333334,4199.708333333333,2382.625,29072.0,3036.0,568.9855,57.183,228.0575,57.183,100.793,0.10049992486627515,0.40081425625081835,100.0,0.0,0.0,96954.0,3328789.0,0.0,0.0,1420.0,-31628.0,2025-2026,3425743.0,-30208.0,-105.24816618186416,2025,7,July,Thursday
2025-07-11,23682.3125,1480.2291666666667,9622.895833333334,5194.666666666667,1480.2291666666667,28015.0,2803.0,568.3755,35.5255,230.9495,35.5255,124.672,0.06250357378176927,0.40633260934012816,101.0,0.0,0.0,66458.0,1345911.0,0.0,0.0,2160.0,-13091.0,2025-2026,1412369.0,-10931.0,-102.8119318615843,2025,7,July,Friday
2025-07-12,20621.083333333332,2411.1041666666665,6086.208333333333,5078.833333333333,2411.1041666666665,25421.0,5188.0,494.906,57.8665,146.069,57.8665,121.892,0.1169242239940514,0.2951449366142257,102.0,0.0,40538.0,382336.0,575353.0,0.0,-84.0,10402.0,-4176.0,2025-2026,998227.0,6142.0,-137.77610153256705,2025,7,July,Saturday
2025-07-13,20570.291666666668,3133.9375,5407.708333333333,4729.625,3133.9375,26712.0,5252.0,493.687,75.2145,129.785,75.2145,113.511,0.152352603977824,0.262889239538412,103.0,0.0,158687.0,417482.0,733250.0,0.0,4428.0,5816.0,-6167.0,2025-2026,1309419.0,4077.0,-118.89897843359819,2025,7,July,Sunday
2025-07-14,22789.625,8121.5,4930.375,3143.125,8121.5,26829.0,11793.0,546.951,194.916,118.329,194.916,75.435,0.35636830355918536,0.21634296308078785,104.0,0.0,951.0,289844.0,5518588.0,0.0,115.0,7850.0,-39344.0,2025-2026,5809383.0,-31379.0,-140.26504676697846,2025,7,July,Monday
2025-07-15,22986.416666666668,8172.270833333333,3515.3333333333335,4299.958333333333,8172.270833333333,27578.0,10866.0,551.674,196.1345,84.368,196.1345,103.199,0.3555260896834,0.15293089759531897,105.0,0.0,62461.0,613351.0,1528842.0,0.0,2338.0,15709.0,-16150.0,2025-2026,2204654.0,1897.0,-94.66513931888545,2025,7,July,Tuesday
2025-07-16,23539.3125,3216.1041666666665,8078.041666666667,4908.375,3216.1041666666665,28615.0,8575.0,564.9435,77.1865,193.873,77.1865,117.801,0.13662693702998618,0.3431723703343786,106.0,0.0,0.0,333465.0,662173.0,0.0,0.0,5638.0,-4345.0,2025-2026,995638.0,1293.0,-152.3988492520138,2025,7,July,Wednesday
2025-07-17,25221.895833333332,2798.0208333333335,10126.770833333334,5066.958333333333,2798.0208333333335,29388.0,5813.0,605.3255,67.1525,243.0425,67.1525,121.607,0.11093618226887848,0.4015071230271977,107.0,0.0,0.0,88327.0,2524705.0,0.0,0.0,4127.0,-19840.0,2025-2026,2613032.0,-15713.0,-127.25327620967742,2025,7,July,Thursday
2025-07-18,23997.020833333332,4191.395833333333,9435.0625,3344.875,4191.395833333333,27974.0,5138.0,575.9285,100.5935,226.4415,100.5935,80.277,0.1746631743350086,0.3931764099189396,108.0,0.0,0.0,46400.0,2122645.0,0.0,0.0,2307.0,-21037.0,2025-2026,2169045.0,-18730.0,-100.90055616295099,2025,7,July,Friday
2025-07-19,23066.416666666668,4364.854166666667,8192.541666666666,4763.791666666667,4364.854166666667,26120.0,6902.0,553.594,104.7565,196.621,104.7565,114.331,0.1892298326932734,0.3551718407352681,109.0,0.0,0.0,117725.0,2239275.0,0.0,0.0,3293.0,-17616.0,2025-2026,2357000.0,-14323.0,-127.11597411444141,2025,7,July,Saturday
2025-07-20,21403.9375,4236.104166666667,5994.708333333333,5442.625,4236.104166666667,25695.0,5591.0,513.6945,101.6665,143.873,101.6665,130.623,0.19791237788218485,0.2800750251365354,110.0,0.0,102998.0,1039613.0,2625901.0,0.0,7969.0,14515.0,-18994.0,2025-2026,3768512.0,3490.0,-138.24897336000842,2025,7,July,Sunday
2025-07-21,23819.979166666668,2593.8333333333335,9166.229166666666,5506.041666666667,2593.8333333333335,28724.0,4920.0,571.6795,62.252,219.9895,62.252,132.145,0.10889318228133073,0.38481264414763866,111.0,0.0,0.0,475965.0,1462192.0,0.0,0.0,10366.0,-16452.0,2025-2026,1938157.0,-6086.0,-88.87624604911257,2025,7,July,Monday
2025-07-22,24065.395833333332,3883.6666666666665,9210.4375,5013.291666666667,3883.6666666666665,28700.0,4834.0,577.5695,93.208,221.0505,93.208,120.319,0.16137971274452687,0.3827253689815685,112.0,0.0,0.0,78032.0,1145460.0,0.0,0.0,2531.0,-13005.0,2025-2026,1223492.0,-10474.0,-88.07843137254902,2025,7,July,Tuesday
2025-07-23,23718.458333333332,2858.6875,8379.270833333334,5612.458333333333,2858.6875,27741.0,4509.0,569.243,68.6085,201.1025,68.6085,134.699,0.12052585626876396,0.35328058491716186,113.0,0.0,0.0,218382.0,94478.0,0.0,0.0,2309.0,-1386.0,2025-2026,312860.0,923.0,-68.16594516594516,2025,7,July,Wednesday
2025-07-24,24082.041666666668,5214.354166666667,8641.604166666666,3494.5,5214.354166666667,28168.0,7043.0,577.969,125.1445,207.3985,125.1445,83.868,0.2165245886890127,0.3588401800096545,114.0,0.0,0.0,189430.0,232485.0,0.0,0.0,1974.0,574.0,2025-2026,421915.0,2548.0,405.02613240418117,2025,7,July,Thursday
2025-07-25,22127.458333333332,3367.6666666666665,8486.25,3418.375,3367.6666666666665,26733.0,4450.0,531.059,80.824,203.67,80.824,82.041,0.15219401234137828,0.38351670906622426,115.0,0.0,16170.0,100228.0,1086561.0,0.0,27.0,2511.0,-13747.0,2025-2026,1202959.0,-11209.0,-79.03986324288935,2025,7,July,Friday
2025-07-26,21113.395833333332,3374.7291666666665,6202.6875,5205.125,3374.7291666666665,24266.0,4939.0,506.7215,80.9935,148.8645,80.9935,124.923,0.15983829381622844,0.2937797192343328,116.0,0.0,0.0,328846.0,1033592.0,0.0,0.0,4964.0,-16812.0,2025-2026,1362438.0,-11848.0,-61.47941946228884,2025,7,July,Saturday
2025-07-27,20157.125,3880.4791666666665,6028.583333333333,5115.583333333333,3880.4791666666665,24685.0,4709.0,483.771,93.1315,144.686,93.1315,122.774,0.19251153955073785,0.2990795231628188,117.0,0.0,133709.0,594578.0,7473882.0,0.0,18989.0,25260.0,-58243.0,2025-2026,8202169.0,-13994.0,-128.3224078430026,2025,7,July,Sunday
2025-07-28,22273.5,3635.9166666666665,6610.645833333333,5737.041666666667,3635.9166666666665,27453.0,5959.0,534.564,87.262,158.6555,87.262,137.689,0.16323957468142264,0.29679420986074634,118.0,0.0,0.0,660203.0,993114.0,0.0,0.0,9421.0,-11137.0,2025-2026,1653317.0,-1716.0,-89.17248810272066,2025,7,July,Monday
2025-07-29,23947.0625,938.8541666666666,9803.916666666666,6303.291666666667,938.8541666666666,27895.0,1993.0,574.7295,22.5325,235.294,22.5325,151.279,0.0392054001056149,0.40939955231113073,119.0,0.0,0.0,491703.0,226991.0,0.0,0.0,4535.0,-1335.0,2025-2026,718694.0,3200.0,-170.0307116104869,2025,7,July,Tuesday
2025-07-30,23113.395833333332,2769.4583333333335,8329.916666666666,4973.833333333333,2769.4583333333335,27086.0,4548.0,554.7215,66.467,199.918,66.467,119.372,0.11982048649637701,0.36039345869954564,120.0,0.0,0.0,559431.0,267468.0,0.0,0.0,4511.0,-3330.0,2025-2026,826899.0,1181.0,-80.32072072072071,2025,7,July,Wednesday
2025-07-31,23061.145833333332,5239.416666666667,6580.416666666667,4354.416666666667,5239.416666666667,26792.0,6300.0,553.4675,125.746,157.93,125.746,104.506,0.22719671886786488,0.2853464747252549,121.0,0.0,4497.0,666199.0,3948198.0,0.0,705.0,8186.0,-39222.0,2025-2026,4618894.0,-30331.0,-100.66284228239253,2025,7,July,Thursday
2025-08-01,22303.9375,8640.708333333334,3739.2916666666665,3572.5833333333335,8640.708333333334,25925.0,10103.0,535.2945,207.377,89.743,207.377,85.742,0.3874073056980784,0.1676516384905879,122.0,0.0,111064.0,334941.0,4115307.0,0.0,11744.0,12738.0,-38573.0,2025-2026,4561312.0,-14091.0,-106.68879786379074,2025,8,August,Friday
2025-08-02,20059.708333333332,5739.041666666667,3223.3958333333335,5159.25,5739.041666666667,24083.0,9116.0,481.433,137.737,77.3615,137.737,123.822,0.2860979617101445,0.1606900648688395,123.0,0.0,1068398.0,1244848.0,418720.0,0.0,18942.0,14306.0,-6728.0,2025-2026,2731966.0,26520.0,-62.235434007134366,2025,8,August,Saturday
2025-08-03,19797.3125,6264.229166666667,3824.3333333333335,5297.708333333333,6264.229166666667,24766.0,8932.0,475.1355,150.3415,91.784,150.3415,127.145,0.3164181586094914,0.19317436815392663,124.0,0.0,1780077.0,2420014.0,1447015.0,0.0,21765.0,19973.0,-19499.0,2025-2026,5647106.0,22239.0,-74.20970306169548,2025,8,August,Sunday
2025-08-04,21819.916666666668,10746.145833333334,4521.5,2180.7916666666665,10746.145833333334,25065.0,15243.0,523.678,257.9075,108.516,257.9075,52.339,0.4924925240319433,0.20721893988290516,125.0,0.0,467453.0,1026399.0,14358579.0,0.0,13267.0,22202.0,-94710.0,2025-2026,15852431.0,-59241.0,-151.60573329109914,2025,8,August,Monday
2025-08-05,19945.083333333332,11736.833333333334,4429.666666666667,-375.5416666666667,11736.833333333334,25725.0,14766.0,478.682,281.684,106.312,281.684,-9.013,0.5884574728107596,0.2220931641465524,126.0,0.0,642941.0,397841.0,18350279.0,0.0,28737.0,21299.0,-105473.0,2025-2026,19391061.0,-55437.0,-173.98081973585656,2025,8,August,Tuesday
2025-08-06,21666.458333333332,6659.875,4601.729166666667,4899.541666666667,6659.875,27847.0,10687.0,519.995,159.837,110.4415,159.837,117.589,0.3073818017480937,0.21238954220713663,127.0,0.0,47122.0,95345.0,11035183.0,0.0,24745.0,13854.0,-68627.0,2025-2026,11177650.0,-30028.0,-160.79943753916098,2025,8,August,Wednesday
2025-08-07,22073.020833333332,10056.916666666666,4965.8125,2186.5,10056.916666666666,26602.0,11557.0,529.7525,241.366,119.1795,241.366,52.476,0.4556203132594938,0.22497203882945335,128.0,0.0,58915.0,345404.0,15300629.0,0.0,24848.0,14237.0,-102870.0,2025-2026,15704948.0,-63785.0,-148.73752308739185,2025,8,August,Thursday
2025-08-08,20700.0625,8016.604166666667,5001.0625,2712.5833333333335,8016.604166666667,25482.0,9136.0,496.8015,192.3985,120.0255,192.3985,65.102,0.38727439430033933,0.24159649276421266,129.0,0.0,15725.0,134131.0,17478276.0,0.0,19918.0,18133.0,-104373.0,2025-2026,17628132.0,-66322.0,-167.45974533643758,2025,8,August,Friday
2025-08-09,18182.958333333332,8644.375,4271.125,1022.6666666666666,8644.375,23859.0,10632.0,436.391,207.465,102.507,207.465,24.544,0.4754108127802819,0.23489714499153283,130.0,0.0,486938.0,575313.0,15525055.0,0.0,51106.0,15485.0,-105847.0,2025-2026,16587306.0,-39256.0,-146.6744924277495,2025,8,August,Saturday
2025-08-10,19173.9375,4243.458333333333,4802.708333333333,5700.541666666667,4243.458333333333,25962.0,6564.0,460.1745,101.843,115.265,101.843,136.813,0.22131387115105247,0.2504810675080866,131.0,0.0,857603.0,680641.0,5040686.0,0.0,29147.0,15560.0,-46445.0,2025-2026,6578930.0,-1738.0,-108.53021853805576,2025,8,August,Sunday
2025-08-11,23677.166666666668,4049.6458333333335,9378.5,4465.833333333333,4049.6458333333335,29691.0,7012.0,568.252,97.1915,225.084,97.1915,107.18,0.1710359136439467,0.3960989138621598,132.0,0.0,0.0,146461.0,3767857.0,0.0,0.0,6904.0,-25383.0,2025-2026,3914318.0,-18479.0,-148.44017649608006,2025,8,August,Monday
2025-08-12,24057.229166666668,2513.7291666666665,11132.416666666666,4396.333333333333,2513.7291666666665,29694.0,4182.0,577.3735,60.3295,267.178,60.3295,105.512,0.10448955485487298,0.46274725112946813,133.0,0.0,0.0,160007.0,1641602.0,0.0,0.0,5130.0,-4464.0,2025-2026,1801609.0,666.0,-367.7423835125448,2025,8,August,Tuesday
2025-08-13,24926.8125,2874.375,12345.958333333334,3811.6666666666665,2874.375,29362.0,6731.0,598.2435,68.985,296.303,68.985,91.48,0.11531257757083863,0.49528828980172784,134.0,0.0,0.0,134009.0,909012.0,0.0,0.0,3928.0,-1442.0,2025-2026,1043021.0,2486.0,-630.382801664355,2025,8,August,Wednesday
2025-08-14,24523.8125,4104.8125,10890.25,3578.625,4104.8125,28398.0,6186.0,588.5715,98.5155,261.366,98.5155,85.887,0.1673806835703054,0.4440683927101465,135.0,0.0,0.0,83190.0,1247662.0,0.0,0.0,2018.0,-8639.0,2025-2026,1330852.0,-6621.0,-144.42203958791526,2025,8,August,Thursday
2025-08-15,23230.770833333332,3756.1041666666665,8348.5625,5223.791666666667,3756.1041666666665,28186.0,4451.0,557.5385,90.1465,200.3655,90.1465,125.371,0.16168659204700664,0.35937518216230807,136.0,0.0,0.0,12539.0,2010211.0,0.0,0.0,272.0,-27760.0,2025-2026,2022750.0,-27488.0,-72.4139409221902,2025,8,August,Friday
2025-08-16,21347.104166666668,3044.5,6249.854166666667,6698.791666666667,3044.5,25239.0,4130.0,512.3305,73.068,149.9965,73.068,160.771,0.14261887590139566,0.2927729268509292,137.0,0.0,7160.0,96382.0,380928.0,0.0,796.0,7230.0,-10678.0,2025-2026,484470.0,-2652.0,-35.674096272710244,2025,8,August,Saturday
2025-08-17,19136.458333333332,2340.875,5437.083333333333,5889.333333333333,2340.875,25310.0,4148.0,459.275,56.181,130.49,56.181,141.344,0.12232540416961515,0.284121713570301,138.0,0.0,549973.0,765255.0,239434.0,0.0,11851.0,13254.0,-8300.0,2025-2026,1554662.0,16805.0,-28.847469879518073,2025,8,August,Sunday
2025-08-18,24208.604166666668,2452.125,11386.8125,3970.7083333333335,2452.125,28767.0,3458.0,581.0065,58.851,273.2835,58.851,95.297,0.10129146575812836,0.47036220765172165,139.0,0.0,516.0,41825.0,310585.0,0.0,64.0,615.0,-114.0,2025-2026,352926.0,565.0,-2724.4298245614036,2025,8,August,Monday
2025-08-19,24162.520833333332,5746.6875,9118.333333333334,3284.0833333333335,5746.6875,28287.0,9776.0,579.9005,137.9205,218.84,137.9205,78.818,0.23783476648149124,0.37737508417392296,140.0,0.0,0.0,181992.0,474093.0,0.0,0.0,6969.0,-6983.0,2025-2026,656085.0,-14.0,-67.89245310038665,2025,8,August,Tuesday
2025-08-20,23815.0625,6849.875,8528.770833333334,2760.4583333333335,6849.875,28374.0,9730.0,571.5615,164.397,204.6905,164.397,66.251,0.28762784057358654,0.3581250661564853,141.0,0.0,0.0,593573.0,2909924.0,0.0,0.0,9230.0,-32429.0,2025-2026,3503497.0,-23199.0,-89.73215331955966,2025,8,August,Wednesday
2025-08-21,23677.3125,4638.854166666667,8980.625,4577.916666666667,4638.854166666667,28270.0,6320.0,568.2555,111.3325,215.535,111.3325,109.87,0.19591979312122804,0.3792924133598355,142.0,0.0,0.0,186264.0,726413.0,0.0,0.0,6521.0,-5629.0,2025-2026,912677.0,892.0,-129.04832119381774,2025,8,August,Thursday
2025-08-22,22933.0625,1756.4583333333333,9547.0625,5582.625,1756.4583333333333,27108.0,2578.0,550.3935,42.155,229.1295,42.155,133.983,0.07659065741147016,0.41630124629015425,143.0,0.0,0.0,168791.0,15692.0,0.0,0.0,4320.0,569.0,2025-2026,184483.0,4889.0,27.578207381370827,2025,8,August,Friday
2025-08-23,21437.708333333332,1042.2916666666667,8477.5,5789.208333333333,1042.2916666666667,25369.0,1416.0,514.505,25.015,203.46,25.015,138.941,0.048619546943178396,0.39544805201115635,144.0,0.0,0.0,369194.0,0.0,0.0,0.0,8693.0,0.0,2025-2026,369194.0,8693.0,,2025,8,August,Saturday
2025-08-24,20158.854166666668,1138.3333333333333,7133.958333333333,6769.625,1138.3333333333333,25157.0,2027.0,483.8125,27.32,171.215,27.32,162.471,0.056468156568918744,0.3538870946906085,145.0,0.0,0.0,594413.0,0.0,0.0,0.0,9853.0,0.0,2025-2026,594413.0,9853.0,,2025,8,August,Sunday
2025-08-25,18964.416666666668,6197.041666666667,5486.708333333333,3030.7083333333335,6197.041666666667,25510.0,11036.0,455.146,148.729,131.681,148.729,72.737,0.3267720687427771,0.2893159557592509,146.0,0.0,136955.0,984910.0,4783489.0,0.0,10158.0,21141.0,-20553.0,2025-2026,5905354.0,10746.0,-232.73921082080474,2025,8,August,Monday
2025-08-26,22529.791666666668,8197.895833333334,6229.6875,3217.0833333333335,8197.895833333334,27621.0,12439.0,540.715,196.7495,149.5125,196.7495,77.21,0.36386913623627976,0.27650888175841243,147.0,0.0,58606.0,418414.0,2824536.0,0.0,8619.0,17402.0,-16746.0,2025-2026,3301556.0,9275.0,-168.66929415979936,2025,8,August,Tuesday
2025-08-27,23179.375,7855.145833333333,6914.0,2609.7916666666665,7855.145833333333,27672.0,11529.0,556.305,188.5235,165.936,188.5235,62.635,0.33888514394082386,0.2982824170194408,148.0,0.0,0.0,93661.0,1931816.0,0.0,0.0,3091.0,-13917.0,2025-2026,2025477.0,-10826.0,-138.8098009628512,2025,8,August,Wednesday
2025-08-28,22775.291666666668,7448.416666666667,6963.5625,2185.875,7448.416666666667,27704.0,11255.0,546.607,178.762,167.1255,178.762,52.461,0.3270393536855547,0.3057507496245017,149.0,0.0,0.0,111640.0,3629251.0,0.0,0.0,6003.0,-25806.0,2025-2026,3740891.0,-19803.0,-140.63593737890412,2025,8,August,Thursday
2025-08-29,22899.291666666668,6607.895833333333,6510.375,4037.2916666666665,6607.895833333333,26560.0,9948.0,549.583,158.5895,156.249,158.5895,96.895,0.2885633289239296,0.28430464552215046,150.0,0.0,0.0,857352.0,889224.0,0.0,0.0,14859.0,-8828.0,2025-2026,1746576.0,6031.0,-100.72768463978251,2025,8,August,Friday
2025-08-30,20525.1875,9134.020833333334,3648.5208333333335,2576.5416666666665,9134.020833333334,24508.0,15660.0,492.6045,219.2165,87.5645,219.2165,61.837,0.44501522012080685,0.17775822185952422,151.0,0.0,631263.0,1967382.0,4341694.0,0.0,10028.0,23306.0,-35610.0,2025-2026,6940339.0,-2276.0,-121.92344846953102,2025,8,August,Saturday
2025-08-31,18351.041666666668,12526.166666666666,3477.5416666666665,-1995.5,12526.166666666666,24781.0,14625.0,440.425,300.628,83.461,300.628,-47.892,0.682586138389056,0.18950105012204121,152.0,0.0,393479.0,536362.0,12604755.0,0.0,28085.0,16211.0,-78644.0,2025-2026,13534596.0,-34348.0,-160.27611769492904,2025,8,August,Sunday
2025-09-01,22004.604166666668,13529.479166666666,4274.270833333333,-308.9166666666667,13529.479166666666,27912.0,15456.0,528.1105,324.7075,102.5825,324.7075,-7.414,0.6148476502550129,0.1942443863547496,153.0,0.0,37903.0,239933.0,12386720.0,0.0,17200.0,11399.0,-80458.0,2025-2026,12664556.0,-51859.0,-153.95262124338163,2025,9,September,Monday
2025-09-02,24427.645833333332,6954.041666666667,8947.8125,2220.7916666666665,6954.041666666667,30968.0,10462.0,586.2635,166.897,214.7475,166.897,53.299,0.28467915877416894,0.3662986012262404,154.0,0.0,5375.0,116229.0,3538087.0,0.0,4401.0,10800.0,-27915.0,2025-2026,3659691.0,-12714.0,-126.74501164248612,2025,9,September,Tuesday
2025-09-03,24726.541666666668,8745.666666666666,5101.395833333333,3861.0,8745.666666666666,28505.0,11845.0,593.437,209.896,122.4335,209.896,92.664,0.35369550600990496,0.20631254876254765,155.0,0.0,6814.0,514447.0,2479564.0,0.0,604.0,13216.0,-19697.0,2025-2026,3000825.0,-5877.0,-125.88536325328731,2025,9,September,Wednesday
2025-09-04,24412.8125,7452.479166666667,7382.583333333333,3221.2083333333335,7452.479166666667,30045.0,11755.0,585.9075,178.8595,177.182,178.8595,77.309,0.3052691764485008,0.3024060965254754,156.0,0.0,266362.0,975254.0,887339.0,0.0,3576.0,10415.0,-11508.0,2025-2026,2128955.0,2483.0,-77.10627389641988,2025,9,September,Thursday
2025-09-05,23151.645833333332,4711.375,8251.5625,3272.625,4711.375,29263.0,6795.0,555.6395,113.073,198.0375,113.073,78.543,0.2035006510516261,0.3564136458981048,157.0,0.0,0.0,96195.0,115052.0,0.0,0.0,1410.0,-305.0,2025-2026,211247.0,1105.0,-377.21967213114755,2025,9,September,Friday
2025-09-06,20287.479166666668,8261.4375,3527.0833333333335,3917.125,8261.4375,25272.0,15858.0,486.8995,198.2745,84.65,198.2745,94.011,0.40721853277729797,0.1738551795596422,158.0,0.0,667070.0,921027.0,4366046.0,0.0,19091.0,15341.0,-26396.0,2025-2026,5954143.0,8036.0,-165.40559175632671,2025,9,September,Saturday
2025-09-07,20954.0,12843.020833333334,3426.8125,738.0833333333334,12843.020833333334,27274.0,15227.0,502.896,308.2325,82.2435,308.2325,17.714,0.6129149963411918,0.1635397776080939,159.0,0.0,196610.0,689757.0,12553545.0,0.0,22683.0,24447.0,-85423.0,2025-2026,13439912.0,-38293.0,-146.95743535113493,2025,9,September,Sunday
2025-09-08,22651.791666666668,5629.375,7347.3125,3757.4583333333335,5629.375,29310.0,10320.0,543.643,135.105,176.3355,135.105,90.179,0.24851786926346883,0.3243590002998291,160.0,0.0,35711.0,237986.0,1407304.0,0.0,3294.0,9646.0,-2103.0,2025-2026,1681001.0,10837.0,-669.1887779362816,2025,9,September,Monday
2025-09-09,23238.104166666668,6169.895833333333,9830.166666666666,1363.9166666666667,6169.895833333333,29412.0,11603.0,557.7145,148.0775,235.924,148.0775,32.734,0.26550771048627925,0.4230193046800827,161.0,0.0,1070.0,37797.0,3689212.0,0.0,642.0,3844.0,-26290.0,2025-2026,3728079.0,-21804.0,-140.32757702548497,2025,9,September,Tuesday
2025-09-10,24145.25,13516.708333333334,3587.5,1619.5,13516.708333333334,29403.0,15341.0,579.486,324.401,86.1,324.401,38.868,0.5598081748307984,0.14857994843706318,162.0,0.0,60076.0,277612.0,11462046.0,0.0,5525.0,8929.0,-69647.0,2025-2026,11799734.0,-55193.0,-164.5734346059414,2025,9,September,Wednesday
2025-09-11,22589.875,14556.708333333334,3373.8541666666665,742.625,14556.708333333334,28965.0,16021.0,542.157,349.361,80.9725,349.361,17.823,0.6443908314381258,0.14935249383481167,163.0,0.0,181617.0,459072.0,11880260.0,0.0,9991.0,12366.0,-78874.0,2025-2026,12520949.0,-56517.0,-150.6232725613003,2025,9,September,Thursday
2025-09-12,22037.770833333332,13965.6875,3823.9166666666665,-69.375,13965.6875,28068.0,15985.0,528.9065,335.1765,91.774,335.1765,-1.665,0.633715978154929,0.17351649110003373,164.0,0.0,191242.0,261841.0,11844945.0,0.0,12353.0,13210.0,-80972.0,2025-2026,12298028.0,-55409.0,-146.2844563552833,2025,9,September,Friday
2025-09-13,20768.895833333332,9801.0625,3739.5625,2820.6666666666665,9801.0625,26587.0,12131.0,498.4535,235.2255,89.7495,235.2255,67.696,0.47191061954625657,0.18005591293871945,165.0,0.0,1667716.0,2122825.0,1068141.0,0.0,23792.0,18039.0,-14322.0,2025-2026,4858682.0,27509.0,-74.58043569333891,2025,9,September,Saturday
2025-09-14,22808.875,8976.708333333334,4368.708333333333,4184.708333333333,8976.708333333334,28427.0,16675.0,547.413,215.441,104.849,215.441,100.433,0.3935620820112054,0.1915354586025542,166.0,0.0,10485.0,1471276.0,4999372.0,0.0,1800.0,23721.0,-37256.0,2025-2026,6481133.0,-11735.0,-134.18971440841744,2025,9,September,Sunday
2025-09-15,22800.354166666668,14581.020833333334,3132.8958333333335,1896.9583333333333,14581.020833333334,28885.0,15859.0,547.2085,349.9445,75.1895,349.9445,45.527,0.6395085237162801,0.13740557758148858,167.0,0.0,619896.0,1991596.0,8753826.0,0.0,15910.0,23861.0,-64886.0,2025-2026,11365318.0,-25115.0,-134.91085904509447,2025,9,September,Monday
2025-09-16,23607.708333333332,13282.229166666666,4571.625,2048.7916666666665,13282.229166666666,30412.0,14889.0,566.585,318.7735,109.719,318.7735,49.171,0.5626225544269615,0.19364967304111472,168.0,0.0,254675.0,803737.0,11553611.0,0.0,26209.0,23175.0,-69313.0,2025-2026,12612023.0,-19929.0,-166.68750450853375,2025,9,September,Tuesday
2025-09-17,25410.166666666668,12399.6875,3812.6041666666665,4573.708333333333,12399.6875,29685.0,15812.0,609.844,297.5925,91.5025,297.5925,109.769,0.4879813526082079,0.15004246987754244,169.0,0.0,197373.0,952337.0,9186276.0,0.0,8640.0,14406.0,-63708.0,2025-2026,10335986.0,-40662.0,-144.1934450932379,2025,9,September,Wednesday
2025-09-18,24636.104166666668,13337.0625,5580.375,1614.5833333333333,13337.0625,30689.0,15276.0,591.2665,320.0895,133.929,320.0895,38.75,0.5413624820618114,0.22651207196754766,170.0,0.0,153745.0,599824.0,17241054.0,0.0,20346.0,13363.0,-105243.0,2025-2026,17994623.0,-71534.0,-163.82138479518827,2025,9,September,Thursday
2025-09-19,23788.208333333332,8818.0,7065.479166666667,2856.25,8818.0,30303.0,13191.0,570.917,211.632,169.5715,211.632,68.55,0.37068785830514767,0.29701602859960374,171.0,0.0,75214.0,331006.0,9530722.0,0.0,6493.0,11393.0,-67507.0,2025-2026,9936942.0,-49621.0,-141.1812404639519,2025,9,September,Friday
2025-09-20,23410.520833333332,7503.0,6776.979166666667,3627.625,7503.0,27359.0,13921.0,561.8525,180.072,162.6475,180.072,87.063,0.3204969275744079,0.2894843397510913,172.0,0.0,56667.0,121895.0,14220515.0,0.0,3113.0,17374.0,-102093.0,2025-2026,14399077.0,-81606.0,-139.28981418902373,2025,9,September,Saturday
2025-09-21,21378.645833333332,11051.729166666666,4154.604166666667,2613.8333333333335,11051.729166666666,29133.0,14346.0,513.0875,265.2415,99.7105,265.2415,62.732,0.5169517869759056,0.19433429970521598,173.0,0.0,194379.0,399839.0,11031471.0,0.0,16626.0,23877.0,-71377.0,2025-2026,11625689.0,-30874.0,-154.55218067444696,2025,9,September,Sunday
2025-09-22,24623.020833333332,7795.166666666667,7379.583333333333,4101.625,7795.166666666667,32908.0,9751.0,590.9525,187.084,177.11,187.084,98.439,0.31658043582183004,0.2997025987706288,174.0,0.0,155839.0,667006.0,4441346.0,0.0,4383.0,13383.0,-33381.0,2025-2026,5264191.0,-15615.0,-133.05011833078697,2025,9,September,Monday
2025-09-23,25754.729166666668,3983.2916666666665,11903.833333333334,3730.5833333333335,3983.2916666666665,32637.0,5278.0,618.1135,95.599,285.692,95.599,89.534,0.15466253366088914,0.4621999034157966,175.0,0.0,0.0,277548.0,192611.0,0.0,0.0,4689.0,3666.0,2025-2026,470159.0,8355.0,52.53982542280415,2025,9,September,Tuesday
2025-09-24,26056.791666666668,5784.1875,9857.9375,4477.416666666667,5784.1875,32757.0,7264.0,625.363,138.8205,236.5905,138.8205,107.458,0.22198387176727757,0.3783250688000409,176.0,0.0,0.0,169286.0,312793.0,0.0,0.0,4619.0,-1175.0,2025-2026,482079.0,3444.0,-266.2068085106383,2025,9,September,Wednesday
2025-09-25,24700.9375,7378.625,6823.5,4913.125,7378.625,31621.0,9547.0,592.8225,177.087,163.764,177.087,117.915,0.2987184190883443,0.27624457573725697,177.0,0.0,3380.0,131208.0,2517854.0,0.0,2533.0,5510.0,-16014.0,2025-2026,2652442.0,-7971.0,-157.22830023729236,2025,9,September,Thursday
2025-09-26,26412.75,7254.395833333333,8665.0,5110.416666666667,7254.395833333333,32479.0,8545.0,633.906,174.1055,207.96,174.1055,122.65,0.27465507504267195,0.3280612582938165,178.0,0.0,3962.0,253920.0,10953033.0,0.0,6679.0,9254.0,-76098.0,2025-2026,11210915.0,-60165.0,-143.93325711582432,2025,9,September,Friday
2025-09-27,23447.229166666668,8001.041666666667,7342.979166666667,3191.7916666666665,8001.041666666667,28237.0,9725.0,562.7335,192.025,176.2315,192.025,76.603,0.3412361268700015,0.31317044391350435,179.0,0.0,781.0,376642.0,9961799.0,0.0,3926.0,10063.0,-72757.0,2025-2026,10339222.0,-58768.0,-136.91877070247537,2025,9,September,Saturday
2025-09-28,23344.5625,2352.2083333333335,11115.395833333334,4306.5,2352.2083333333335,30249.0,7314.0,560.2695,56.453,266.7695,56.453,103.356,0.10076043761082837,0.4761449623797119,180.0,0.0,0.0,494964.0,490239.0,0.0,0.0,9464.0,-6163.0,2025-2026,985203.0,3301.0,-79.54551354859646,2025,9,September,Sunday
2025-09-29,25948.395833333332,2164.6666666666665,15049.270833333334,3033.875,2164.6666666666665,33364.0,4205.0,622.7615,51.952,361.1825,51.952,72.813,0.08342198417853385,0.5799692177502945,181.0,0.0,0.0,131611.0,229214.0,0.0,0.0,2250.0,-314.0,2025-2026,360825.0,1936.0,-729.9808917197453,2025,9,September,Monday
2025-09-30,25524.229166666668,4769.375,13095.0625,1990.1666666666667,4769.375,33202.0,7222.0,612.5815,114.465,314.2815,114.465,47.764,0.18685676926253894,0.5130443867469063,182.0,0.0,0.0,13703.0,2025374.0,0.0,0.0,267.0,-11797.0,2025-2026,2039077.0,-11530.0,-171.6855132660846,2025,9,September,Tuesday
2025-10-01,26221.3125,7637.520833333333,10735.0,2165.5,7637.520833333333,32730.0,9708.0,629.3115,183.3005,257.64,183.3005,51.972,0.2912714927345202,0.4093997964442092,183.0,0.0,624.0,89315.0,9444615.0,0.0,1482.0,4306.0,-68881.0,2025-2026,9534554.0,-63093.0,-137.114951873521,2025,10,October,Wednesday
2025-10-02,25547.6875,10499.6875,6484.729166666667,3464.7083333333335,10499.6875,31349.0,14707.0,613.1445,251.9925,155.6335,251.9925,83.153,0.4109838708493675,0.2538284205436076,184.0,0.0,28896.0,400556.0,11009688.0,0.0,12427.0,16383.0,-77886.0,2025-2026,11439140.0,-49076.0,-141.35644403358756,2025,10,October,Thursday
2025-10-03,25245.145833333332,13806.520833333334,5087.708333333333,2837.1666666666665,13806.520833333334,30268.0,14881.0,605.8835,331.3565,122.105,331.3565,68.092,0.5468980422804054,0.2015321427304094,185.0,0.0,301322.0,650044.0,11649028.0,0.0,17669.0,12997.0,-80492.0,2025-2026,12600394.0,-49826.0,-144.7228047507827,2025,10,October,Friday
2025-10-04,21097.895833333332,14049.4375,3467.5416666666665,650.4583333333334,14049.4375,28065.0,16492.0,506.3495,337.1865,83.221,337.1865,15.611,0.6659165260358706,0.16435485766254337,186.0,0.0,941879.0,1724667.0,12942480.0,0.0,37356.0,32068.0,-97673.0,2025-2026,15609026.0,-28249.0,-132.50826738197864,2025,10,October,Saturday
2025-10-05,21182.166666666668,14231.979166666666,3273.0833333333335,1343.0416666666667,14231.979166666666,29790.0,15688.0,508.372,341.5675,78.554,341.5675,32.233,0.6718849582589127,0.15452070531028458,187.0,0.0,645647.0,1306912.0,10987282.0,0.0,32079.0,31610.0,-81828.0,2025-2026,12939841.0,-18139.0,-134.27288947548516,2025,10,October,Sunday
2025-10-06,24312.208333333332,9843.541666666666,8286.333333333334,2002.75,9843.541666666666,32403.0,13590.0,583.493,236.245,198.872,236.245,48.066,0.4048806069652935,0.3408301384935209,188.0,0.0,70574.0,597689.0,15585831.0,0.0,10167.0,14050.0,-102811.0,2025-2026,16254094.0,-78594.0,-151.5969205629748,2025,10,October,Monday
2025-10-07,26268.729166666668,8017.791666666667,13598.083333333334,-282.0416666666667,8017.791666666667,33589.0,9939.0,630.4495,192.427,326.354,192.427,-6.769,0.3052219091299145,0.517652880999985,189.0,0.0,7286.0,77117.0,10536859.0,0.0,2238.0,8025.0,-71760.0,2025-2026,10621262.0,-61497.0,-146.83471293199554,2025,10,October,Tuesday
2025-10-08,26912.104166666668,5912.4375,15695.25,-230.79166666666666,5912.4375,32969.0,7269.0,645.8905,141.8985,376.686,141.8985,-5.539,0.2196943599572993,0.5832041189644375,190.0,0.0,69.0,60060.0,13312491.0,0.0,856.0,2169.0,-88260.0,2025-2026,13372620.0,-85235.0,-150.83266485384092,2025,10,October,Wednesday
2025-10-09,26138.6875,7199.604166666667,10496.916666666666,3094.4583333333335,7199.604166666667,33162.0,9135.0,627.3285,172.7905,251.926,172.7905,74.267,0.2754386258555127,0.4015854532354261,191.0,0.0,-4906.0,90151.0,17239300.0,0.0,18843.0,14203.0,-112791.0,2025-2026,17324545.0,-79745.0,-152.84286866859944,2025,10,October,Thursday
2025-10-10,27166.041666666668,4962.083333333333,12607.9375,4709.875,4962.083333333333,32758.0,5513.0,651.985,119.09,302.5905,119.09,113.037,0.18265757647798647,0.4641065361933174,192.0,0.0,0.0,96099.0,11277320.0,0.0,0.0,7730.0,-80890.0,2025-2026,11373419.0,-73160.0,-139.41550253430586,2025,10,October,Friday
2025-10-11,24895.791666666668,2819.5208333333335,12651.291666666666,4720.875,2819.5208333333335,31264.0,3843.0,597.499,67.6685,303.631,67.6685,113.301,0.11325290920988988,0.5081698881504404,193.0,0.0,0.0,205785.0,2432769.0,0.0,0.0,7697.0,-16564.0,2025-2026,2638554.0,-8867.0,-146.87086452547695,2025,10,October,Saturday
2025-10-12,25321.395833333332,928.1458333333334,15049.9375,4318.291666666667,928.1458333333334,33007.0,1872.0,607.7135,22.2755,361.1985,22.2755,103.639,0.036654607804499986,0.5943565512367259,194.0,0.0,0.0,150329.0,149751.0,0.0,0.0,5953.0,-445.0,2025-2026,300080.0,5508.0,-336.51910112359553,2025,10,October,Sunday
2025-10-13,28384.3125,1383.7291666666667,20169.979166666668,1245.125,1383.7291666666667,34781.0,2259.0,681.2235,33.2095,484.0795,33.2095,29.883,0.04874978623021666,0.7106030546509332,195.0,0.0,0.0,61287.0,2204.0,0.0,0.0,2243.0,202.0,2025-2026,63491.0,2445.0,10.910891089108912,2025,10,October,Monday
2025-10-14,29311.708333333332,2363.625,20831.3125,252.79166666666666,2363.625,35526.0,3680.0,703.481,56.727,499.9515,56.727,6.067,0.08063757230117088,0.7106823069848368,196.0,0.0,0.0,222718.0,8331.0,0.0,0.0,4466.0,122.0,2025-2026,231049.0,4588.0,68.28688524590164,2025,10,October,Tuesday
2025-10-15,29339.625,2878.7708333333335,19371.229166666668,887.875,2878.7708333333335,35991.0,3292.0,704.151,69.0905,464.9095,69.0905,21.309,0.09811886939023023,0.6602411982657129,197.0,0.0,0.0,329997.0,3787.0,0.0,0.0,4585.0,-117.0,2025-2026,333784.0,4468.0,-32.36752136752137,2025,10,October,Wednesday
2025-10-16,29258.3125,2608.8125,17033.020833333332,3520.3333333333335,2608.8125,35474.0,3983.0,702.1995,62.6115,408.7925,62.6115,84.488,0.08916483136202746,0.5821600556536997,198.0,0.0,0.0,340857.0,113159.0,0.0,0.0,4863.0,-2210.0,2025-2026,454016.0,2653.0,-51.20316742081448,2025,10,October,Thursday
2025-10-17,28788.3125,1361.9375,17573.708333333332,3605.0833333333335,1361.9375,34026.0,2193.0,690.9195,32.6865,421.769,32.6865,86.522,0.04730869515189542,0.6104459347290097,199.0,0.0,0.0,300624.0,98862.0,0.0,0.0,3347.0,-1695.0,2025-2026,399486.0,1652.0,-58.32566371681416,2025,10,October,Friday
2025-10-18,25590.875,6276.666666666667,8877.854166666666,4314.375,6276.666666666667,31793.0,11912.0,614.181,150.64,213.0685,150.64,103.545,0.24526971690755653,0.3469148345520294,200.0,0.0,59871.0,843089.0,1314288.0,0.0,1899.0,12594.0,-14224.0,2025-2026,2217248.0,269.0,-92.39932508436445,2025,10,October,Saturday
2025-10-19,24764.166666666668,13660.25,3434.25,3244.7916666666665,13660.25,33090.0,16284.0,594.34,327.846,82.422,327.846,77.875,0.5516135545310764,0.1386781976646364,201.0,0.0,88831.0,1027325.0,11052228.0,0.0,5014.0,21213.0,-64800.0,2025-2026,12168384.0,-38573.0,-170.55907407407406,2025,10,October,Sunday
2025-10-20,28417.916666666668,7408.083333333333,9490.145833333334,5411.125,7408.083333333333,35906.0,10831.0,682.03,177.794,227.7635,177.794,129.867,0.2606835476445318,0.333949386390628,202.0,0.0,0.0,622040.0,3895682.0,0.0,0.0,15315.0,-28913.0,2025-2026,4517722.0,-13598.0,-134.7380762978591,2025,10,October,Monday
2025-10-21,27481.270833333332,9537.020833333334,5358.770833333333,6025.791666666667,9537.020833333334,34121.0,14842.0,659.5505,228.8885,128.6105,228.8885,144.619,0.34703711088081957,0.1949971988498227,203.0,0.0,0.0,726518.0,2543716.0,0.0,0.0,13066.0,-13917.0,2025-2026,3270234.0,-851.0,-182.77761011712295,2025,10,October,Tuesday
2025-10-22,27889.5625,6338.75,12932.8125,1948.5833333333333,6338.75,35577.0,13676.0,669.3495,152.13,310.3875,152.13,46.766,0.22728036698316798,0.4637151443304282,204.0,0.0,49.0,310329.0,7778391.0,0.0,360.0,9948.0,-56236.0,2025-2026,8088769.0,-45928.0,-138.31693221423998,2025,10,October,Wednesday
2025-10-23,28089.208333333332,11858.416666666666,3478.1875,6220.791666666667,11858.416666666666,35440.0,15194.0,674.141,284.602,83.4765,284.602,149.299,0.4221698428073652,0.1238264695367883,205.0,0.0,93412.0,657515.0,402190.0,0.0,1440.0,10803.0,-1368.0,2025-2026,1153117.0,10875.0,-293.9985380116959,2025,10,October,Thursday
2025-10-24,27013.458333333332,14365.833333333334,3001.4583333333335,4560.958333333333,14365.833333333334,34134.0,16620.0,648.323,344.78,72.035,344.78,109.463,0.531802820507679,0.11110974005241214,206.0,0.0,61499.0,357001.0,12222200.0,0.0,3927.0,13385.0,-78342.0,2025-2026,12640700.0,-61030.0,-156.01082433432896,2025,10,October,Friday
2025-10-25,24201.354166666668,16225.041666666666,3593.6458333333335,870.8333333333334,16225.041666666666,31802.0,16737.0,580.8325,389.401,86.2475,389.401,20.9,0.6704187523941929,0.14848945263909993,207.0,0.0,71054.0,914463.0,15254225.0,0.0,4904.0,25946.0,-96863.0,2025-2026,16239742.0,-66013.0,-157.4824752485469,2025,10,October,Saturday
2025-10-26,25064.46,15532.06,2424.54,3499.88,15532.06,33915.0,17272.0,626.6115,388.3015,60.6135,388.3015,87.497,0.6196846052139164,0.09673218573230782,208.0,0.0,463811.0,892705.0,5793966.0,0.0,18212.0,18635.0,-37753.0,2025-2026,7150482.0,-906.0,-153.4703467274124,2025,10,October,Sunday
2025-10-27,27233.083333333332,12574.229166666666,5144.604166666667,3776.0416666666665,12574.229166666666,37893.0,17496.0,653.594,301.7815,123.4705,301.7815,90.625,0.461726239836963,0.18891008791390373,209.0,0.0,137653.0,1176982.0,3812791.0,0.0,3115.0,14448.0,-26460.0,2025-2026,5127426.0,-8897.0,-144.09640967498112,2025,10,October,Monday
2025-10-28,26638.645833333332,15413.041666666666,3489.8125,2451.2916666666665,15413.041666666666,35700.0,17013.0,639.3275,369.913,83.7555,369.913,58.831,0.5785970414224322,0.13100562700650292,210.0,0.0,0.0,730118.0,2402190.0,0.0,0.0,15033.0,-3941.0,2025-2026,3132308.0,11092.0,-609.538188277087,2025,10,October,Tuesday
2025-10-29,29278.791666666668,10545.3125,9049.645833333334,2817.7916666666665,10545.3125,37562.0,14431.0,702.691,253.0875,217.1915,253.0875,67.627,0.3601689789679959,0.30908535899847867,211.0,0.0,0.0,657470.0,2922333.0,0.0,0.0,17830.0,-24451.0,2025-2026,3579803.0,-6621.0,-119.51793382683735,2025,10,October,Wednesday
2025-10-30,29008.458333333332,9895.520833333334,8374.0625,4005.0,9895.520833333334,35946.0,16815.0,696.203,237.4925,200.9775,237.4925,96.12,0.34112536142475686,0.28867657852666534,212.0,0.0,0.0,1021334.0,7751142.0,0.0,0.0,19520.0,-55176.0,2025-2026,8772476.0,-35656.0,-140.4803175293606,2025,10,October,Thursday
2025-10-31,26530.625,16166.958333333334,4664.416666666667,-136.58333333333334,16166.958333333334,32765.0,17026.0,636.735,388.007,111.946,388.007,-3.278,0.609369674982528,0.17581254367986682,213.0,0.0,0.0,718346.0,16494034.0,0.0,0.0,23905.0,-100466.0,2025-2026,17212380.0,-76561.0,-164.17528318037944,2025,10,October,Friday
2025-11-01,23998.5,14498.208333333334,3561.5208333333335,561.9166666666666,14498.208333333334,33381.0,16781.0,575.964,347.957,85.4765,347.957,13.486,0.6041297719996388,0.14840597676243653,214.0,0.0,225582.0,948135.0,9852423.0,0.0,12233.0,25491.0,-65645.0,2025-2026,11026140.0,-27921.0,-150.0864193769518,2025,11,November,Saturday
2025-11-02,25112.0,11707.4375,4755.854166666667,1753.5416666666667,11707.4375,35469.0,13687.0,602.688,280.9785,114.1405,280.9785,42.085,0.4662088841987894,0.18938571864712755,215.0,0.0,0.0,810696.0,13335031.0,0.0,0.0,32347.0,-83672.0,2025-2026,14145727.0,-51325.0,-159.37268142269815,2025,11,November,Sunday
2025-11-03,26982.375,15536.458333333334,4498.020833333333,1445.6666666666667,15536.458333333334,35004.0,16264.0,647.577,372.875,107.9525,372.875,34.696,0.5758002523252062,0.16670218367854325,216.0,0.0,0.0,906341.0,18199955.0,0.0,0.0,27357.0,-117786.0,2025-2026,19106296.0,-90429.0,-154.5171327662031,2025,11,November,Monday
2025-11-04,27726.583333333332,13330.604166666666,5081.75,2822.2916666666665,13330.604166666666,36547.0,15391.0,665.438,319.9345,121.962,319.9345,67.735,0.48078784199279273,0.18328078648950016,217.0,0.0,0.0,426217.0,10017419.0,0.0,0.0,26287.0,-58555.0,2025-2026,10443636.0,-32268.0,-171.0770899154641,2025,11,November,Tuesday
2025-11-05,28531.645833333332,10746.979166666666,7593.1875,3357.6666666666665,10746.979166666666,37183.0,12136.0,684.7595,257.9275,182.2365,257.9275,80.584,0.37666874282138474,0.2661321237602399,218.0,0.0,0.0,821179.0,260537.0,0.0,0.0,16726.0,-1018.0,2025-2026,1081716.0,15708.0,-255.9302554027505,2025,11,November,Wednesday
2025-11-06,29082.8125,3716.3541666666665,15622.9375,2711.4166666666665,3716.3541666666665,36867.0,8609.0,697.9875,89.1925,374.9505,89.1925,65.074,0.1277852397070148,0.5371879868908828,219.0,0.0,0.0,847111.0,709194.0,0.0,0.0,13534.0,-8215.0,2025-2026,1556305.0,5319.0,-86.32915398660985,2025,11,November,Thursday
2025-11-07,28671.479166666668,4732.1875,15955.125,1335.875,4732.1875,34909.0,7446.0,688.1155,113.5725,382.923,113.5725,32.061,0.1650486001259963,0.5564807070905975,220.0,0.0,0.0,509665.0,329886.0,0.0,0.0,10208.0,-4000.0,2025-2026,839551.0,6208.0,-82.4715,2025,11,November,Friday
2025-11-08,25579.291666666668,4124.9375,13218.9375,2126.5833333333335,4124.9375,33090.0,5247.0,613.903,98.9985,317.2545,98.9985,51.038,0.16126081807712295,0.5167827816446572,221.0,0.0,0.0,819434.0,442780.0,0.0,0.0,13786.0,-4484.0,2025-2026,1262214.0,9302.0,-98.74665477252454,2025,11,November,Saturday
2025-11-09,25899.458333333332,7424.541666666667,10515.666666666666,1538.6666666666667,7424.541666666667,35051.0,9296.0,621.587,178.189,252.376,178.189,36.928,0.28666783571728494,0.4060187873942023,222.0,0.0,0.0,1061417.0,2532463.0,0.0,0.0,15491.0,-24578.0,2025-2026,3593880.0,-9087.0,-103.03779803075922,2025,11,November,Sunday
2025-11-10,29539.0,11013.166666666666,10274.645833333334,2032.0416666666667,11013.166666666666,38609.0,13542.0,708.936,264.316,246.5915,264.316,48.769,0.37283478339370546,0.34783323177268466,223.0,0.0,7605.0,1148791.0,1539889.0,0.0,455.0,17617.0,-19493.0,2025-2026,2696285.0,-1421.0,-78.9970245729236,2025,11,November,Monday
2025-11-11,29157.916666666668,13055.875,6263.979166666667,3493.2916666666665,13055.875,36246.0,17768.0,699.79,313.341,150.3355,313.341,83.839,0.4477643292987897,0.2148294488346504,224.0,0.0,0.0,1253000.0,472644.0,0.0,0.0,17804.0,-4344.0,2025-2026,1725644.0,13460.0,-108.80386740331491,2025,11,November,Tuesday
2025-11-12,29470.645833333332,12744.770833333334,7242.5625,3886.625,12744.770833333334,38389.0,15402.0,707.2955,305.8745,173.8215,305.8745,93.279,0.43245644854237025,0.24575513346260508,225.0,0.0,1492.0,1782353.0,4317902.0,0.0,114.0,17445.0,-35889.0,2025-2026,6101747.0,-18330.0,-120.31268633843239,2025,11,November,Wednesday
2025-11-13,28381.354166666668,11488.916666666666,8567.291666666666,2394.625,11488.916666666666,37473.0,15668.0,681.1525,275.734,205.615,275.734,57.471,0.40480509137087506,0.30186338595248496,226.0,0.0,0.0,505127.0,8761563.0,0.0,0.0,17894.0,-61690.0,2025-2026,9266690.0,-43796.0,-142.02566056086886,2025,11,November,Thursday
2025-11-14,28759.6875,15287.0625,5899.5625,1129.0416666666667,15287.0625,35457.0,16802.0,690.2325,366.8895,141.5895,366.8895,27.097,0.5315448055546501,0.2051330529930132,227.0,0.0,0.0,1051588.0,5120838.0,0.0,0.0,22111.0,-41397.0,2025-2026,6172426.0,-19286.0,-123.7007029494891,2025,11,November,Friday
2025-11-15,27342.416666666668,11569.75,6847.041666666667,2614.1666666666665,11569.75,34468.0,15080.0,656.218,277.674,164.329,277.674,62.74,0.42314291896900114,0.2504183061116885,228.0,0.0,0.0,660862.0,2205436.0,0.0,0.0,17160.0,-16623.0,2025-2026,2866298.0,537.0,-132.67376526499427,2025,11,November,Saturday
2025-11-16,27872.229166666668,7927.208333333333,10773.729166666666,2268.8333333333335,7927.208333333333,37757.0,12477.0,668.9335,190.253,258.5695,190.253,54.452,0.2844124266462959,0.3865399176450275,229.0,0.0,-192.0,822665.0,3901199.0,0.0,683.0,15173.0,-33728.0,2025-2026,4723672.0,-17872.0,-115.66647888994308,2025,11,November,Sunday
2025-11-17,31552.8125,10547.479166666666,11699.229166666666,2497.0,10547.479166666666,42161.0,14637.0,757.2675,253.1395,280.7815,253.1395,59.928,0.33428015859653293,0.3707824513794663,230.0,0.0,-534.0,292655.0,2543601.0,0.0,3462.0,8066.0,-14775.0,2025-2026,2835722.0,-3247.0,-172.15573604060913,2025,11,November,Monday
2025-11-18,33673.833333333336,8623.25,15974.1875,2075.875,8623.25,41538.0,11799.0,808.172,206.958,383.3805,206.958,49.821,0.2560816261884846,0.47437983498562186,231.0,0.0,0.0,286403.0,5039724.0,0.0,0.0,7897.0,-31205.0,2025-2026,5326127.0,-23308.0,-161.50373337606152,2025,11,November,Tuesday
2025-11-19,33232.5,14402.4375,12550.291666666666,-324.5,14402.4375,42369.0,15593.0,797.58,345.6585,301.207,345.6585,-7.788,0.4333841119386143,0.37765114471275607,232.0,0.0,0.0,328431.0,8908981.0,0.0,0.0,11496.0,-64694.0,2025-2026,9237412.0,-53198.0,-137.70954029740008,2025,11,November,Wednesday
2025-11-20,34949.916666666664,12414.125,17294.020833333332,-1767.0416666666667,12414.125,43666.0,14876.0,838.798,297.939,415.0565,297.939,-42.409,0.35519755650347284,0.49482294902944457,233.0,0.0,0.0,40868.0,9280862.0,0.0,0.0,4966.0,-51573.0,2025-2026,9321730.0,-46607.0,-179.9558296007601,2025,11,November,Thursday
2025-11-21,34455.8125,7151.75,19637.3125,251.0,7151.75,41735.0,13501.0,826.9395,171.642,471.2955,171.642,6.024,0.2075629474707642,0.5699274251623003,234.0,0.0,0.0,725150.0,12494148.0,0.0,317.0,5281.0,-44219.0,2025-2026,13219298.0,-38621.0,-282.55157285329835,2025,11,November,Friday
2025-11-22,31705.104166666668,10380.895833333334,10118.625,4251.583333333333,10380.895833333334,39510.0,14658.0,760.9225,249.1415,242.847,249.1415,102.038,0.3274203351852521,0.3191481392651683,235.0,0.0,1888.0,103127.0,343023.0,0.0,281.0,3144.0,6302.0,2025-2026,448038.0,9727.0,54.43081561409076,2025,11,November,Saturday
2025-11-23,29252.291666666668,12845.979166666666,3458.0208333333335,6516.291666666667,12845.979166666666,39232.0,15289.0,702.055,308.3035,82.9925,308.3035,156.391,0.4391443690309164,0.11821367271794947,236.0,0.0,11526.0,901665.0,1733410.0,0.0,1648.0,18403.0,-13961.0,2025-2026,2646601.0,6090.0,-124.16087672802807,2025,11,November,Sunday
2025-11-24,33102.3125,11826.75,13678.9375,377.3333333333333,11826.75,41815.0,15113.0,794.4555,283.842,328.2945,283.842,9.056,0.3572786644437605,0.4132320815955079,237.0,0.0,0.0,12342.0,5864659.0,0.0,0.0,4397.0,-42783.0,2025-2026,5877001.0,-38386.0,-137.07919033260876,2025,11,November,Monday
2025-11-25,34065.770833333336,8415.583333333334,17311.666666666668,549.6666666666666,8415.583333333334,42608.0,14738.0,817.5785,201.974,415.48,201.974,13.192,0.24703927512770946,0.5081836178422011,238.0,0.0,0.0,167679.0,244914.0,0.0,0.0,5534.0,-1829.0,2025-2026,412593.0,3705.0,-133.90595954073265,2025,11,November,Tuesday
2025-11-26,34673.270833333336,9711.520833333334,18515.520833333332,-1124.875,9711.520833333334,41911.0,15085.0,832.1585,233.0765,444.3725,233.0765,-26.997,0.28008666618198336,0.5339998329645134,239.0,0.0,0.0,110569.0,9128183.0,0.0,0.0,2995.0,-68178.0,2025-2026,9238752.0,-65183.0,-133.88751503417524,2025,11,November,Wednesday
2025-11-27,30552.958333333332,15157.875,6569.8125,1279.9166666666667,15157.875,37578.0,16807.0,733.271,363.789,157.6755,363.789,30.718,0.49611807912763495,0.21503032303200317,240.0,0.0,0.0,290309.0,16933869.0,0.0,0.0,12411.0,-118045.0,2025-2026,17224178.0,-105634.0,-143.452657884705,2025,11,November,Thursday
2025-11-28,29110.270833333332,15174.145833333334,6354.979166666667,1020.25,15174.145833333334,36587.0,16860.0,698.6465,364.1795,152.5195,364.1795,24.486,0.5212643303873992,0.21830711239518127,241.0,0.0,68.0,192927.0,17922036.0,0.0,140.0,10102.0,-127582.0,2025-2026,18115031.0,-117340.0,-140.47464375852394,2025,11,November,Friday
2025-11-29,29193.0,12879.770833333334,4540.875,4316.875,12879.770833333334,36984.0,15499.0,700.632,309.1145,108.981,309.1145,103.605,0.44119380787631746,0.1555467064022197,242.0,0.0,34137.0,358512.0,2122971.0,0.0,2072.0,9438.0,-18385.0,2025-2026,2515620.0,-6875.0,-115.4729942888224,2025,11,November,Saturday
2025-11-30,29091.916666666668,11691.6875,5813.416666666667,4283.708333333333,11691.6875,40035.0,15697.0,698.206,280.6005,139.522,280.6005,102.809,0.4018878382597686,0.19982927674640433,243.0,0.0,15446.0,167116.0,3171306.0,0.0,3809.0,10692.0,-23198.0,2025-2026,3353868.0,-8697.0,-136.70600913871885,2025,11,November,Sunday
2025-12-01,31586.333333333332,12572.583333333334,8607.5,2994.5833333333335,12572.583333333334,39424.0,16387.0,758.072,301.742,206.58,301.742,71.87,0.3980387087242373,0.2725070969512131,244.0,0.0,118306.0,121182.0,3913578.0,0.0,7841.0,6612.0,-29295.0,2025-2026,4153066.0,-14842.0,-133.5920122887865,2025,12,December,Monday
2025-12-02,32000.5625,11270.9375,11901.5,2042.2916666666667,11270.9375,40458.0,13724.0,768.0135,270.5025,285.636,270.5025,49.015,0.35221060567294715,0.3719153374257093,245.0,0.0,64245.0,377298.0,4607062.0,0.0,3748.0,6815.0,-36324.0,2025-2026,5048605.0,-25761.0,-126.83245237308667,2025,12,December,Tuesday
2025-12-03,32948.354166666664,8964.0,16938.541666666668,-453.875,8964.0,40760.0,12484.0,790.7605,215.136,406.525,215.136,-10.893,0.2720621477678766,0.5140937110541055,246.0,0.0,0.0,42153.0,7029571.0,0.0,0.0,1727.0,-63330.0,2025-2026,7071724.0,-61603.0,-110.99906837201958,2025,12,December,Wednesday
2025-12-04,33964.395833333336,12395.520833333334,13255.854166666666,1122.125,12395.520833333334,42380.0,15404.0,815.1455,297.4925,318.1405,297.4925,26.931,0.36495631761446273,0.39028676475549456,247.0,0.0,0.0,222574.0,5520682.0,0.0,0.0,6422.0,-61338.0,2025-2026,5743256.0,-54916.0,-90.00427141413154,2025,12,December,Thursday
2025-12-05,33007.6875,12809.125,13459.916666666666,-202.0,12809.125,39580.0,18382.0,792.1845,307.419,323.038,307.419,-4.848,0.38806490154755613,0.40778126812630144,248.0,0.0,0.0,43235.0,7863215.0,0.0,0.0,3376.0,-78681.0,2025-2026,7906450.0,-75305.0,-99.93791385467902,2025,12,December,Friday
2025-12-06,29264.395833333332,12713.479166666666,4862.208333333333,5837.333333333333,12713.479166666666,36630.0,15822.0,702.3455,305.1235,116.693,305.1235,140.096,0.4344350465689607,0.16614757266900693,249.0,0.0,0.0,221976.0,4061087.0,0.0,0.0,6904.0,-31607.0,2025-2026,4283063.0,-24703.0,-128.48694909355524,2025,12,December,Saturday
2025-12-07,29063.5,11348.395833333334,5534.479166666667,5768.666666666667,11348.395833333334,36582.0,17037.0,697.524,272.3615,132.8275,272.3615,138.448,0.3904690017834511,0.19042713942459324,250.0,0.0,58132.0,819181.0,365364.0,0.0,1073.0,11627.0,-3727.0,2025-2026,1242677.0,8973.0,-98.03166085323316,2025,12,December,Sunday
2025-12-08,31000.541666666668,14121.020833333334,4775.208333333333,6110.833333333333,14121.020833333334,39668.0,16425.0,744.013,338.9045,114.605,338.9045,146.66,0.4555088419153966,0.15403628700036154,251.0,0.0,11917.0,463730.0,218488.0,0.0,785.0,12378.0,-1465.0,2025-2026,694135.0,11698.0,-149.138566552901,2025,12,December,Monday
2025-12-09,30003.708333333332,15975.1875,4986.3125,3021.3333333333335,15975.1875,37825.0,17905.0,720.089,383.4045,119.6715,383.4045,72.512,0.5324404344462975,0.1661898737517168,252.0,0.0,881.0,613095.0,7337130.0,0.0,1050.0,13019.0,-58579.0,2025-2026,7951106.0,-44510.0,-125.2518820737807,2025,12,December,Tuesday
2025-12-10,29553.8125,16347.916666666666,5483.166666666667,1909.7083333333333,16347.916666666666,37996.0,17322.0,709.2915,392.35,131.596,392.35,45.833,0.5531576227827346,0.18553161852355485,253.0,0.0,23226.0,239157.0,14757375.0,0.0,6584.0,10142.0,-111477.0,2025-2026,15019758.0,-94751.0,-132.38044619069404,2025,12,December,Wednesday
2025-12-11,30596.875,14072.3125,8878.458333333334,1298.5833333333333,14072.3125,38666.0,15775.0,734.325,337.7355,213.083,337.7355,31.166,0.45992646307833723,0.29017533108637183,254.0,0.0,73.0,182113.0,12086603.0,0.0,282.0,8412.0,-95584.0,2025-2026,12268789.0,-86890.0,-126.45006486441245,2025,12,December,Thursday
2025-12-12,31360.666666666668,8251.541666666666,14842.458333333334,776.5833333333334,8251.541666666666,38395.0,11099.0,752.656,198.037,356.219,198.037,18.638,0.2631175463956974,0.47328261516549397,255.0,0.0,0.0,83834.0,4263540.0,0.0,0.0,4399.0,-43670.0,2025-2026,4347374.0,-39271.0,-97.63086787268148,2025,12,December,Friday
2025-12-13,27184.916666666668,10998.229166666666,7376.020833333333,2555.8333333333335,10998.229166666666,34501.0,14781.0,652.438,263.9575,177.0245,263.9575,61.34,0.40457100904607024,0.27132769703787946,256.0,0.0,0.0,183044.0,15666702.0,0.0,0.0,9254.0,-116571.0,2025-2026,15849746.0,-107317.0,-134.39622204493398,2025,12,December,Saturday
2025-12-14,26235.875,15237.666666666666,4509.770833333333,1971.9583333333333,15237.666666666666,34639.0,16846.0,629.661,365.704,108.2345,365.704,47.327,0.5807950627401094,0.1718932886108557,257.0,0.0,0.0,103432.0,14293851.0,0.0,0.0,13099.0,-106893.0,2025-2026,14397283.0,-93794.0,-133.72111363700148,2025,12,December,Sunday
2025-12-15,32227.333333333332,10481.4375,11828.3125,3476.875,10481.4375,40831.0,14667.0,773.456,251.5545,283.8795,251.5545,83.445,0.3252344024740903,0.3670273422146832,258.0,0.0,0.0,186994.0,1305178.0,0.0,0.0,7456.0,10240.0,2025-2026,1492172.0,17696.0,127.4587890625,2025,12,December,Monday
2025-12-16,32976.854166666664,6227.5625,17422.833333333332,2247.875,6227.5625,40395.0,8617.0,791.4445,149.4615,418.148,149.4615,53.949,0.1888464699672561,0.5283352149139959,259.0,0.0,0.0,117240.0,1613802.0,0.0,0.0,3720.0,-16873.0,2025-2026,1731042.0,-13153.0,-95.64404670183133,2025,12,December,Tuesday
2025-12-17,31917.916666666668,12723.375,12879.229166666666,291.0416666666667,12723.375,38717.0,17198.0,766.03,305.361,309.1015,305.361,6.985,0.3986279910708458,0.4035109591008185,260.0,0.0,0.0,174407.0,10408793.0,0.0,0.0,6165.0,-73719.0,2025-2026,10583200.0,-67554.0,-141.19552625510383,2025,12,December,Wednesday
2025-12-18,31734.541666666668,14672.229166666666,6276.5,5594.25,14672.229166666666,39022.0,16211.0,761.629,352.1335,150.636,352.1335,134.262,0.4623425578595353,0.19778133448174898,261.0,0.0,0.0,118555.0,9564724.0,0.0,0.0,8394.0,-86867.0,2025-2026,9683279.0,-78473.0,-110.1076818584733,2025,12,December,Thursday
2025-12-19,29717.770833333332,13402.583333333334,7948.395833333333,2545.8333333333335,13402.583333333334,37475.0,14808.0,713.2265,321.662,190.7615,321.662,61.1,0.4509955813475803,0.2674627204681823,262.0,0.0,0.0,20206.0,17305734.0,0.0,0.0,7413.0,-133414.0,2025-2026,17325940.0,-126001.0,-129.714527710735,2025,12,December,Friday
2025-12-20,28691.125,8983.75,9481.520833333334,3944.2916666666665,8983.75,35987.0,12314.0,688.587,215.61,227.5565,215.61,94.663,0.3131194750990071,0.3304687715568258,263.0,0.0,0.0,45252.0,2417244.0,0.0,0.0,5479.0,-24171.0,2025-2026,2462496.0,-18692.0,-100.00595755243887,2025,12,December,Saturday
2025-12-21,28766.125,9205.333333333334,8584.25,4719.208333333333,9205.333333333334,36811.0,12064.0,690.387,220.928,206.022,220.928,113.261,0.3200060256059283,0.2984152366716059,264.0,0.0,29207.0,228982.0,3454020.0,0.0,2903.0,9430.0,-29485.0,2025-2026,3712209.0,-17152.0,-117.14498897744616,2025,12,December,Sunday
2025-12-22,30646.9375,10091.75,9751.354166666666,5096.666666666667,10091.75,39000.0,13128.0,735.5265,242.202,234.0325,242.202,122.32,0.3292906509826634,0.31818364124202186,265.0,0.0,282176.0,612342.0,2738464.0,0.0,7135.0,9412.0,-26799.0,2025-2026,3632982.0,-10252.0,-102.18530542184409,2025,12,December,Monday
2025-12-23,31171.395833333332,11130.958333333334,7789.0,6306.958333333333,11130.958333333334,38089.0,13364.0,748.1135,267.143,186.936,267.143,151.367,0.3570888641897252,0.24987652274688266,266.0,0.0,72311.0,305742.0,6673.0,0.0,1977.0,4697.0,-276.0,2025-2026,384726.0,6398.0,-24.17753623188406,2025,12,December,Tuesday
2025-12-24,28645.666666666668,11184.9375,5436.604166666667,6440.875,11184.9375,35423.0,13159.0,687.496,268.4385,130.4785,268.4385,154.581,0.3904582717572175,0.18978801331207745,267.0,0.0,15692.0,474663.0,184687.0,0.0,3399.0,12570.0,-3750.0,2025-2026,675042.0,12219.0,-49.24986666666667,2025,12,December,Wednesday
2025-12-25,25292.479166666668,11814.041666666666,3794.75,5186.125,11814.041666666666,30314.0,12724.0,607.0195,283.537,91.074,283.537,124.467,0.46709702077116133,0.15003471881875294,268.0,0.0,2894.0,1190698.0,136974.0,0.0,415.0,27183.0,-3400.0,2025-2026,1330566.0,24198.0,-40.2864705882353,2025,12,December,Thursday
2025-12-26,25976.375,8663.333333333334,7237.541666666667,3897.0833333333335,8663.333333333334,32913.0,11205.0,623.433,207.92,173.701,207.92,93.53,0.3335081716880563,0.27862015645626714,269.0,0.0,0.0,578062.0,0.0,0.0,0.0,13207.0,0.0,2025-2026,578062.0,13207.0,,2025,12,December,Friday
2025-12-27,27839.9375,9945.895833333334,6081.854166666667,6022.208333333333,9945.895833333334,35589.0,12077.0,668.1585,238.7015,145.9645,238.7015,144.533,0.35725280752994987,0.21845789584357603,270.0,0.0,0.0,866472.0,0.0,0.0,0.0,11794.0,0.0,2025-2026,866472.0,11794.0,,2025,12,December,Saturday
2025-12-28,28801.645833333332,4044.0,11969.9375,5990.458333333333,4044.0,36900.0,7300.0,691.2395,97.056,287.2785,97.056,143.771,0.14040864273526035,0.41559907962435594,271.0,0.0,0.0,667296.0,0.0,0.0,0.0,9923.0,0.0,2025-2026,667296.0,9923.0,,2025,12,December,Sunday
2025-12-29,30618.8125,6072.833333333333,13046.9375,4597.458333333333,6072.833333333333,38870.0,9486.0,734.8515,145.748,313.1265,145.748,110.339,0.19833667074232003,0.4261085402969172,272.0,0.0,0.0,175414.0,0.0,0.0,0.0,7046.0,0.0,2025-2026,175414.0,7046.0,,2025,12,December,Monday
2025-12-30,30804.25,6861.5625,11689.541666666666,5224.291666666667,6861.5625,39294.0,9241.0,739.302,164.6775,280.549,164.6775,125.383,0.2227472670167266,0.3794782105283091,273.0,0.0,0.0,375386.0,653.0,0.0,52.0,8807.0,-59.0,2025-2026,376039.0,8800.0,-11.067796610169491,2025,12,December,Tuesday
2025-12-31,30275.166666666668,11623.125,7919.958333333333,3993.625,11623.125,38174.0,14466.0,726.604,278.955,190.079,278.955,95.847,0.383916135886948,0.2615991654326153,274.0,0.0,0.0,128075.0,11327636.0,0.0,0.0,7376.0,-80549.0,2025-2026,11455711.0,-73173.0,-140.6303740580268,2025,12,December,Wednesday
