bus,decrease_MWh,increase_MWh,net_cost,net_down_MWh,x,y
PEHE4J,342586.30792497424,0.0,-6734234.906046777,342586.30792497424,412733.4257806262,843038.0443710013
MARH4B,70568.6624968115,4.0073722118449945e-10,-3528433.1248405105,70568.6624968111,473389.8202478599,287187.87859349046
KEAP41,43861.61586200018,4713.55024167285,-15241.573419671957,39148.06562032733,482853.3288719101,411616.41570062825
BEAT4-,35852.222012914404,0.0,0.0,35852.222012914404,342739.08210220665,848569.6185376373
CRYR1-,29951.938473262584,0.0,748798.4618315629,29951.938473262584,366686.55639605917,667373.8221195232
FAUG4J,20307.138385033635,891.2408096327266,387929.5612647949,19415.897575400908,235823.53681322356,808352.4161125647
KYPE1-,16113.38636944846,0.0,-3699792.289872253,16113.38636944846,273226.38018319197,642626.1895931414
MEDB4A,15131.238417008934,0.0,378280.9604252226,15131.238417008934,413222.866111833,570382.4093672462
ABBA1-,14488.180707588926,0.0,0.0,14488.180707588926,395693.0219799275,806147.9944342354
BERW3-,13014.172058313496,0.0,325666.7328626409,13014.172058313496,395162.30483317684,653791.8762863745
SPIT1K,13008.365265018803,0.0,325209.1316254705,13008.365265018803,320444.8184101387,949884.2485406199
BRCW2K,12433.674369154436,0.0,0.0,12433.674369154436,283670.72630506946,709534.2668493561
AUCH2-,11310.309017000123,0.0,261898.97451815006,11310.309017000123,209934.75524246797,579908.3503457257
DAAS3-,8528.056252541257,0.0,213201.4063135312,8528.056252541257,315103.07708012825,852748.5849279308
WISH4-,7730.555776184893,0.0,193263.8944046224,7730.555776184893,279076.32558083173,653998.4440598642
BLHI4-,7540.005703299103,0.0,1497.6754071874686,7540.005703299103,345819.88531278336,844795.4582821309
INDQ41,7120.399812552354,0.0,-1603692.047782105,7120.399812552354,193924.86947411828,59025.99486805644
FETT2P,6858.957830252227,0.0,171473.94575630574,6858.957830252227,378976.519453751,785989.5733791006
FWIL1Q,7247.861857791135,799.9434104175224,81584.41644687917,6447.918447373612,212467.1526840001,773976.0313437601
CORI1J,6429.722899541724,0.0,152961.12414822314,6429.722899541724,234354.11661059136,867132.2412994268
ORRI3-,7232.131585418358,889.4681338585036,150195.9441104693,6342.663451559854,243553.49821102398,854532.245604618
WESE1-,6260.295298946645,0.0,156507.38247366616,6260.295298946645,371342.5114211945,670262.9701960557
DENN4-,5770.533264100711,0.0,144263.3316025179,5770.533264100711,285071.1963047299,683185.24754535
CAAD1R,5748.196013367027,0.0,143704.90033417597,5748.196013367027,179402.35253153546,638527.5964031415
GALA1-,5542.38483801803,0.0,138559.62095045092,5542.38483801803,351809.7477889865,635179.7915158608
PEHG3-,5440.162733229015,0.0,0.0,5440.162733229015,413035.68498531723,846062.1336357913
LAIR1-,5210.17675645841,0.0,126375.62952698804,5210.17675645841,258578.85480153473,904615.0726541714
TORN1-,4527.255060651874,0.0,113181.37651629603,4527.255060651874,374586.48544532794,675075.6902436218
NNGO41,4422.58017918636,0.0,110564.50447965947,4422.58017918636,366399.3204343926,669532.7293171326
ELGI1L,4366.779168131615,0.0,109169.4792032905,4366.779168131615,321509.34530317236,864369.5845111359
SPEN42,4036.028462166252,0.0,100900.7115541562,4036.028462166252,428812.11064169125,534514.180162455
QUER4A,3766.347688919725,1.2608580846062978e-11,-13358.951604505335,3766.3476889197123,374691.26511473116,424786.4305864561
FIDD3-,3587.0566134214123,0.0,0.0,3587.0566134214123,382322.87512352795,781119.2363161682
ELVA4-,3554.135956133021,4.899334271613043e-09,88853.39895231398,3554.1359561281215,295174.5145133196,617278.3009872923
SAEN21,3471.341743484655,114.79681781728186,-96200.85586370688,3356.5449256673733,516150.8226150568,428000.4736059798
KAIM3B,3208.3954951137143,0.0,80209.88737784298,3208.3954951137143,327334.4021207099,666988.9116764779
ALYT2B,3041.953179746365,0.0,76048.82949365908,3041.953179746365,324608.0940315301,748533.5418086326
BEAU4-,4344.739942358864,1564.9333808315318,99970.36875337086,2779.806561527332,250766.25113590952,844663.8219369339
ENHI1-,2381.695475037,0.0,59542.38687592498,2381.695475037,266259.95056978194,614065.3774720029
COCK4Q,2167.269035014056,3.205968823749572e-11,80754.19347682942,2167.2690350140238,339736.3256757838,675269.2781755353
WHLL3-,2030.640084941628,0.0,50766.00212354062,2030.640084941628,222599.9464493448,652600.3726407116
DRCR1R,2020.690228519228,0.0,50517.25571298073,2020.690228519228,300845.69991178275,669291.7558316492
WFIB2-,1968.371944532848,0.0,49209.29861332122,1968.371944532848,293787.8707405419,672241.1965325843
BAGA1R,1893.836235521452,0.0,47345.9058880363,1893.836235521452,295435.800103107,668745.3564919492
KINA2K,1862.0699743486252,0.0,44344.629658129554,1862.0699743486252,279343.2720357009,758117.296274673
INVE1J,1768.683457717148,0.0,36315.275724508,1768.683457717148,209605.89162767745,708449.6912931232
KILO1-,1990.663957775846,235.01117703319605,21703.878640539035,1755.65278074265,218643.07599825127,761995.9834825831
SAKN1-,1754.864808355029,0.0,43871.62020887572,1754.864808355029,292567.7158676779,697181.7228640645
CEAN1Q,2472.730774042273,729.346507299358,52089.69882016267,1743.3842667429149,222464.51533515955,810844.5823054723
SPEN11,1735.4176846375963,0.0,68895.57434255391,1735.4176846375963,428812.11064169125,534514.180162455
INGA1Q,2095.913078095718,363.9216269609701,28675.64673852707,1731.9914511347479,230044.5058418242,801129.5895871583
EKIS2-,1714.6831024916985,0.0,42867.07756229249,1714.6831024916985,264416.9893746509,651686.7638929151
DEVM4-,1701.9774953926312,0.0,42549.43738481583,1701.9774953926312,232854.76883102444,673716.8941819936
BEAT4A,1669.7774759058848,0.0,41744.43689764712,1669.7774759058848,342739.08210220665,848569.6185376373
MACD1Q,1656.1594365422498,0.0,41403.98591355639,1656.1594365422498,370800.9767069513,863389.3395035139
GLNI3-,1625.1074352690812,0.0,40627.68588172701,1625.1074352690812,321293.7097520695,691353.3433120387
BROR1-,1583.64316419742,0.0,39591.079104935525,1583.64316419742,289354.42678426305,904956.4093137522
DUGR1Q,1522.8772091614371,7.5,38934.47222903594,1515.3772091614371,128127.78721658699,846582.820962869
CASS1Q,1638.1339683772437,231.8995612489693,24016.029383167195,1406.2344071282744,245356.32617992992,741741.430968889
MOTA1Q,1382.4597048353407,0.0,34561.492620883524,1382.4597048353407,254195.47783657344,870101.6675059191
THUS1J,1370.1188860437621,0.0,-308585.02610920614,1370.1188860437621,311766.24883559707,968457.2247044917
ARDK3K,1338.0314880549895,0.0,5243.200755590225,1338.0314880549895,217163.96029031262,714451.5386367938
BHLA11,1825.866303701533,504.5471815345719,36446.663097900964,1321.3191221669613,244193.993161283,817221.002235653
REDH1-,1175.3825912993575,0.0,29384.564782483903,1175.3825912993575,328768.96588957205,695330.5411250712
DUBE1Q,1137.6247764129555,0.0,28440.61941032383,1137.6247764129555,316183.6259078034,930251.5454363524
MORO21,1089.985973557905,0.0,27249.649338947635,1089.985973557905,383014.4042991919,844556.7640728367
HARR3-,1066.9264845027303,0.0,26673.162112568265,1066.9264845027303,269467.6950944315,636226.1663856198
GRIF1T,1630.1549310974142,582.9582362032467,38457.02670548872,1047.1966948941676,293599.9944888333,744599.9795793779
GRUB3-,978.44782941837,0.0,14422.397969717313,978.44782941837,231056.22209769802,861811.7244503238
FOYE2J,971.30697485119,0.0,14317.14121170195,971.30697485119,249605.6513627468,820883.9188653013
TARL3-,958.848399491745,0.0,23971.20998729361,958.848399491745,352423.7318504426,807015.9560439939
ESST1-,873.4553676339216,0.0,21836.384190848035,873.4553676339216,345131.59349793557,620727.8769115425
SACO1Q,854.4216040722499,0.0,21360.540101806237,854.4216040722499,224544.80613688627,641270.642497196
NANT5-,781.5159297054655,12.5,8161.752138426182,769.0159297054655,186485.31015970482,728668.3186550036
SFIL1Q,753.901220790375,0.0,11112.563295845745,753.901220790375,272743.1852145549,728847.6612957693
ARMO1J,902.9033176480766,150.61070560283576,39893.6575054794,752.2926120452408,122255.00827441312,861108.6424961549
WFIE1A,754.0339050914664,7.110000000000001,19704.04762728665,746.9239050914664,319616.364919532,697440.975423195
GIFF2Q,674.67189040587,0.0,16866.79726014672,674.67189040587,256058.40895817956,658471.6705658337
CRAR3-,663.4639087251749,0.0,16586.59771812937,663.4639087251749,299983.9439361404,646179.373473354
FASN3-,582.540153581985,0.0,8586.687686040359,582.540153581985,232141.21457936545,829253.6196298874
LAGG1R,486.42090180101,0.0,7169.882354108932,486.42090180101,261497.57566459736,794335.6280708852
QUOI1-,461.39998776342,0.0,6801.0721130655,461.39998776342,211699.51057062636,801902.0535322131
FERO1-,458.2917095763605,0.0,6755.255848093035,458.2917095763605,186061.60759058554,688546.6805620089
CREA1B,432.56821510138496,0.0,6376.0895161380095,432.56821510138496,252589.0218711658,928364.0311092394
KILO3-,430.34622911866,0.0,6343.337267972621,430.34622911866,219543.7572270833,761882.2753802086
FYRI1J,377.684406167435,0.0,5567.097855325717,377.684406167435,260764.57483991826,869714.0446702401
DALL2-,376.9345743755799,0.0,5556.045275732471,376.9345743755799,216695.3725043698,727270.8798910107
INVR1C,363.41474996304,0.0,5356.762000430754,363.41474996304,231739.13932513262,718420.1990093448
Central DC Substation,329.98343898196015,32.0,3680.1792,297.98343898196015,361887.95529384253,1001664.1191882391
TUMM1J,280.01509109677,0.0,4127.4444685772505,280.01509109677,276258.1888625164,759017.7218436493
ERRO1K,236.230245478805,0.0,3482.0524000800438,236.230245478805,268276.47507254826,765267.15545545
MELG1J,216.737352252934,0.0,3194.72562063199,216.737352252934,246363.2756050438,795941.000909495
LOCH5J,215.4234711140545,0.0,3175.358909295839,215.4234711140545,248771.39617415576,736703.7517149188
SFIL5-,214.7587185013085,0.0,3165.56040349494,214.7587185013085,272743.1852145549,728847.6612957693
BRCW3-,203.533376661989,0.0,3000.097981805046,203.533376661989,283828.4739694565,710880.921138097
KINA2J,203.24061621379556,0.0,2995.782669770323,203.24061621379556,279272.0755003946,758929.7960883431
BLYT22,201.30131102093264,0.0,5032.532775523316,201.30131102093264,430013.9673082635,583076.0248502347
CRSS3-,212.45388820296048,30.0,6581.755023600792,182.45388820296048,183186.99852749883,651103.1523920998
EDIN1-,161.92127101072498,0.0,2386.732271323372,161.92127101072498,134546.74452140596,850977.3168778961
BROA1Q,152.12024946767042,0.0,2242.2644428365584,152.12024946767042,162669.27181330245,824336.6862327995
LUND1-,150.525385596454,0.0,2218.7560239238405,150.525385596454,208740.62470245958,766209.8564603591
WHTB1S,149.541894975278,0.0,2204.2592948069546,149.541894975278,223588.0282540509,692691.2849690899
BEIN11,140.564271804067,0.0,2071.928423089113,140.564271804067,220441.97174059693,804419.02467447
JUNB1-,139.9132730556,0.0,3497.831826389999,139.9132730556,200092.29621650188,682886.6566621913
SLOY1A,129.6310285364595,0.0,1910.771557322544,129.6310285364595,232548.37392839574,709278.7725432945
KEOO5-,127.51072002605,0.0,3187.7680006512496,127.51072002605,261179.94150830852,587336.5674621015
RANN3Q,107.7604140422245,0.0,1588.396979348747,107.7604140422245,253186.35387580338,757960.8095338563
HARM61,87.0164991767393,0.0,2175.4124794184827,87.0164991767393,445816.9676182631,534252.9930167802
RORE31,55.05370768219999,0.0,1376.342692055,55.05370768219999,338133.84982172924,561273.5947438561
STEW21,50.151199796155,0.0,1253.779994903875,50.151199796155,416882.46723067085,564495.8540365878
NORT21,25.21494,0.0,630.3735,25.21494,441272.7412789464,522070.47660826286
GALA3-,19.24320374399245,0.0,762.5075071662734,19.24320374399245,351809.7477889865,635179.7915158608
ECCL3-,12.217985577813653,0.0,484.13485869995947,12.217985577813653,379485.4209335479,641673.0232436595
FAUG1P,2.14743463289313e-09,7.299467696952887e-10,4.225259821661948e-06,1.4174878631978412e-09,235823.53681322356,808352.4161125647
BOLN41,1.5163230671078052e-09,5.687743609428253e-10,3.2263571478923045e-08,9.4754870616498e-10,523907.3339107641,120920.43815736461
SIZE41,7.122480383259244e-11,0.0,7.122480383259244e-07,7.122480383259244e-11,647326.9961925378,263557.03285808157
FLEE11,2.0129675704083638e-11,0.0,-3.155145582799836e-13,2.0129675704083638e-11,478191.25308758335,150713.07715742273
GWAW31,13.703855117561805,13.70385511756136,753.7120314658773,4.440892098500626e-13,275298.3993041545,369304.17358593614
GREN41,9.345302309782256e-14,0.0,5.607181385869353e-12,9.345302309782256e-14,487103.86207326996,261338.67059593333
BRFO41,9.059419880941277e-14,0.0,-1.4199825690327534e-15,9.059419880941277e-14,610012.2552811322,245737.47111094272
OLDB21,0.0,0.0,0.0,0.0,398579.3704051636,288959.00207805156
OLDB11,0.0,0.0,0.0,0.0,398579.3704051636,288959.00207805156
OCKH21,0.0,0.0,0.0,0.0,397850.9178837318,293682.0657668995
OFFE32,0.0,0.0,0.0,0.0,434898.038987081,554186.3324048966
PEHE2J,0.0,0.0,0.0,0.0,412733.4257806262,843038.0443710013
OLDB2A,0.0,0.0,0.0,0.0,398579.3704051636,288959.00207805156
OFFE31,0.0,0.0,0.0,0.0,434898.038987081,554186.3324048966
OLDB4A,0.0,0.0,0.0,0.0,398579.3704051636,288959.00207805156
OLDS12,0.0,0.0,0.0,0.0,360601.1997419649,194556.93430191337
OFFE21,0.0,0.0,0.0,0.0,434898.038987081,554186.3324048966
OCKH2A,0.0,0.0,0.0,0.0,397850.9178837318,293682.0657668995
PART3-,0.0,0.0,0.0,0.0,255171.34858812176,666465.5825678419
OCKH11,0.0,0.0,0.0,0.0,397850.9178837318,293682.0657668995
ORMO11,0.0,0.0,0.0,0.0,302868.0334102647,532703.8373390806
NURS41,0.0,0.0,0.0,0.0,436073.50454453815,115842.41744328346
NURS11,0.0,0.0,0.0,0.0,436073.50454453815,115842.41744328346
NOTR12,0.0,0.0,0.0,0.0,624790.3364113377,306020.6645946282
NOTR11,0.0,0.0,0.0,0.0,624790.3364113377,306020.6645946282
NORW12,0.0,0.0,0.0,0.0,622915.4363509021,308508.8273160076
NORW11,0.0,0.0,0.0,0.0,622915.4363509021,308508.8273160076
NORT41,0.0,0.0,0.0,0.0,441272.7412789464,522070.47660826286
PEHE2K,0.0,0.0,0.0,0.0,412733.4257806262,843038.0443710013
NORT11,0.0,0.0,0.0,0.0,441272.7412789464,522070.47660826286
NORM1B,0.0,0.0,0.0,0.0,621798.4090255044,302297.79683950107
NORM1A,0.0,0.0,0.0,0.0,621798.4090255044,302297.79683950107
NURS4A,0.0,0.0,0.0,0.0,436073.50454453815,115842.41744328346
ORMO31,0.0,0.0,0.0,0.0,302868.0334102647,532703.8373390806
PEHE2-,0.0,0.0,0.0,0.0,412733.4257806262,843038.0443710013
OSBA42,0.0,0.0,0.0,0.0,464120.05482959194,451586.5374772877
PART1Q,0.0,0.0,0.0,0.0,255171.34858812176,666465.5825678419
PAIS3-,0.0,0.0,0.0,0.0,249135.30969430043,663285.383079832
PAIS1T,0.0,0.0,0.0,0.0,249135.30969430043,663285.383079832
PAIS1S,0.0,0.0,0.0,0.0,249135.30969430043,663285.383079832
PAIS1R,0.0,0.0,0.0,0.0,249135.30969430043,663285.383079832
PEHE1-,0.0,0.0,0.0,0.0,413024.8599174226,846433.601134365
PAIS1Q,0.0,0.0,0.0,0.0,249135.30969430043,663285.383079832
PAFB4B,0.0,0.0,0.0,0.0,399703.597186825,170906.30382508266
PAFB4A,0.0,0.0,0.0,0.0,399703.597186825,170906.30382508266
PADI41,0.0,0.0,0.0,0.0,378528.13431813865,433183.4281999809
PADI11,0.0,0.0,0.0,0.0,378528.13431813865,433183.4281999809
OSBA41,0.0,0.0,0.0,0.0,464120.05482959194,451586.5374772877
PART1R,0.0,0.0,0.0,0.0,255171.34858812176,666465.5825678419
OSBA11,0.0,0.0,0.0,0.0,464120.05482959194,451586.5374772877
ORRI5-,0.0,0.0,0.0,0.0,243553.49821102398,854532.245604618
ALVE4B,0.0,0.0,0.0,0.0,250135.03434795418,125098.29423627807
ORRI1T,0.0,0.0,0.0,0.0,243553.49821102398,854532.245604618
ORRI1S,0.0,0.0,0.0,0.0,243553.49821102398,854532.245604618
ORRI1R,0.0,0.0,0.0,0.0,243553.49821102398,854532.245604618
ORRI1Q,0.0,0.0,0.0,0.0,243553.49821102398,854532.245604618
NORM11,0.0,0.0,0.0,0.0,621798.4090255044,302297.79683950107
ORMW32,0.0,0.0,0.0,0.0,306101.7472121746,466741.8095958134
ORMW31,0.0,0.0,0.0,0.0,306101.7472121746,466741.8095958134
ORMW11,0.0,0.0,0.0,0.0,306101.7472121746,466741.8095958134
NORM12,0.0,0.0,0.0,0.0,621798.4090255044,302297.79683950107
BEIN31,0.0,0.0,0.0,0.0,220441.97174059693,804419.02467447
NORL31,0.0,0.0,0.0,0.0,435383.2058039697,383793.35087556316
NEIL4R,0.0,0.0,0.0,0.0,247882.54301536342,657056.4452752568
NEIL2D,0.0,0.0,0.0,0.0,247882.54301536342,657056.4452752568
NEIL2C,0.0,0.0,0.0,0.0,247882.54301536342,657056.4452752568
NEIL2-,0.0,0.0,0.0,0.0,247882.54301536342,657056.4452752568
NEIL1C,0.0,0.0,0.0,0.0,247882.54301536342,657056.4452752568
NEIL1-,0.0,0.0,0.0,0.0,247882.54301536342,657056.4452752568
NEEP4A,0.0,0.0,0.0,0.0,434053.1599839044,390034.1007520217
NEEP31,0.0,0.0,0.0,0.0,434053.1599839044,390034.1007520217
NEEP21,0.0,0.0,0.0,0.0,434053.1599839044,390034.1007520217
NEDE4K,0.0,0.0,0.0,0.0,388582.7514992566,846942.5192525992
NEDE4J,0.0,0.0,0.0,0.0,388582.7514992566,846942.5192525992
NECU1R,0.0,0.0,0.0,0.0,261839.91984032482,614201.8835852908
NECU1Q,0.0,0.0,0.0,0.0,261839.91984032482,614201.8835852908
NECU1C,0.0,0.0,0.0,0.0,261839.91984032482,614201.8835852908
NECU1-,0.0,0.0,0.0,0.0,261839.91984032482,614201.8835852908
NECT4B,0.0,0.0,0.0,0.0,587944.7031861235,309579.86639193713
NECT4A,0.0,0.0,0.0,0.0,587944.7031861235,309579.86639193713
NECT41,0.0,0.0,0.0,0.0,587944.7031861235,309579.86639193713
NECH21,0.0,0.0,0.0,0.0,409565.9093246756,289386.3564955857
NECH12,0.0,0.0,0.0,0.0,409565.9093246756,289386.3564955857
NECH11,0.0,0.0,0.0,0.0,410198.40505264397,289911.53802965546
NEAR3-,0.0,0.0,0.0,0.0,278802.0171792066,660371.083682913
NEAR2R,0.0,0.0,0.0,0.0,278802.0171792066,660371.083682913
NEAR2Q,0.0,0.0,0.0,0.0,278802.0171792066,660371.083682913
AMEM11,0.0,0.0,0.0,0.0,493112.13841703505,197018.88559544575
NANT1Q,0.0,0.0,0.0,0.0,186485.31015970482,728668.3186550036
NAIR3-,0.0,0.0,0.0,0.0,289785.2961619127,855274.9644669879
NAIR1R,0.0,0.0,0.0,0.0,289785.2961619127,855274.9644669879
NEIL4Q,0.0,0.0,0.0,0.0,247882.54301536342,657056.4452752568
NETH3-,0.0,0.0,0.0,0.0,254467.8770662181,669628.7420022961
NORL2B,0.0,0.0,0.0,0.0,435383.2058039697,383793.35087556316
NETS1-,0.0,0.0,0.0,0.0,240559.4738881443,564369.2513308846
NORL2A,0.0,0.0,0.0,0.0,435383.2058039697,383793.35087556316
PEHE2R,0.0,0.0,0.0,0.0,412733.4257806262,843038.0443710013
NOKY3B,0.0,0.0,0.0,0.0,261973.52383446053,614420.4372808317
NOKY3A,0.0,0.0,0.0,0.0,261973.52383446053,614420.4372808317
NOKY1-,0.0,0.0,0.0,0.0,261906.72341007573,614311.1599463032
NNGW62,0.0,0.0,0.0,0.0,384614.25933180045,708307.8995870593
NNGW61,0.0,0.0,0.0,0.0,384614.25933180045,708307.8995870593
NNGW22,0.0,0.0,0.0,0.0,384614.25933180045,708307.8995870593
NNGW21,0.0,0.0,0.0,0.0,384614.25933180045,708307.8995870593
NNGO42,0.0,0.0,0.0,0.0,366399.3204343926,669532.7293171326
ALYT2A,0.0,0.0,0.0,0.0,324608.0940315301,748533.5418086326
NNGO22,0.0,0.0,0.0,0.0,366399.3204343926,669532.7293171326
NNGO21,0.0,0.0,0.0,0.0,366399.3204343926,669532.7293171326
NINF41,0.0,0.0,0.0,0.0,572409.6714138002,111880.70788879102
NINF12,0.0,0.0,0.0,0.0,572409.6714138002,111880.70788879102
NINF11,0.0,0.0,0.0,0.0,572409.6714138002,111880.70788879102
NHYD61,0.0,0.0,0.0,0.0,510364.6717104716,179005.9558417942
NHYD2B,0.0,0.0,0.0,0.0,510364.6717104716,179005.9558417942
NHYD2A,0.0,0.0,0.0,0.0,510364.6717104716,179005.9558417942
NFLE41,0.0,0.0,0.0,0.0,562057.319819572,172457.36146973033
NFLE12,0.0,0.0,0.0,0.0,562057.319819572,172457.36146973033
NFLE11,0.0,0.0,0.0,0.0,562057.319819572,172457.36146973033
NEWX62,0.0,0.0,0.0,0.0,534709.8183243962,177876.80580538698
NEWX61,0.0,0.0,0.0,0.0,534709.8183243962,177876.80580538698
NEWX21,0.0,0.0,0.0,0.0,534709.8183243962,177876.80580538698
NEWX11,0.0,0.0,0.0,0.0,534709.8183243962,177876.80580538698
NETS3-,0.0,0.0,0.0,0.0,240559.4738881443,564369.2513308846
PEHE2Q,0.0,0.0,0.0,0.0,412733.4257806262,843038.0443710013
PEHE2W,0.0,0.0,0.0,0.0,412733.4257806262,843038.0443710013
PEHE2S,0.0,0.0,0.0,0.0,412733.4257806262,843038.0443710013
RASS11,0.0,0.0,0.0,0.0,315590.9035746327,212938.20922262536
RANN1Q,0.0,0.0,0.0,0.0,253186.35387580338,757960.8095338563
RAMW3B,0.0,0.0,0.0,0.0,527320.2636719532,86026.69391888249
RAMW3A,0.0,0.0,0.0,0.0,527320.2636719532,86026.69391888249
RAMW32,0.0,0.0,0.0,0.0,527961.799174876,104428.23015346148
RAMW31,0.0,0.0,0.0,0.0,527961.799174876,104428.23015346148
RAMW12,0.0,0.0,0.0,0.0,527320.2636719532,86026.69391888249
RAMW11,0.0,0.0,0.0,0.0,527320.2636719532,86026.69391888249
RAIN21,0.0,0.0,0.0,0.0,351068.01303162356,391836.97610489256
RAIN12,0.0,0.0,0.0,0.0,351068.01303162356,391836.97610489256
RAIN11,0.0,0.0,0.0,0.0,351068.01303162356,391836.97610489256
RACW34,0.0,0.0,0.0,0.0,548748.5163255933,316600.31609428837
RACW33,0.0,0.0,0.0,0.0,548748.5163255933,316600.31609428837
RACW32,0.0,0.0,0.0,0.0,548668.381190569,316660.7947343154
RACW31,0.0,0.0,0.0,0.0,548668.381190569,316660.7947343154
RACW22,0.0,0.0,0.0,0.0,548748.5163255933,316600.31609428837
RACW21,0.0,0.0,0.0,0.0,548708.4485079249,316630.55524734326
RACO42,0.0,0.0,0.0,0.0,548668.381190569,316660.7947343154
RACO41,0.0,0.0,0.0,0.0,548668.381190569,316660.7947343154
RACO22,0.0,0.0,0.0,0.0,548748.5163255933,316600.31609428837
RACO21,0.0,0.0,0.0,0.0,548748.5163255933,316600.31609428837
QUOI5-,0.0,0.0,0.0,0.0,211699.51057062636,801902.0535322131
QUOI1Q,0.0,0.0,0.0,0.0,211699.51057062636,801902.0535322131
ALST31,0.0,0.0,0.0,0.0,332453.15091300366,183761.74852205144
QUER4B,0.0,0.0,0.0,0.0,346354.69751014514,459013.5801222054
ALST32,0.0,0.0,0.0,0.0,332453.15091300366,183761.74852205144
PYLE21,0.0,0.0,0.0,0.0,283042.54201858264,183230.01406855293
PYLE11,0.0,0.0,0.0,0.0,283042.54201858264,183230.01406855293
RANN1R,0.0,0.0,0.0,0.0,253186.35387580338,757960.8095338563
RASS41,0.0,0.0,0.0,0.0,315590.9035746327,212938.20922262536
PEHE2T,0.0,0.0,0.0,0.0,412733.4257806262,843038.0443710013
RATS11,0.0,0.0,0.0,0.0,450407.4729800618,329794.1886459553
RORW31,0.0,0.0,0.0,0.0,338133.84982172924,561273.5947438561
RORW11,0.0,0.0,0.0,0.0,338224.636690848,561230.624073331
RORE11,0.0,0.0,0.0,0.0,338224.636690848,561230.624073331
ROCK1A,0.0,0.0,0.0,0.0,351849.0799201264,380068.72145800584
ROCH4A,0.0,0.0,0.0,0.0,385845.8309846409,413923.4351264055
ROCH21,0.0,0.0,0.0,0.0,385845.8309846409,413923.4351264055
ROCH12,0.0,0.0,0.0,0.0,385845.8309846409,413923.4351264055
ROCH11,0.0,0.0,0.0,0.0,385845.8309846409,413923.4351264055
RICH41,0.0,0.0,0.0,0.0,633291.5563670533,161939.27628174843
RICH11,0.0,0.0,0.0,0.0,633291.5563670533,161939.27628174843
RHIG41,0.0,0.0,0.0,0.0,293228.33189363754,206500.5811757882
REDM3-,0.0,0.0,0.0,0.0,394551.01781837974,801946.3727643902
REDM1R,0.0,0.0,0.0,0.0,394551.01781837974,801946.3727643902
REDM1Q,0.0,0.0,0.0,0.0,394551.01781837974,801946.3727643902
REDH3-,0.0,0.0,0.0,0.0,328768.96588957205,695330.5411250712
ALNE3J,0.0,0.0,0.0,0.0,264592.1508586975,870979.3480448452
REBR32,0.0,0.0,0.0,0.0,541698.026972367,189799.7138289584
REBR31,0.0,0.0,0.0,0.0,541698.026972367,189799.7138289584
REBR22,0.0,0.0,0.0,0.0,541698.026972367,189799.7138289584
REBR21,0.0,0.0,0.0,0.0,541698.026972367,189799.7138289584
RAYM11,0.0,0.0,0.0,0.0,578008.5860883596,191435.0785988163
RAYL41,0.0,0.0,0.0,0.0,578008.5860883596,191435.0785988163
RAVE3T,0.0,0.0,0.0,0.0,279076.32558083173,653998.4440598642
RAVE3S,0.0,0.0,0.0,0.0,279076.32558083173,653998.4440598642
RATS41,0.0,0.0,0.0,0.0,450407.4729800618,329794.1886459553
RATS2A,0.0,0.0,0.0,0.0,450407.4729800618,329794.1886459553
RATS12,0.0,0.0,0.0,0.0,450407.4729800618,329794.1886459553
PUDM41,0.0,0.0,0.0,0.0,537876.3687464283,183527.9617114109
PRST3A,0.0,0.0,0.0,0.0,295240.4298290649,617388.0676448523
PORH11,0.0,0.0,0.0,0.0,381768.6562132569,219261.779333236
PORD3-,0.0,0.0,0.0,0.0,259082.0101030398,666737.3664787071
PENT11,0.0,0.0,0.0,0.0,255800.86673668885,367722.81870269374
PENN4B,0.0,0.0,0.0,0.0,385971.3526594753,295423.77480089327
PENN4A,0.0,0.0,0.0,0.0,385971.3526594753,295423.77480089327
PENN21,0.0,0.0,0.0,0.0,385971.3526594753,295423.77480089327
PENN11,0.0,0.0,0.0,0.0,385971.3526594753,295423.77480089327
PENE11,0.0,0.0,0.0,0.0,350296.3521208887,427811.08928629546
PEMB11,0.0,0.0,0.0,0.0,193589.04268229604,202380.66225742077
PELH41,0.0,0.0,0.0,0.0,545619.8745598963,228407.54769215942
PELH12,0.0,0.0,0.0,0.0,545619.8745598963,228407.54769215942
PELH11,0.0,0.0,0.0,0.0,545619.8745598963,228407.54769215942
PEHS5-,0.0,0.0,0.0,0.0,413024.8599174226,846433.601134365
ALVE11,0.0,0.0,0.0,0.0,250135.03434795418,125098.29423627807
PEHG1R,0.0,0.0,0.0,0.0,413035.68498531723,846062.1336357913
PEHG1Q,0.0,0.0,0.0,0.0,413035.68498531723,846062.1336357913
PEHERSV2,0.0,0.0,0.0,0.0,412733.4257806262,843038.0443710013
PEHERSV1,0.0,0.0,0.0,0.0,412733.4257806262,843038.0443710013
PEHEMEC6,0.0,0.0,0.0,0.0,412733.4257806262,843038.0443710013
PEHEMEC5,0.0,0.0,0.0,0.0,412733.4257806262,843038.0443710013
PEHEMEC4,0.0,0.0,0.0,0.0,412733.4257806262,843038.0443710013
PEHEMEC3,0.0,0.0,0.0,0.0,412733.4257806262,843038.0443710013
PEHEMEC2,0.0,0.0,0.0,0.0,412733.4257806262,843038.0443710013
PEHEMEC1,0.0,0.0,0.0,0.0,412733.4257806262,843038.0443710013
PEHE4K,0.0,0.0,0.0,0.0,412733.4257806262,843038.0443710013
ALVE4A,0.0,0.0,0.0,0.0,250135.03434795418,125098.29423627807
MYBS3N,0.0,0.0,0.0,0.0,317098.968467609,951616.6113455747
PEHE2V,0.0,0.0,0.0,0.0,412733.4257806262,843038.0443710013
PEHE2U,0.0,0.0,0.0,0.0,412733.4257806262,843038.0443710013
PENT41,0.0,0.0,0.0,0.0,255800.86673668885,367722.81870269374
PENW11,0.0,0.0,0.0,0.0,350296.3521208887,427811.08928629546
PERS1Q,0.0,0.0,0.0,0.0,391730.9052202089,809264.9306516885
POGB3-,0.0,0.0,0.0,0.0,346524.4846064402,660630.3661184218
PORD2R,0.0,0.0,0.0,0.0,259082.0101030398,666737.3664787071
PORD2Q,0.0,0.0,0.0,0.0,259082.0101030398,666737.3664787071
PORA3-,0.0,0.0,0.0,0.0,191343.42289093556,686522.8439206057
PORA1U,0.0,0.0,0.0,0.0,191343.42289093556,686522.8439206057
PORA1T,0.0,0.0,0.0,0.0,191343.42289093556,686522.8439206057
PORA1S,0.0,0.0,0.0,0.0,191343.42289093556,686522.8439206057
PORA1R,0.0,0.0,0.0,0.0,191343.42289093556,686522.8439206057
POPP31,0.0,0.0,0.0,0.0,456973.4201456601,453496.3072190231
POPP21,0.0,0.0,0.0,0.0,456973.4201456601,453496.3072190231
POOB3-,0.0,0.0,0.0,0.0,330004.178439921,673824.5586200487
POOB2R,0.0,0.0,0.0,0.0,330004.178439921,673824.5586200487
POOB2Q,0.0,0.0,0.0,0.0,330004.178439921,673824.5586200487
PITS32,0.0,0.0,0.0,0.0,436913.20943520044,389354.464244358
PERS1R,0.0,0.0,0.0,0.0,391730.9052202089,809264.9306516885
PITS31,0.0,0.0,0.0,0.0,436913.20943520044,389354.464244358
PITS21,0.0,0.0,0.0,0.0,436913.20943520044,389354.464244358
PEWO4B,0.0,0.0,0.0,0.0,351999.3912568736,427473.1890257817
PEWO4A,0.0,0.0,0.0,0.0,351999.3912568736,427473.1890257817
PEWO41,0.0,0.0,0.0,0.0,351999.3912568736,427473.1890257817
PEWO2D,0.0,0.0,0.0,0.0,351999.3912568736,427473.1890257817
PEWO2C,0.0,0.0,0.0,0.0,351999.3912568736,427473.1890257817
PEWO2B,0.0,0.0,0.0,0.0,351999.3912568736,427473.1890257817
PEWO2A,0.0,0.0,0.0,0.0,351999.3912568736,427473.1890257817
PERS3-,0.0,0.0,0.0,0.0,391730.9052202089,809264.9306516885
PERS2R,0.0,0.0,0.0,0.0,391730.9052202089,809264.9306516885
PERS2Q,0.0,0.0,0.0,0.0,391730.9052202089,809264.9306516885
NAIR1Q,0.0,0.0,0.0,0.0,289785.2961619127,855274.9644669879
MYBS3K,0.0,0.0,0.0,0.0,317098.968467609,951616.6113455747
MYBS3M,0.0,0.0,0.0,0.0,317098.968467609,951616.6113455747
LISD2A,0.0,0.0,0.0,0.0,338700.23349234276,391798.02041616366
LOAW32,0.0,0.0,0.0,0.0,640123.0711343449,200613.40977653593
LOAW31,0.0,0.0,0.0,0.0,640123.0711343449,200613.40977653593
LOAW12,0.0,0.0,0.0,0.0,640123.0711343449,200613.40977653593
LOAW11,0.0,0.0,0.0,0.0,640123.0711343449,200613.40977653593
LOAN2T,0.0,0.0,0.0,0.0,295299.5927222615,685200.5293196214
LOAN2R,0.0,0.0,0.0,0.0,295299.5927222615,685200.5293196214
LOAN2Q,0.0,0.0,0.0,0.0,295299.5927222615,685200.5293196214
LOAN2-,0.0,0.0,0.0,0.0,295299.5927222615,685200.5293196214
LITT41,0.0,0.0,0.0,0.0,556014.1499355419,175904.75333237217
LITT2B,0.0,0.0,0.0,0.0,556014.1499355419,175904.75333237217
LITT2A,0.0,0.0,0.0,0.0,556014.1499355419,175904.75333237217
LITT11,0.0,0.0,0.0,0.0,556014.1499355419,175904.75333237217
LITB11,0.0,0.0,0.0,0.0,518498.3048007026,257669.04083978967
LISD21,0.0,0.0,0.0,0.0,338700.23349234276,391798.02041616366
LINM1Q,0.0,0.0,0.0,0.0,259002.59910246037,670077.9812606511
LISD11,0.0,0.0,0.0,0.0,338700.23349234276,391798.02041616366
LINS32,0.0,0.0,0.0,0.0,566520.5601205039,368883.8561212482
LINS31,0.0,0.0,0.0,0.0,566520.5601205039,368883.8561212482
LINS30,0.0,0.0,0.0,0.0,557752.2717119363,368395.597362011
LINS12,0.0,0.0,0.0,0.0,566520.5601205039,368883.8561212482
LINS11,0.0,0.0,0.0,0.0,566520.5601205039,368883.8561212482
LINO42,0.0,0.0,0.0,0.0,483090.51240297494,355999.1706420175
LINO41,0.0,0.0,0.0,0.0,483090.51240297494,355999.1706420175
LINO14,0.0,0.0,0.0,0.0,483090.51240297494,355999.1706420175
LINO13,0.0,0.0,0.0,0.0,483090.51240297494,355999.1706420175
LINO12,0.0,0.0,0.0,0.0,483090.51240297494,355999.1706420175
LINO11,0.0,0.0,0.0,0.0,483090.51240297494,355999.1706420175
LINM3-,0.0,0.0,0.0,0.0,259002.59910246037,670077.9812606511
LOAW34,0.0,0.0,0.0,0.0,640123.0711343449,200613.40977653593
LOCB1J,0.0,0.0,0.0,0.0,266148.25301910914,898398.0355155097
LOCB1K,0.0,0.0,0.0,0.0,266148.25301910914,898398.0355155097
LOCB1L,0.0,0.0,0.0,0.0,266148.25301910914,898398.0355155097
LOVE41,0.0,0.0,0.0,0.0,467564.76276056597,113411.87182113418
LOVE12,0.0,0.0,0.0,0.0,467564.76276056597,113411.87182113418
LOVE11,0.0,0.0,0.0,0.0,467564.76276056597,113411.87182113418
LONO4B,0.0,0.0,0.0,0.0,605458.5012047702,163916.0991433108
LONO4A,0.0,0.0,0.0,0.0,605458.5012047702,163916.0991433108
LONO42,0.0,0.0,0.0,0.0,605458.5012047702,163916.0991433108
LONO41,0.0,0.0,0.0,0.0,605458.5012047702,163916.0991433108
LONO14,0.0,0.0,0.0,0.0,605458.5012047702,163916.0991433108
LONO13,0.0,0.0,0.0,0.0,605458.5012047702,163916.0991433108
LONO12,0.0,0.0,0.0,0.0,605458.5012047702,163916.0991433108
LONO11,0.0,0.0,0.0,0.0,605458.5012047702,163916.0991433108
LOFI4B,0.0,0.0,0.0,0.0,560108.6468320473,168862.7247589102
LOFI4A,0.0,0.0,0.0,0.0,560108.6468320473,168862.7247589102
LODR62,0.0,0.0,0.0,0.0,527003.5702371873,182644.9152343659
LODR61,0.0,0.0,0.0,0.0,527003.5702371873,182644.9152343659
LOCL1R,0.0,0.0,0.0,0.0,229633.87270714354,803606.9473967254
LOCL1Q,0.0,0.0,0.0,0.0,229633.87270714354,803606.9473967254
LOCH5K,0.0,0.0,0.0,0.0,248771.39617415576,736703.7517149188
ANSU3-,0.0,0.0,0.0,0.0,281353.30363930174,807082.8169311399
LOCH1-,0.0,0.0,0.0,0.0,248771.39617415576,736703.7517149188
LOCB2K,0.0,0.0,0.0,0.0,266148.25301910914,898398.0355155097
LOCB2J,0.0,0.0,0.0,0.0,266148.25301910914,898398.0355155097
LOCB1U,0.0,0.0,0.0,0.0,266148.25301910914,898398.0355155097
LOCB1T,0.0,0.0,0.0,0.0,266148.25301910914,898398.0355155097
LOCB1S,0.0,0.0,0.0,0.0,266148.25301910914,898398.0355155097
LOCB1R,0.0,0.0,0.0,0.0,266148.25301910914,898398.0355155097
LOCB1M,0.0,0.0,0.0,0.0,266148.25301910914,898398.0355155097
LINM1R,0.0,0.0,0.0,0.0,259002.59910246037,670077.9812606511
LING3-,0.0,0.0,0.0,0.0,305899.5410576072,669284.2832723592
ROTI4J,0.0,0.0,0.0,0.0,372197.4584610519,835761.8468253242
KNAR21,0.0,0.0,0.0,0.0,433645.4243611822,459588.66171046
LACK2B,0.0,0.0,0.0,0.0,456129.9673767941,519504.2574928226
LACK2A,0.0,0.0,0.0,0.0,456129.9673767941,519504.2574928226
LACK21,0.0,0.0,0.0,0.0,456129.9673767941,519504.2574928226
KYPE3A,0.0,0.0,0.0,0.0,273226.38018319197,642626.1895931414
KYPE3-,0.0,0.0,0.0,0.0,273226.38018319197,642626.1895931414
ARBR3-,0.0,0.0,0.0,0.0,362054.03006239695,741494.3049472049
KNOC2P,0.0,0.0,0.0,0.0,267130.13787192537,841904.9730998869
KNOC2N,0.0,0.0,0.0,0.0,267130.13787192537,841904.9730998869
KNOC2M,0.0,0.0,0.0,0.0,267130.13787192537,841904.9730998869
KNOC2L,0.0,0.0,0.0,0.0,267130.13787192537,841904.9730998869
KNOC2K,0.0,0.0,0.0,0.0,267130.13787192537,841904.9730998869
KNOC2J,0.0,0.0,0.0,0.0,267130.13787192537,841904.9730998869
KNOC1J,0.0,0.0,0.0,0.0,267130.13787192537,841904.9730998869
KITW21,0.0,0.0,0.0,0.0,399197.3931660706,281475.8261974203
LING1R,0.0,0.0,0.0,0.0,305899.5410576072,669284.2832723592
KITW11,0.0,0.0,0.0,0.0,399197.3931660706,281475.8261974203
KIRK2A,0.0,0.0,0.0,0.0,426648.29215948906,434466.2827131774
KIRK21,0.0,0.0,0.0,0.0,426648.29215948906,434466.2827131774
KIRK11,0.0,0.0,0.0,0.0,426648.29215948906,434466.2827131774
KIOR5-,0.0,0.0,0.0,0.0,249010.54699914198,844530.4410607737
KIOR1Q,0.0,0.0,0.0,0.0,249010.54699914198,844530.4410607737
KINT4K,0.0,0.0,0.0,0.0,377508.90374093025,813637.7765280615
KINT4J,0.0,0.0,0.0,0.0,377508.90374093025,813637.7765280615
BEIW21,0.0,0.0,0.0,0.0,348446.1172916257,929372.0035577759
KINT2K,0.0,0.0,0.0,0.0,377508.90374093025,813637.7765280615
KINT2J,0.0,0.0,0.0,0.0,377508.90374093025,813637.7765280615
KINT1U,0.0,0.0,0.0,0.0,377508.90374093025,813637.7765280615
KINT1T,0.0,0.0,0.0,0.0,377508.90374093025,813637.7765280615
LACK2C,0.0,0.0,0.0,0.0,456129.9673767941,519504.2574928226
LACK41,0.0,0.0,0.0,0.0,456129.9673767941,519504.2574928226
LACK42,0.0,0.0,0.0,0.0,458131.3012904544,519685.4550555587
LACK61,0.0,0.0,0.0,0.0,456129.9673767941,519504.2574928226
LING1Q,0.0,0.0,0.0,0.0,305899.5410576072,669284.2832723592
LEVT1R,0.0,0.0,0.0,0.0,338236.5427484382,700761.6928397873
LEVT1Q,0.0,0.0,0.0,0.0,338236.5427484382,700761.6928397873
LEVE3-,0.0,0.0,0.0,0.0,338239.061507706,702141.0099819989
LEVE1R,0.0,0.0,0.0,0.0,338239.061507706,702141.0099819989
LEVE1Q,0.0,0.0,0.0,0.0,338239.061507706,702141.0099819989
LEMR11,0.0,0.0,0.0,0.0,419855.4845462195,292348.03677217686
LEIS4A,0.0,0.0,0.0,0.0,644455.5135076562,262499.6932293465
LEIS11,0.0,0.0,0.0,0.0,644455.5135076562,262499.6932293465
LEIB4B,0.0,0.0,0.0,0.0,492117.0838099921,225072.25638550025
LEIB4A,0.0,0.0,0.0,0.0,492117.0838099921,225072.25638550025
LEGA4B,0.0,0.0,0.0,0.0,329540.839531284,348469.9568524194
LEGA4A,0.0,0.0,0.0,0.0,329540.839531284,348469.9568524194
LEGA41,0.0,0.0,0.0,0.0,329540.839531284,348469.9568524194
LEGA11,0.0,0.0,0.0,0.0,329540.839531284,348469.9568524194
LAZE41,0.0,0.0,0.0,0.0,458131.3012904544,519685.4550555587
LAND42,0.0,0.0,0.0,0.0,240904.98011125883,62896.73087862483
LAND41,0.0,0.0,0.0,0.0,240904.98011125883,62896.73087862483
LAMB2T,0.0,0.0,0.0,0.0,258449.21226673998,669298.4970119551
LAMB2-,0.0,0.0,0.0,0.0,258449.21226673998,669298.4970119551
LALE31,0.0,0.0,0.0,0.0,506515.31737533765,170603.51370051404
LALE21,0.0,0.0,0.0,0.0,506515.31737533765,170603.51370051404
LALE11,0.0,0.0,0.0,0.0,506515.31737533765,170603.51370051404
LAIR3-,0.0,0.0,0.0,0.0,258578.85480153473,904615.0726541714
ARBR1Q,0.0,0.0,0.0,0.0,362054.03006239695,741494.3049472049
ARBR1R,0.0,0.0,0.0,0.0,362054.03006239695,741494.3049472049
LAGG1Q,0.0,0.0,0.0,0.0,261497.57566459736,794335.6280708852
LOYW11,0.0,0.0,0.0,0.0,644008.6228858068,194782.54058472946
LOYW12,0.0,0.0,0.0,0.0,644008.6228858068,194782.54058472946
LOYW31,0.0,0.0,0.0,0.0,644008.6228858068,194782.54058472946
MORF41,0.0,0.0,0.0,0.0,342669.5674893644,865458.5106419988
MOSM3Q,0.0,0.0,0.0,0.0,316980.70281556406,690660.4265285021
MOSM2-,0.0,0.0,0.0,0.0,316980.70281556406,690660.4265285021
MOSM1B,0.0,0.0,0.0,0.0,316980.70281556406,690660.4265285021
MOSM1A,0.0,0.0,0.0,0.0,316980.70281556406,690660.4265285021
MOSH5K,0.0,0.0,0.0,0.0,316980.70281556406,690660.4265285021
MOSH5J,0.0,0.0,0.0,0.0,316980.70281556406,690660.4265285021
MOSH1R,0.0,0.0,0.0,0.0,316980.70281556406,690660.4265285021
MOSH1Q,0.0,0.0,0.0,0.0,316980.70281556406,690660.4265285021
MORO23,0.0,0.0,0.0,0.0,383014.4042991919,844556.7640728367
MORO22,0.0,0.0,0.0,0.0,383014.4042991919,844556.7640728367
AMEM4B,0.0,0.0,0.0,0.0,493112.13841703505,197018.88559544575
MORF43,0.0,0.0,0.0,0.0,342669.5674893644,865458.5106419988
MORF42,0.0,0.0,0.0,0.0,342669.5674893644,865458.5106419988
MORF4-,0.0,0.0,0.0,0.0,342669.5674893644,865458.5106419988
LUIC1Q,0.0,0.0,0.0,0.0,237599.11083456175,860548.9666372017
MONF41,0.0,0.0,0.0,0.0,451888.62867498235,430104.9970191538
MONF22,0.0,0.0,0.0,0.0,451888.62867498235,430104.9970191538
MONF21,0.0,0.0,0.0,0.0,451888.62867498235,430104.9970191538
MOFF4C,0.0,0.0,0.0,0.0,308472.60529072257,605304.399265001
MOFF4-,0.0,0.0,0.0,0.0,308472.60529072257,605304.399265001
MOFF3A,0.0,0.0,0.0,0.0,308472.60529072257,605304.399265001
MOFF1-,0.0,0.0,0.0,0.0,308472.60529072257,605304.399265001
MITY41,0.0,0.0,0.0,0.0,400010.7380612209,189849.64308786008
MITY12,0.0,0.0,0.0,0.0,400010.7380612209,189849.64308786008
MITY11,0.0,0.0,0.0,0.0,400010.7380612209,189849.64308786008
MINN3-,0.0,0.0,0.0,0.0,304361.8239531165,596498.9373079173
MILW3-,0.0,0.0,0.0,0.0,227651.22689225437,807835.794080727
MILW1S,0.0,0.0,0.0,0.0,227651.22689225437,807835.794080727
MOSM3R,0.0,0.0,0.0,0.0,316980.70281556406,690660.4265285021
MOSS1Q,0.0,0.0,0.0,0.0,357802.10897203104,850990.8760293566
MOSS1R,0.0,0.0,0.0,0.0,357802.10897203104,850990.8760293566
MOSS1S,0.0,0.0,0.0,0.0,357802.10897203104,850990.8760293566
MYBS3J,0.0,0.0,0.0,0.0,317098.968467609,951616.6113455747
MYBS1T,0.0,0.0,0.0,0.0,317098.968467609,951616.6113455747
MYBS1S,0.0,0.0,0.0,0.0,317098.968467609,951616.6113455747
MYBS1R,0.0,0.0,0.0,0.0,317098.968467609,951616.6113455747
MYBS1Q,0.0,0.0,0.0,0.0,317098.968467609,951616.6113455747
MYBS11,0.0,0.0,0.0,0.0,317098.968467609,951616.6113455747
MOWW64,0.0,0.0,0.0,0.0,330846.79478908784,896934.4540178498
MOWW63,0.0,0.0,0.0,0.0,331393.2544716476,895005.92597491
MOWW62,0.0,0.0,0.0,0.0,344957.2153678077,847783.1047991598
MOWW61,0.0,0.0,0.0,0.0,344957.2153678077,847783.1047991598
MOWW22,0.0,0.0,0.0,0.0,344985.2336183554,847686.781169312
MOWW21,0.0,0.0,0.0,0.0,344985.2336183554,847686.781169312
MOWO42,0.0,0.0,0.0,0.0,344985.2336183554,847686.781169312
MOWO41,0.0,0.0,0.0,0.0,344985.2336183554,847686.781169312
MOWO4-,0.0,0.0,0.0,0.0,345819.88531278336,844795.4582821309
MOWO22,0.0,0.0,0.0,0.0,344985.2336183554,847686.781169312
MOWO21,0.0,0.0,0.0,0.0,344985.2336183554,847686.781169312
MOWE63,0.0,0.0,0.0,0.0,357763.67905735667,922357.6223032482
MOWE62,0.0,0.0,0.0,0.0,357763.67905735667,922357.6223032482
MOWE61,0.0,0.0,0.0,0.0,357763.67905735667,922357.6223032482
MOWE23,0.0,0.0,0.0,0.0,357763.67905735667,922357.6223032482
MOWE22,0.0,0.0,0.0,0.0,357763.67905735667,922357.6223032482
MOWE21,0.0,0.0,0.0,0.0,357763.67905735667,922357.6223032482
MOTA1R,0.0,0.0,0.0,0.0,254195.47783657344,870101.6675059191
AMEM4A,0.0,0.0,0.0,0.0,493112.13841703505,197018.88559544575
MOSS5-,0.0,0.0,0.0,0.0,357802.10897203104,850990.8760293566
MOSS1T,0.0,0.0,0.0,0.0,357802.10897203104,850990.8760293566
MILW1Q,0.0,0.0,0.0,0.0,227651.22689225437,807835.794080727
MILP31,0.0,0.0,0.0,0.0,449141.73499639955,191859.08517378522
MILH2B,0.0,0.0,0.0,0.0,524053.5843148015,192540.73889075126
MARV41,0.0,0.0,0.0,0.0,500731.5521359086,246508.67884085386
MARH4A,0.0,0.0,0.0,0.0,473389.8202478599,287187.87859349046
MARH42,0.0,0.0,0.0,0.0,473389.8202478599,287187.87859349046
MARH41,0.0,0.0,0.0,0.0,473389.8202478599,287187.87859349046
MANN41,0.0,0.0,0.0,0.0,407499.2438048497,105300.55657191036
MANN11,0.0,0.0,0.0,0.0,407499.2438048497,105300.55657191036
MAHI3-,0.0,0.0,0.0,0.0,284367.5565274876,554964.7088275494
MAHI2-,0.0,0.0,0.0,0.0,284367.5565274876,554964.7088275494
MAHI1-,0.0,0.0,0.0,0.0,284367.5565274876,554964.7088275494
MAGA21,0.0,0.0,0.0,0.0,278504.18018440454,186028.66901178955
MACD3-,0.0,0.0,0.0,0.0,370800.9767069513,863389.3395035139
MACD1R,0.0,0.0,0.0,0.0,370800.9767069513,863389.3395035139
AMUL1H,0.0,0.0,0.0,0.0,290022.08608810534,736636.599675831
MACC41,0.0,0.0,0.0,0.0,392057.09358312323,374625.84763111296
MACC31,0.0,0.0,0.0,0.0,392057.09358312323,374625.84763111296
MACC21,0.0,0.0,0.0,0.0,392057.09358312323,374625.84763111296
LYND3-,0.0,0.0,0.0,0.0,337460.4388019612,732573.4695010888
LYND1R,0.0,0.0,0.0,0.0,337460.4388019612,732573.4695010888
LYND1Q,0.0,0.0,0.0,0.0,337460.4388019612,732573.4695010888
ANSU1-,0.0,0.0,0.0,0.0,281353.30363930174,807082.8169311399
LUNA3-,0.0,0.0,0.0,0.0,347065.23741248273,751738.8414352452
LUNA1R,0.0,0.0,0.0,0.0,347065.23741248273,751738.8414352452
LUNA1Q,0.0,0.0,0.0,0.0,347065.23741248273,751738.8414352452
LUMB1R,0.0,0.0,0.0,0.0,402242.32978924527,856792.4000622387
LUMB1Q,0.0,0.0,0.0,0.0,402242.32978924527,856792.4000622387
LUIC5K,0.0,0.0,0.0,0.0,237599.11083456175,860548.9666372017
LUIC5J,0.0,0.0,0.0,0.0,237599.11083456175,860548.9666372017
LUIC1R,0.0,0.0,0.0,0.0,237599.11083456175,860548.9666372017
AMUL1G,0.0,0.0,0.0,0.0,290022.08608810534,736636.599675831
MARV4A,0.0,0.0,0.0,0.0,500731.5521359086,246508.67884085386
MILH2A,0.0,0.0,0.0,0.0,524053.5843148015,192540.73889075126
MARV4B,0.0,0.0,0.0,0.0,500731.5521359086,246508.67884085386
MILH12,0.0,0.0,0.0,0.0,524053.5843148015,192540.73889075126
MILH11,0.0,0.0,0.0,0.0,524053.5843148015,192540.73889075126
MILC3-,0.0,0.0,0.0,0.0,343600.816183283,731099.5555995437
MILC1V,0.0,0.0,0.0,0.0,343600.816183283,731099.5555995437
MILC1T,0.0,0.0,0.0,0.0,343600.816183283,731099.5555995437
MILC1S,0.0,0.0,0.0,0.0,343600.816183283,731099.5555995437
MIDM3-,0.0,0.0,0.0,0.0,285912.9493578449,625698.6337290249
MIDM1-,0.0,0.0,0.0,0.0,285912.9493578449,625698.6337290249
MIDL41,0.0,0.0,0.0,0.0,386883.0646551916,405814.8357236729
MELK41,0.0,0.0,0.0,0.0,389632.72031510674,165874.9326229731
MELK2B,0.0,0.0,0.0,0.0,389632.72031510674,165874.9326229731
MELK2A,0.0,0.0,0.0,0.0,389632.72031510674,165874.9326229731
MELK11,0.0,0.0,0.0,0.0,389632.72031510674,165874.9326229731
MELG8K,0.0,0.0,0.0,0.0,246363.2756050438,795941.000909495
MELG8J,0.0,0.0,0.0,0.0,246363.2756050438,795941.000909495
MELG4K,0.0,0.0,0.0,0.0,246363.2756050438,795941.000909495
MELG4J,0.0,0.0,0.0,0.0,246363.2756050438,795941.000909495
MELG1K,0.0,0.0,0.0,0.0,246363.2756050438,795941.000909495
AMUL1E,0.0,0.0,0.0,0.0,290022.08608810534,736636.599675831
MEDB4B,0.0,0.0,0.0,0.0,413222.866111833,570382.4093672462
AMUL1F,0.0,0.0,0.0,0.0,290022.08608810534,736636.599675831
MEAD1R,0.0,0.0,0.0,0.0,251320.10117532278,643980.1152333531
MEAD1Q,0.0,0.0,0.0,0.0,251320.10117532278,643980.1152333531
MEAD1-,0.0,0.0,0.0,0.0,251320.10117532278,643980.1152333531
MAYT1T,0.0,0.0,0.0,0.0,230186.43286905746,610054.7456530929
MAYB3-,0.0,0.0,0.0,0.0,230308.0565842009,608038.9316428063
MAYB1-,0.0,0.0,0.0,0.0,230308.0565842009,608038.9316428063
ROTI3-,0.0,0.0,0.0,0.0,372197.4584610519,835761.8468253242
ROWD42,0.0,0.0,0.0,0.0,539102.8758796814,163315.74288625288
ROTI4K,0.0,0.0,0.0,0.0,372197.4584610519,835761.8468253242
USKM11,0.0,0.0,0.0,0.0,332453.15091300366,183761.74852205144
WABW31,0.0,0.0,0.0,0.0,294834.1891444619,466205.20634764014
WABW11,0.0,0.0,0.0,0.0,294834.1891444619,466205.20634764014
WABO1A,0.0,0.0,0.0,0.0,319816.11114682024,467327.08570317377
WABO11,0.0,0.0,0.0,0.0,319816.11114682024,467327.08570317377
WAAW32,0.0,0.0,0.0,0.0,300817.81402925745,461398.1996218249
WAAW31,0.0,0.0,0.0,0.0,300817.81402925745,461398.1996218249
WAAW11,0.0,0.0,0.0,0.0,300817.81402925745,461398.1996218249
WAAO1A,0.0,0.0,0.0,0.0,319816.11114682024,467327.08570317377
WAAO11,0.0,0.0,0.0,0.0,319816.11114682024,467327.08570317377
USKM2B,0.0,0.0,0.0,0.0,332453.15091300366,183761.74852205144
USKM2A,0.0,0.0,0.0,0.0,332453.15091300366,183761.74852205144
USKM21,0.0,0.0,0.0,0.0,332453.15091300366,183761.74852205144
USKM12,0.0,0.0,0.0,0.0,332453.15091300366,183761.74852205144
UPPB31,0.0,0.0,0.0,0.0,310037.3764319949,187120.92303190957
WDSO42,0.0,0.0,0.0,0.0,341750.23787633114,459967.4938624316
UPPB22,0.0,0.0,0.0,0.0,310181.08372980484,187054.31378543866
UPPB21,0.0,0.0,0.0,0.0,310181.08372980484,187054.31378543866
UPPB11,0.0,0.0,0.0,0.0,310181.08372980484,187054.31378543866
TYNE51,0.0,0.0,0.0,0.0,432110.5917406395,570032.7885813202
TYNE2A,0.0,0.0,0.0,0.0,432110.5917406395,570032.7885813202
TYNE21,0.0,0.0,0.0,0.0,432110.5917406395,570032.7885813202
TYNE11,0.0,0.0,0.0,0.0,432110.5917406395,570032.7885813202
TWNE42,0.0,0.0,0.0,0.0,525704.8801375733,120018.79731297566
TWNE41,0.0,0.0,0.0,0.0,525704.8801375733,120018.79731297566
TWNE12,0.0,0.0,0.0,0.0,525704.8801375733,120018.79731297566
TWNE11,0.0,0.0,0.0,0.0,525704.8801375733,120018.79731297566
TUMM4-,0.0,0.0,0.0,0.0,276258.1888625164,759017.7218436493
TUMM2K,0.0,0.0,0.0,0.0,276258.1888625164,759017.7218436493
WABW32,0.0,0.0,0.0,0.0,294834.1891444619,466205.20634764014
WACW21,0.0,0.0,0.0,0.0,286477.4159345564,467070.71607513586
WACW31,0.0,0.0,0.0,0.0,286477.4159345564,467070.71607513586
WACW32,0.0,0.0,0.0,0.0,286477.4159345564,467070.71607513586
WDSO12,0.0,0.0,0.0,0.0,341750.23787633114,459967.4938624316
WDSO11,0.0,0.0,0.0,0.0,341750.23787633114,459967.4938624316
WBUR41,0.0,0.0,0.0,0.0,479480.9819728244,385494.73700657877
WBUR12,0.0,0.0,0.0,0.0,479480.9819728244,385494.73700657877
WBUR11,0.0,0.0,0.0,0.0,479480.9819728244,385494.73700657877
WBOL61,0.0,0.0,0.0,0.0,433927.63145599153,560725.9723426962
WBOL21,0.0,0.0,0.0,0.0,433927.63145599153,560725.9723426962
WATS22,0.0,0.0,0.0,0.0,507584.7214386326,194475.87461904302
WATS21,0.0,0.0,0.0,0.0,507584.7214386326,194475.87461904302
WATS12,0.0,0.0,0.0,0.0,507584.7214386326,194475.87461904302
WATS11,0.0,0.0,0.0,0.0,510456.8448558807,194923.04668758757
WASF2B,0.0,0.0,0.0,0.0,345799.8716908749,407597.91492010094
WASF2A,0.0,0.0,0.0,0.0,345799.8716908749,407597.91492010094
WASF1B,0.0,0.0,0.0,0.0,345799.8716908749,407597.91492010094
WASF1A,0.0,0.0,0.0,0.0,345799.8716908749,407597.91492010094
WASF11,0.0,0.0,0.0,0.0,345799.8716908749,407597.91492010094
WARL21,0.0,0.0,0.0,0.0,559598.0806569118,186300.30349884636
WARL11,0.0,0.0,0.0,0.0,559598.0806569118,186300.30349884636
WALX4B,0.0,0.0,0.0,0.0,536071.7624928737,200389.12685368722
WALX4A,0.0,0.0,0.0,0.0,536071.7624928737,200389.12685368722
WALX22,0.0,0.0,0.0,0.0,536071.7624928737,200389.12685368722
WALX21,0.0,0.0,0.0,0.0,536071.7624928737,200389.12685368722
WALP11,0.0,0.0,0.0,0.0,548588.2531954346,316721.28278947255
WALH41,0.0,0.0,0.0,0.0,381768.6562132569,219261.779333236
WADW32,0.0,0.0,0.0,0.0,286477.4159345564,467070.71607513586
WADW31,0.0,0.0,0.0,0.0,286477.4159345564,467070.71607513586
WADW21,0.0,0.0,0.0,0.0,286477.4159345564,467070.71607513586
TUMM2J,0.0,0.0,0.0,0.0,276258.1888625164,759017.7218436493
TUMM1K,0.0,0.0,0.0,0.0,276258.1888625164,759017.7218436493
ABTH11,0.0,0.0,0.0,0.0,302444.04693633155,166064.2591145115
TOMT1K,0.0,0.0,0.0,0.0,280348.95571443485,828759.9563381004
TODP61,0.0,0.0,0.0,0.0,458025.54366767156,525045.9985447319
TODP21,0.0,0.0,0.0,0.0,458025.54366767156,525045.9985447319
TODD3-,0.0,0.0,0.0,0.0,334009.2578731885,668753.341743962
TKNW61,0.0,0.0,0.0,0.0,606562.6857428588,274659.75760305254
TKNW21,0.0,0.0,0.0,0.0,606478.5832965604,274714.6468037392
TKNO42,0.0,0.0,0.0,0.0,521165.6086197312,342036.36791588174
TKNO41,0.0,0.0,0.0,0.0,521165.6086197312,342036.36791588174
TKNO22,0.0,0.0,0.0,0.0,521165.6086197312,342036.36791588174
TKNO21,0.0,0.0,0.0,0.0,521165.6086197312,342036.36791588174
TKNE61,0.0,0.0,0.0,0.0,605760.4669906967,275277.5171106798
TKNE21,0.0,0.0,0.0,0.0,605676.4011135183,275332.46119352
TINP32,0.0,0.0,0.0,0.0,440046.1407087505,389154.19854763657
TINP31,0.0,0.0,0.0,0.0,440046.1407087505,389154.19854763657
TINP22,0.0,0.0,0.0,0.0,440046.1407087505,389154.19854763657
TINP21,0.0,0.0,0.0,0.0,440046.1407087505,389154.19854763657
TILB4B,0.0,0.0,0.0,0.0,566238.2972928039,176279.29600839555
TILB4A,0.0,0.0,0.0,0.0,566238.2972928039,176279.29600839555
TILB41,0.0,0.0,0.0,0.0,566238.2972928039,176279.29600839555
TILB21,0.0,0.0,0.0,0.0,566238.2972928039,176279.29600839555
TILB14,0.0,0.0,0.0,0.0,566238.2972928039,176279.29600839555
TILB13,0.0,0.0,0.0,0.0,566238.2972928039,176279.29600839555
TILB12,0.0,0.0,0.0,0.0,566238.2972928039,176279.29600839555
TILB11,0.0,0.0,0.0,0.0,566238.2972928039,176279.29600839555
THUS3-,0.0,0.0,0.0,0.0,312310.35834551934,965899.984561662
THUS2K,0.0,0.0,0.0,0.0,311766.24883559707,968457.2247044917
THUS2J,0.0,0.0,0.0,0.0,311766.24883559707,968457.2247044917
THUS1K,0.0,0.0,0.0,0.0,311766.24883559707,968457.2247044917
TOMT1J,0.0,0.0,0.0,0.0,280348.95571443485,828759.9563381004
TOMT1L,0.0,0.0,0.0,0.0,280348.95571443485,828759.9563381004
TUMB5-,0.0,0.0,0.0,0.0,276662.188279889,759008.8210600333
TOMT1M,0.0,0.0,0.0,0.0,280348.95571443485,828759.9563381004
TUMB1R,0.0,0.0,0.0,0.0,276662.188279889,759008.8210600333
TUMB1Q,0.0,0.0,0.0,0.0,276662.188279889,759008.8210600333
TRLO3-,0.0,0.0,0.0,0.0,223257.64657724753,596756.7467392104
TREU4B,0.0,0.0,0.0,0.0,325026.040922683,358157.71702102065
TREU4A,0.0,0.0,0.0,0.0,325026.040922683,358157.71702102065
TREM31,0.0,0.0,0.0,0.0,320840.68133315933,177134.23101307044
TREM21,0.0,0.0,0.0,0.0,320840.68133315933,177134.23101307044
TRAW41,0.0,0.0,0.0,0.0,268978.4643977685,338615.58867803635
TRAW21,0.0,0.0,0.0,0.0,268978.4643977685,338615.58867803635
TRAW11,0.0,0.0,0.0,0.0,268978.4643977685,338615.58867803635
TOTT2B,0.0,0.0,0.0,0.0,535231.286801687,191241.06872288167
TOTT2A,0.0,0.0,0.0,0.0,535231.286801687,191241.06872288167
TOTT24,0.0,0.0,0.0,0.0,535231.286801687,191241.06872288167
TOTT23,0.0,0.0,0.0,0.0,535231.286801687,191241.06872288167
TOTT22,0.0,0.0,0.0,0.0,535231.286801687,191241.06872288167
TOTT21,0.0,0.0,0.0,0.0,535231.286801687,191241.06872288167
TOTT12,0.0,0.0,0.0,0.0,535231.286801687,191241.06872288167
TOTT11,0.0,0.0,0.0,0.0,535231.286801687,191241.06872288167
TORN4-,0.0,0.0,0.0,0.0,374586.48544532794,675075.6902436218
ABTH12,0.0,0.0,0.0,0.0,302444.04693633155,166064.2591145115
TONG5-,0.0,0.0,0.0,0.0,270034.1917992312,552960.6367026703
TONG3-,0.0,0.0,0.0,0.0,270034.1917992312,552960.6367026703
TONG1R,0.0,0.0,0.0,0.0,270034.1917992312,552960.6367026703
TONG1Q,0.0,0.0,0.0,0.0,270034.1917992312,552960.6367026703
TONG1-,0.0,0.0,0.0,0.0,270034.1917992312,552960.6367026703
TOMT2K,0.0,0.0,0.0,0.0,280348.95571443485,828759.9563381004
TOMT2J,0.0,0.0,0.0,0.0,280348.95571443485,828759.9563381004
WDSO41,0.0,0.0,0.0,0.0,341750.23787633114,459967.4938624316
WDSW11,0.0,0.0,0.0,0.0,304096.4356758968,455207.5896359737
THUR61,0.0,0.0,0.0,0.0,448856.25745613355,390029.10467260255
WISH2-,0.0,0.0,0.0,0.0,279076.32558083173,653998.4440598642
WLEX2-,0.0,0.0,0.0,0.0,356925.4996286497,630941.8364675757
WLEE3C,0.0,0.0,0.0,0.0,356925.4996286497,630941.8364675757
WLEE3B,0.0,0.0,0.0,0.0,356925.4996286497,630941.8364675757
WLEE3A,0.0,0.0,0.0,0.0,356925.4996286497,630941.8364675757
WLEE2-,0.0,0.0,0.0,0.0,356925.4996286497,630941.8364675757
WIYH4Q,0.0,0.0,0.0,0.0,296672.15964066685,592426.905076814
WIYH2R,0.0,0.0,0.0,0.0,296672.15964066685,592426.905076814
WIYH2-,0.0,0.0,0.0,0.0,296672.15964066685,592426.905076814
WIYH1-,0.0,0.0,0.0,0.0,296672.15964066685,592426.905076814
ABHA12,0.0,0.0,0.0,0.0,277366.7704361002,64956.93548942605
WISH3T,0.0,0.0,0.0,0.0,279076.32558083173,653998.4440598642
WISH3S,0.0,0.0,0.0,0.0,279076.32558083173,653998.4440598642
WISH3-,0.0,0.0,0.0,0.0,279076.32558083173,653998.4440598642
WISH1-,0.0,0.0,0.0,0.0,279076.32558083173,653998.4440598642
WDSW12,0.0,0.0,0.0,0.0,304096.4356758968,455207.5896359737
WISD61,0.0,0.0,0.0,0.0,520984.72975881596,183222.12040730927
WISD42,0.0,0.0,0.0,0.0,520978.627703215,183184.18816488463
WISD41,0.0,0.0,0.0,0.0,520978.627703215,183184.18816488463
WISD2A,0.0,0.0,0.0,0.0,520978.627703215,183184.18816488463
WISD21,0.0,0.0,0.0,0.0,520978.627703215,183184.18816488463
WISD11,0.0,0.0,0.0,0.0,520978.627703215,183184.18816488463
WIOW3-,0.0,0.0,0.0,0.0,394224.9598214775,807000.8582622374
WIOW1R,0.0,0.0,0.0,0.0,394224.9598214775,807000.8582622374
WIOW1Q,0.0,0.0,0.0,0.0,394224.9598214775,807000.8582622374
WIMB41,0.0,0.0,0.0,0.0,526057.5773145984,171778.56460083975
WIMB2A,0.0,0.0,0.0,0.0,526057.5773145984,171778.56460083975
WIMB21,0.0,0.0,0.0,0.0,526057.5773145984,171778.56460083975
WIMB14,0.0,0.0,0.0,0.0,526057.5773145984,171778.56460083975
WLEX3A,0.0,0.0,0.0,0.0,356925.4996286497,630941.8364675757
WLEX3B,0.0,0.0,0.0,0.0,356925.4996286497,630941.8364675757
WLEX3C,0.0,0.0,0.0,0.0,356925.4996286497,630941.8364675757
WMEL11,0.0,0.0,0.0,0.0,441324.0568902372,400752.0666180392
WYMO41,0.0,0.0,0.0,0.0,520398.6678667578,226998.912060413
WYMO11,0.0,0.0,0.0,0.0,520398.6678667578,226998.912060413
WYLF41,0.0,0.0,0.0,0.0,235117.62264714108,393628.50144688325
WYLF11,0.0,0.0,0.0,0.0,235117.62264714108,393628.50144688325
WWEY4B,0.0,0.0,0.0,0.0,505321.1555909894,162079.7307390724
WWEY4A,0.0,0.0,0.0,0.0,505321.1555909894,162079.7307390724
WWEY2A,0.0,0.0,0.0,0.0,505321.1555909894,162079.7307390724
WWEY22,0.0,0.0,0.0,0.0,505321.1555909894,162079.7307390724
WWEY21,0.0,0.0,0.0,0.0,505321.1555909894,162079.7307390724
WWEY12,0.0,0.0,0.0,0.0,505321.1555909894,162079.7307390724
WWEY11,0.0,0.0,0.0,0.0,505321.1555909894,162079.7307390724
WTHU4F,0.0,0.0,0.0,0.0,559098.345222402,177300.17729293765
WTHU4E,0.0,0.0,0.0,0.0,559098.345222402,177300.17729293765
WTHU4D,0.0,0.0,0.0,0.0,559098.345222402,177300.17729293765
WTHU4C,0.0,0.0,0.0,0.0,559098.345222402,177300.17729293765
WTHU4B,0.0,0.0,0.0,0.0,559098.345222402,177300.17729293765
WTHU4A,0.0,0.0,0.0,0.0,559098.345222402,177300.17729293765
WTHU31,0.0,0.0,0.0,0.0,559098.345222402,177300.17729293765
WOWE42,0.0,0.0,0.0,0.0,262460.7366609771,441257.5938552803
WOWE41,0.0,0.0,0.0,0.0,251989.58584993522,439124.35500315763
WOWE22,0.0,0.0,0.0,0.0,221391.35722750152,453806.6962204919
WOWE21,0.0,0.0,0.0,0.0,207433.30954326378,451091.0210486966
WOHI3-,0.0,0.0,0.0,0.0,391248.46717813937,807050.6000577236
WOHI1R,0.0,0.0,0.0,0.0,391248.46717813937,807050.6000577236
WOHI1Q,0.0,0.0,0.0,0.0,391248.46717813937,807050.6000577236
WMEL21,0.0,0.0,0.0,0.0,441324.0568902372,400752.0666180392
WMEL12,0.0,0.0,0.0,0.0,441324.0568902372,400752.0666180392
WIMB13,0.0,0.0,0.0,0.0,526057.5773145984,171778.56460083975
WIMB12,0.0,0.0,0.0,0.0,526057.5773145984,171778.56460083975
WIMB11,0.0,0.0,0.0,0.0,526057.5773145984,171778.56460083975
WHIB1D,0.0,0.0,0.0,0.0,301894.561117818,788454.1923866945
WHIB1B,0.0,0.0,0.0,0.0,301894.561117818,788454.1923866945
WHIB1A,0.0,0.0,0.0,0.0,301894.561117818,788454.1923866945
WHHO3-,0.0,0.0,0.0,0.0,325159.59248560225,671445.602489255
WHHO2R,0.0,0.0,0.0,0.0,325159.59248560225,671445.602489255
WHHO2Q,0.0,0.0,0.0,0.0,325159.59248560225,671445.602489255
WHGA11,0.0,0.0,0.0,0.0,389256.36235907656,403670.9725303248
WHAM4B,0.0,0.0,0.0,0.0,538986.3269890321,181973.41901895934
WHAM4A,0.0,0.0,0.0,0.0,538986.3269890321,181973.41901895934
WHAM41,0.0,0.0,0.0,0.0,538986.3269890321,181973.41901895934
WHAM12,0.0,0.0,0.0,0.0,538986.3269890321,181973.41901895934
WHAM11,0.0,0.0,0.0,0.0,538986.3269890321,181973.41901895934
WGEO3-,0.0,0.0,0.0,0.0,258399.43511941083,665590.1061544371
WGEO2R,0.0,0.0,0.0,0.0,258399.43511941083,665590.1061544371
WGEO2Q,0.0,0.0,0.0,0.0,258399.43511941083,665590.1061544371
WFIE3-,0.0,0.0,0.0,0.0,319616.364919532,697440.975423195
WFIE2-,0.0,0.0,0.0,0.0,319616.364919532,697440.975423195
WFIE1B,0.0,0.0,0.0,0.0,319616.364919532,697440.975423195
ABNE1R,0.0,0.0,0.0,0.0,320119.109859484,717096.6312341893
ABNE3-,0.0,0.0,0.0,0.0,320119.109859484,717096.6312341893
WERW32,0.0,0.0,0.0,0.0,519426.3206408913,428541.1877912424
WERW31,0.0,0.0,0.0,0.0,519310.0362203278,428586.53701854125
WERW11,0.0,0.0,0.0,0.0,519426.3206408913,428541.1877912424
WERO22,0.0,0.0,0.0,0.0,519524.3570092304,428502.95797186554
WERO21,0.0,0.0,0.0,0.0,519560.8578477741,428488.7249553994
WERO11,0.0,0.0,0.0,0.0,519542.6073997065,428495.84142835555
WDSW32,0.0,0.0,0.0,0.0,304096.4356758968,455207.5896359737
WDSW31,0.0,0.0,0.0,0.0,304096.4356758968,455207.5896359737
WHIB1C,0.0,0.0,0.0,0.0,301894.561117818,788454.1923866945
WHIB1E,0.0,0.0,0.0,0.0,301894.561117818,788454.1923866945
WILT2D,0.0,0.0,0.0,0.0,457053.93195338675,521936.4651757614
WHIB1F,0.0,0.0,0.0,0.0,301894.561117818,788454.1923866945
WILT2C,0.0,0.0,0.0,0.0,457053.93195338675,521936.4651757614
WILT2B,0.0,0.0,0.0,0.0,457053.93195338675,521936.4651757614
WILT2A,0.0,0.0,0.0,0.0,457053.93195338675,521936.4651757614
WILL12,0.0,0.0,0.0,0.0,430479.8003749058,328829.62663528434
WILL11,0.0,0.0,0.0,0.0,430479.8003749058,328829.62663528434
WILE41,0.0,0.0,0.0,0.0,429524.00539985724,328484.967658426
WIEN2B,0.0,0.0,0.0,0.0,396047.12464271486,297663.50653922395
WIEN2A,0.0,0.0,0.0,0.0,396047.12464271486,297663.50653922395
WIEN11,0.0,0.0,0.0,0.0,396047.12464271486,297663.50653922395
WIBA31,0.0,0.0,0.0,0.0,438803.2059152938,390879.2559464954
WIBA21,0.0,0.0,0.0,0.0,438803.2059152938,390879.2559464954
WHTL3-,0.0,0.0,0.0,0.0,223588.0282540509,692691.2849690899
WHTL1T,0.0,0.0,0.0,0.0,223588.0282540509,692691.2849690899
WHTL1S,0.0,0.0,0.0,0.0,223588.0282540509,692691.2849690899
WHTB1T,0.0,0.0,0.0,0.0,223588.0282540509,692691.2849690899
ABHA4A,0.0,0.0,0.0,0.0,277366.7704361002,64956.93548942605
WHSO4A,0.0,0.0,0.0,0.0,342633.2768868206,185339.48227367853
WHSO41,0.0,0.0,0.0,0.0,342633.2768868206,185339.48227367853
WHSO32,0.0,0.0,0.0,0.0,342633.2768868206,185339.48227367853
WHSO31,0.0,0.0,0.0,0.0,342633.2768868206,185339.48227367853
WHSO2B,0.0,0.0,0.0,0.0,342633.2768868206,185339.48227367853
WHSO2A,0.0,0.0,0.0,0.0,342633.2768868206,185339.48227367853
WHSO22,0.0,0.0,0.0,0.0,342633.2768868206,185339.48227367853
WHSO21,0.0,0.0,0.0,0.0,342633.2768868206,185339.48227367853
ABHA4B,0.0,0.0,0.0,0.0,277366.7704361002,64956.93548942605
WHIB1H,0.0,0.0,0.0,0.0,301894.561117818,788454.1923866945
WHIB1G,0.0,0.0,0.0,0.0,301894.561117818,788454.1923866945
ABTH13,0.0,0.0,0.0,0.0,302444.04693633155,166064.2591145115
THUR2A,0.0,0.0,0.0,0.0,448856.25745613355,390029.10467260255
ROWD41,0.0,0.0,0.0,0.0,539102.8758796814,163315.74288625288
SHEC21,0.0,0.0,0.0,0.0,434887.9088184163,386614.51661748637
SHUR41,0.0,0.0,0.0,0.0,320291.73920977965,144295.46225592587
SHRU3B,0.0,0.0,0.0,0.0,326132.5116746301,675336.4115597904
SHRU3A,0.0,0.0,0.0,0.0,326132.5116746301,675336.4115597904
SHRU2R,0.0,0.0,0.0,0.0,326132.5116746301,675336.4115597904
SHRU2Q,0.0,0.0,0.0,0.0,326132.5116746301,675336.4115597904
SHRE4B,0.0,0.0,0.0,0.0,349149.18153069797,312497.3712461056
SHRE4A,0.0,0.0,0.0,0.0,349149.18153069797,312497.3712461056
SHRE11,0.0,0.0,0.0,0.0,353298.5294366972,312668.1621456069
SHIN5-,0.0,0.0,0.0,0.0,257770.1976801615,896854.5726876204
SHIN3-,0.0,0.0,0.0,0.0,257770.1976801615,896854.5726876204
SHIN1-,0.0,0.0,0.0,0.0,257770.1976801615,896854.5726876204
SHEE11,0.0,0.0,0.0,0.0,592056.8161949387,174821.38512660447
SHEC31,0.0,0.0,0.0,0.0,434887.9088184163,386614.51661748637
SGRX23,0.0,0.0,0.0,0.0,379217.41730989737,766737.8090695977
SLOY5N,0.0,0.0,0.0,0.0,232548.37392839574,709278.7725432945
SGRX22,0.0,0.0,0.0,0.0,379217.41730989737,766737.8090695977
SGRX21,0.0,0.0,0.0,0.0,379217.41730989737,766737.8090695977
SGRX2-,0.0,0.0,0.0,0.0,379217.41730989737,766737.8090695977
SGRW62,0.0,0.0,0.0,0.0,411086.99357327353,746584.6214588273
SGRW61,0.0,0.0,0.0,0.0,411086.99357327353,746584.6214588273
SGRW22,0.0,0.0,0.0,0.0,411086.99357327353,746584.6214588273
SGRW21,0.0,0.0,0.0,0.0,411086.99357327353,746584.6214588273
SGRO23,0.0,0.0,0.0,0.0,379203.0888016561,766837.0696117596
SGRO22,0.0,0.0,0.0,0.0,379292.66441639425,766689.7089980922
SGRO21,0.0,0.0,0.0,0.0,379255.085339527,766713.7303120636
ALDW21,0.0,0.0,0.0,0.0,444886.24239081884,395204.44496369455
ALDW31,0.0,0.0,0.0,0.0,444886.24239081884,395204.44496369455
SFEV1T,0.0,0.0,0.0,0.0,409607.2686034543,854347.131099735
SIGH2Q,0.0,0.0,0.0,0.0,318864.93709250505,671058.4859879826
SIGH2R,0.0,0.0,0.0,0.0,318864.93709250505,671058.4859879826
SIGH3A,0.0,0.0,0.0,0.0,318864.93709250505,671058.4859879826
SING41,0.0,0.0,0.0,0.0,565648.5836617345,170847.34333753196
SLOY5L,0.0,0.0,0.0,0.0,232548.37392839574,709278.7725432945
SLOY1T,0.0,0.0,0.0,0.0,232548.37392839574,709278.7725432945
SLOY1P,0.0,0.0,0.0,0.0,232548.37392839574,709278.7725432945
SLOY1N,0.0,0.0,0.0,0.0,232548.37392839574,709278.7725432945
SLOY1M,0.0,0.0,0.0,0.0,232548.37392839574,709278.7725432945
SLOY1L,0.0,0.0,0.0,0.0,232548.37392839574,709278.7725432945
SLOY1K,0.0,0.0,0.0,0.0,232548.37392839574,709278.7725432945
SLOY1J,0.0,0.0,0.0,0.0,232548.37392839574,709278.7725432945
SLOY1F,0.0,0.0,0.0,0.0,232548.37392839574,709278.7725432945
SLOY1E,0.0,0.0,0.0,0.0,232548.37392839574,709278.7725432945
SLOY1D,0.0,0.0,0.0,0.0,232548.37392839574,709278.7725432945
SLOY1C,0.0,0.0,0.0,0.0,232548.37392839574,709278.7725432945
SLOY1B,0.0,0.0,0.0,0.0,232548.37392839574,709278.7725432945
SLKB1M,0.0,0.0,0.0,0.0,267321.4752952225,841743.7631365326
SLKB1L,0.0,0.0,0.0,0.0,267321.4752952225,841743.7631365326
SLKB1K,0.0,0.0,0.0,0.0,267321.4752952225,841743.7631365326
SLKB1J,0.0,0.0,0.0,0.0,267321.4752952225,841743.7631365326
SKLG11,0.0,0.0,0.0,0.0,433283.3846517063,431146.2183061651
SJOW41,0.0,0.0,0.0,0.0,526922.2577162589,182493.5241349921
SJOW21,0.0,0.0,0.0,0.0,526922.2577162589,182493.5241349921
SJOW13,0.0,0.0,0.0,0.0,526922.2577162589,182493.5241349921
SJOW12,0.0,0.0,0.0,0.0,526922.2577162589,182493.5241349921
SJOW11,0.0,0.0,0.0,0.0,526922.2577162589,182493.5241349921
SIZE1B,0.0,0.0,0.0,0.0,647326.9961925378,263557.03285808157
SIZE1A,0.0,0.0,0.0,0.0,647326.9961925378,263557.03285808157
SIZE12,0.0,0.0,0.0,0.0,647326.9961925378,263557.03285808157
SIZE11,0.0,0.0,0.0,0.0,647326.9961925378,263557.03285808157
SFEV1S,0.0,0.0,0.0,0.0,409649.7986057759,854426.7507838733
SFER1M,0.0,0.0,0.0,0.0,409528.3634123517,852213.6332377723
SFER1L,0.0,0.0,0.0,0.0,409528.3634123517,852213.6332377723
SALH11,0.0,0.0,0.0,0.0,449301.0830511392,523798.79519932275
ALDW32,0.0,0.0,0.0,0.0,444886.24239081884,395204.44496369455
SAFO41,0.0,0.0,0.0,0.0,279856.2539186134,104000.5384416685
SAFO11,0.0,0.0,0.0,0.0,279856.2539186134,104000.5384416685
SAES21,0.0,0.0,0.0,0.0,516150.8226150568,428000.4736059798
ALNE1Q,0.0,0.0,0.0,0.0,264592.1508586975,870979.3480448452
SAEN11,0.0,0.0,0.0,0.0,516300.06967972027,428814.5646655627
SACO3K,0.0,0.0,0.0,0.0,224544.80613688627,641270.642497196
SACO3J,0.0,0.0,0.0,0.0,224544.80613688627,641270.642497196
SACO1R,0.0,0.0,0.0,0.0,224544.80613688627,641270.642497196
ALNE1R,0.0,0.0,0.0,0.0,264592.1508586975,870979.3480448452
RYHA4B,0.0,0.0,0.0,0.0,503507.64770619024,310809.5762032215
RYHA4A,0.0,0.0,0.0,0.0,503507.64770619024,310809.5762032215
RYHA42,0.0,0.0,0.0,0.0,503507.64770619024,310809.5762032215
RYEH4B,0.0,0.0,0.0,0.0,538371.035733913,208504.732512558
RYEH4A,0.0,0.0,0.0,0.0,538371.035733913,208504.732512558
RYEH43,0.0,0.0,0.0,0.0,538371.035733913,208504.732512558
RYEH42,0.0,0.0,0.0,0.0,538371.035733913,208504.732512558
RYEH13,0.0,0.0,0.0,0.0,538371.035733913,208504.732512558
RYEH12,0.0,0.0,0.0,0.0,538371.035733913,208504.732512558
RYEH11,0.0,0.0,0.0,0.0,538371.035733913,208504.732512558
RUGE41,0.0,0.0,0.0,0.0,405994.02442645666,317354.02602682984
RUGE11,0.0,0.0,0.0,0.0,405994.02442645666,317354.02602682984
RRWW11,0.0,0.0,0.0,0.0,325169.05669343204,567437.5087699455
RREW11,0.0,0.0,0.0,0.0,325169.05669343204,567437.5087699455
ROWD4B,0.0,0.0,0.0,0.0,539102.8758796814,163315.74288625288
ROWD4A,0.0,0.0,0.0,0.0,539102.8758796814,163315.74288625288
KINT1P,0.0,0.0,0.0,0.0,377508.90374093025,813637.7765280615
SAKN3-,0.0,0.0,0.0,0.0,292567.7158676779,697181.7228640645
SALH21,0.0,0.0,0.0,0.0,449301.0830511392,523798.79519932275
SFER1K,0.0,0.0,0.0,0.0,409528.3634123517,852213.6332377723
SALH41,0.0,0.0,0.0,0.0,449301.0830511392,523798.79519932275
SFER1J,0.0,0.0,0.0,0.0,409528.3634123517,852213.6332377723
SFEM1R,0.0,0.0,0.0,0.0,409521.41353764036,855222.5014341904
SFEM1Q,0.0,0.0,0.0,0.0,409521.41353764036,855222.5014341904
SFEG1R,0.0,0.0,0.0,0.0,409590.2561296035,854315.2833510945
SFEG1Q,0.0,0.0,0.0,0.0,409590.2561296035,854315.2833510945
SFEE5-,0.0,0.0,0.0,0.0,409142.88111973513,853793.2945498659
SFEE1D,0.0,0.0,0.0,0.0,409142.88111973513,853793.2945498659
SFEE1C,0.0,0.0,0.0,0.0,409142.88111973513,853793.2945498659
SFEE1B,0.0,0.0,0.0,0.0,409142.88111973513,853793.2945498659
SFEE1A,0.0,0.0,0.0,0.0,409142.88111973513,853793.2945498659
SELL4F,0.0,0.0,0.0,0.0,608537.0818841896,138313.35645566287
SELL4E,0.0,0.0,0.0,0.0,608537.0818841896,138313.35645566287
SELL4D,0.0,0.0,0.0,0.0,608537.0818841896,138313.35645566287
SELL4C,0.0,0.0,0.0,0.0,608537.0818841896,138313.35645566287
SELL4B,0.0,0.0,0.0,0.0,608537.0818841896,138313.35645566287
SELL4A,0.0,0.0,0.0,0.0,608537.0818841896,138313.35645566287
SELL13,0.0,0.0,0.0,0.0,608537.0818841896,138313.35645566287
SELL12,0.0,0.0,0.0,0.0,608537.0818841896,138313.35645566287
SELL11,0.0,0.0,0.0,0.0,608537.0818841896,138313.35645566287
SEAB11,0.0,0.0,0.0,0.0,353592.55301552935,182144.85765848274
SASA11,0.0,0.0,0.0,0.0,302088.17199536914,374302.81159611215
SANX3-,0.0,0.0,0.0,0.0,350897.23108991655,716766.3661253005
SANX1R,0.0,0.0,0.0,0.0,350897.23108991655,716766.3661253005
SANX1Q,0.0,0.0,0.0,0.0,350897.23108991655,716766.3661253005
SALL12,0.0,0.0,0.0,0.0,621887.2445020999,302250.8943351488
SALL11,0.0,0.0,0.0,0.0,621887.2445020999,302250.8943351488
SALH42,0.0,0.0,0.0,0.0,449301.0830511392,523798.79519932275
SLOY5M,0.0,0.0,0.0,0.0,232548.37392839574,709278.7725432945
SLOY5P,0.0,0.0,0.0,0.0,232548.37392839574,709278.7725432945
THUR21,0.0,0.0,0.0,0.0,448856.25745613355,390029.10467260255
SWAN12,0.0,0.0,0.0,0.0,264528.74795501766,200037.8041253524
TAYN1Q,0.0,0.0,0.0,0.0,201913.38096931038,731066.4741246307
TAUN42,0.0,0.0,0.0,0.0,319232.82313812117,124801.05074151611
TAUN41,0.0,0.0,0.0,0.0,319232.82313812117,124801.05074151611
TAUN11,0.0,0.0,0.0,0.0,319232.82313812117,124801.05074151611
ABTH21,0.0,0.0,0.0,0.0,302444.04693633155,166064.2591145115
TARL1R,0.0,0.0,0.0,0.0,352423.7318504426,807015.9560439939
TARL1Q,0.0,0.0,0.0,0.0,352423.7318504426,807015.9560439939
SWAN4B,0.0,0.0,0.0,0.0,264528.74795501766,200037.8041253524
SWAN4A,0.0,0.0,0.0,0.0,264528.74795501766,200037.8041253524
SWAN42,0.0,0.0,0.0,0.0,264528.74795501766,200037.8041253524
SWAN41,0.0,0.0,0.0,0.0,264528.74795501766,200037.8041253524
SWAN22,0.0,0.0,0.0,0.0,264528.74795501766,200037.8041253524
SWAN21,0.0,0.0,0.0,0.0,264528.74795501766,200037.8041253524
SWAN11,0.0,0.0,0.0,0.0,264528.74795501766,200037.8041253524
SMAN11,0.0,0.0,0.0,0.0,381814.3614710083,391730.2453831552
SUND42,0.0,0.0,0.0,0.0,503115.9060300188,227144.62541829166
SUND41,0.0,0.0,0.0,0.0,503115.9060300188,227144.62541829166
SUND31,0.0,0.0,0.0,0.0,503115.9060300188,227144.62541829166
SUND11,0.0,0.0,0.0,0.0,503115.9060300188,227144.62541829166
STYC12,0.0,0.0,0.0,0.0,476623.67748372967,353530.66087684437
STYC11,0.0,0.0,0.0,0.0,475866.0554142961,353956.77760789386
STWB4R,0.0,0.0,0.0,0.0,416882.46723067085,564495.8540365878
STWB4Q,0.0,0.0,0.0,0.0,416882.46723067085,564495.8540365878
STSB4B,0.0,0.0,0.0,0.0,427295.054800798,398494.44239898917
STSB4A,0.0,0.0,0.0,0.0,427295.054800798,398494.44239898917
STRW3-,0.0,0.0,0.0,0.0,263801.47176157415,875499.4770544589
STRW1A,0.0,0.0,0.0,0.0,263801.47176157415,875499.4770544589
STRW1-,0.0,0.0,0.0,0.0,263801.47176157415,875499.4770544589
TAYN1R,0.0,0.0,0.0,0.0,201913.38096931038,731066.4741246307
TAYN3-,0.0,0.0,0.0,0.0,201913.38096931038,731066.4741246307
TEAL1-,0.0,0.0,0.0,0.0,341105.0577499061,738317.1022533805
TEAL2A,0.0,0.0,0.0,0.0,341105.0577499061,738317.1022533805
THTO43,0.0,0.0,0.0,0.0,477501.058396104,445510.7706852951
THTO42,0.0,0.0,0.0,0.0,477501.058396104,445510.7706852951
THTO41,0.0,0.0,0.0,0.0,477501.058396104,445510.7706852951
THOW34,0.0,0.0,0.0,0.0,655430.4747564704,142842.82989733608
THOW33,0.0,0.0,0.0,0.0,655430.4747564704,142842.82989733608
THOW32/34,0.0,0.0,0.0,0.0,638157.7943654577,147155.24282233202
THOW32,0.0,0.0,0.0,0.0,655430.4747564704,142842.82989733608
THOW31/33,0.0,0.0,0.0,0.0,638157.7943654577,147155.24282233202
THOW31,0.0,0.0,0.0,0.0,655430.4747564704,142842.82989733608
THOW12,0.0,0.0,0.0,0.0,655353.3554204431,142907.1378217184
THOW11,0.0,0.0,0.0,0.0,655353.3554204431,142907.1378217184
THOM61,0.0,0.0,0.0,0.0,460544.73285980674,409561.92836423096
THOM42,0.0,0.0,0.0,0.0,460544.73285980674,409561.92836423096
THOM41,0.0,0.0,0.0,0.0,460544.73285980674,409561.92836423096
THOM2A,0.0,0.0,0.0,0.0,460544.73285980674,409561.92836423096
THOM21,0.0,0.0,0.0,0.0,460544.73285980674,409561.92836423096
THAW12,0.0,0.0,0.0,0.0,633367.3766314699,161873.46614112356
THAW11,0.0,0.0,0.0,0.0,633367.3766314699,161873.46614112356
TEMP31,0.0,0.0,0.0,0.0,440977.94650420995,390759.5442084651
TEMP22,0.0,0.0,0.0,0.0,440977.94650420995,390759.5442084651
TEMP21,0.0,0.0,0.0,0.0,440977.94650420995,390759.5442084651
TELR3-,0.0,0.0,0.0,0.0,322604.3452285906,674975.2715292255
TELR1R,0.0,0.0,0.0,0.0,322604.3452285906,674975.2715292255
TELR1Q,0.0,0.0,0.0,0.0,322604.3452285906,674975.2715292255
TEAL2K,0.0,0.0,0.0,0.0,341105.0577499061,738317.1022533805
TEAL2J,0.0,0.0,0.0,0.0,341105.0577499061,738317.1022533805
TEAL2B,0.0,0.0,0.0,0.0,341105.0577499061,738317.1022533805
STRL3R,0.0,0.0,0.0,0.0,247165.99683032473,806832.9798029896
STRL3Q,0.0,0.0,0.0,0.0,247165.99683032473,806832.9798029896
STRL3P,0.0,0.0,0.0,0.0,247165.99683032473,806832.9798029896
SSHI31,0.0,0.0,0.0,0.0,435299.4152928994,564435.0874738641
SSBW32,0.0,0.0,0.0,0.0,621887.2445020999,302250.8943351488
SSBW31,0.0,0.0,0.0,0.0,621887.2445020999,302250.8943351488
SSBW11,0.0,0.0,0.0,0.0,621887.2445020999,302250.8943351488
SSAW32,0.0,0.0,0.0,0.0,621887.2445020999,302250.8943351488
SSAW31,0.0,0.0,0.0,0.0,621887.2445020999,302250.8943351488
SSAW11,0.0,0.0,0.0,0.0,621887.2445020999,302250.8943351488
SPIT2R,0.0,0.0,0.0,0.0,320444.8184101387,949884.2485406199
SPIT2K,0.0,0.0,0.0,0.0,320444.8184101387,949884.2485406199
SPIT2J,0.0,0.0,0.0,0.0,320444.8184101387,949884.2485406199
SPIT1M,0.0,0.0,0.0,0.0,320444.8184101387,949884.2485406199
AIGA1Q,0.0,0.0,0.0,0.0,245905.37304422853,841255.623703038
SPIT1J,0.0,0.0,0.0,0.0,320444.8184101387,949884.2485406199
AIGA5-,0.0,0.0,0.0,0.0,245905.37304422853,841255.623703038
SPEN41,0.0,0.0,0.0,0.0,428812.11064169125,534514.180162455
AIKE3A,0.0,0.0,0.0,0.0,371400.8317530092,670299.2159354611
SPAV3-,0.0,0.0,0.0,0.0,224491.7034919407,674956.3857258114
SPAV1R,0.0,0.0,0.0,0.0,224491.7034919407,674956.3857258114
SPAV1Q,0.0,0.0,0.0,0.0,224491.7034919407,674956.3857258114
SOKY1-,0.0,0.0,0.0,0.0,233958.2142141942,621531.4304234638
SOFW4A,0.0,0.0,0.0,0.0,458231.3778498006,519694.42570252565
SNQR3-,0.0,0.0,0.0,0.0,278175.17287979694,609872.282373098
SMEA4R,0.0,0.0,0.0,0.0,328246.0245684974,693653.8239522873
SMEA4Q,0.0,0.0,0.0,0.0,328246.0245684974,693653.8239522873
SMEA2-,0.0,0.0,0.0,0.0,328246.0245684974,693653.8239522873
SMEA1-,0.0,0.0,0.0,0.0,328246.0245684974,693653.8239522873
SMAN21,0.0,0.0,0.0,0.0,381814.3614710083,391730.2453831552
SMAN12,0.0,0.0,0.0,0.0,381814.3614710083,391730.2453831552
SSHI22,0.0,0.0,0.0,0.0,435299.4152928994,564435.0874738641
STAH11,0.0,0.0,0.0,0.0,335030.0439175773,443060.0558153292
STRL1-,0.0,0.0,0.0,0.0,247165.99683032473,806832.9798029896
STAH4A,0.0,0.0,0.0,0.0,335030.0439175773,443060.0558153292
STRI3-,0.0,0.0,0.0,0.0,395914.0807707981,855135.8691423533
STRI1R,0.0,0.0,0.0,0.0,395914.0807707981,855135.8691423533
STRI1Q,0.0,0.0,0.0,0.0,395914.0807707981,855135.8691423533
STRB3W,0.0,0.0,0.0,0.0,278783.68404372653,907834.1208058047
STRB2-,0.0,0.0,0.0,0.0,278783.68404372653,907834.1208058047
STOB41,0.0,0.0,0.0,0.0,464493.38768834335,341344.15771504253
STOB11,0.0,0.0,0.0,0.0,463870.81335504947,340684.6636748083
STLE3S,0.0,0.0,0.0,0.0,239226.85908271588,675652.2655757583
STLE1R,0.0,0.0,0.0,0.0,239226.85908271588,675652.2655757583
STLE1Q,0.0,0.0,0.0,0.0,239226.85908271588,675652.2655757583
STIR3-,0.0,0.0,0.0,0.0,281050.5425658163,693094.1834015211
STIR1T,0.0,0.0,0.0,0.0,281050.5425658163,693094.1834015211
STIR1S,0.0,0.0,0.0,0.0,281050.5425658163,693094.1834015211
STHA4B,0.0,0.0,0.0,0.0,269539.14211692923,652988.8571202346
STHA4A,0.0,0.0,0.0,0.0,269539.14211692923,652988.8571202346
STHA3-,0.0,0.0,0.0,0.0,269539.14211692923,652988.8571202346
STHA2B,0.0,0.0,0.0,0.0,269539.14211692923,652988.8571202346
STHA2A,0.0,0.0,0.0,0.0,269539.14211692923,652988.8571202346
STEW41,0.0,0.0,0.0,0.0,416882.46723067085,564495.8540365878
STES11,0.0,0.0,0.0,0.0,417221.26198436384,564447.30174859
STEN11,0.0,0.0,0.0,0.0,417733.1445147258,564861.606383084
STAY4A,0.0,0.0,0.0,0.0,475866.0554142961,353956.77760789386
STAL4B,0.0,0.0,0.0,0.0,397199.99187419016,399498.2114543332
STAL4A,0.0,0.0,0.0,0.0,397199.99187419016,399498.2114543332
STAL21,0.0,0.0,0.0,0.0,397199.99187419016,399498.2114543332
STAL11,0.0,0.0,0.0,0.0,397199.99187419016,399498.2114543332
STAH4B,0.0,0.0,0.0,0.0,335030.0439175773,443060.0558153292
KINT1R,0.0,0.0,0.0,0.0,377508.90374093025,813637.7765280615
KINT3-,0.0,0.0,0.0,0.0,377508.90374093025,813637.7765280615
KINT1B,0.0,0.0,0.0,0.0,377508.90374093025,813637.7765280615
BEAU1M,0.0,0.0,0.0,0.0,250766.25113590952,844663.8219369339
BEAU1N,0.0,0.0,0.0,0.0,250766.25113590952,844663.8219369339
CURR5-,0.0,0.0,0.0,0.0,318271.80784902535,668453.398585972
CURR2-,0.0,0.0,0.0,0.0,318271.80784902535,668453.398585972
CURR1B,0.0,0.0,0.0,0.0,318271.80784902535,668453.398585972
CURR1A,0.0,0.0,0.0,0.0,318271.80784902535,668453.398585972
CUPA3-,0.0,0.0,0.0,0.0,336072.1789717202,714017.8494253053
CUPA1R,0.0,0.0,0.0,0.0,336072.1789717202,714017.8494253053
CUPA1Q,0.0,0.0,0.0,0.0,336072.1789717202,714017.8494253053
CUMH3-,0.0,0.0,0.0,0.0,277966.285439329,634117.7874668951
CUMB3-,0.0,0.0,0.0,0.0,277457.9999488219,674402.3343558668
CUMB1R,0.0,0.0,0.0,0.0,277457.9999488219,674402.3343558668
CUMB1Q,0.0,0.0,0.0,0.0,277457.9999488219,674402.3343558668
CULL5-,0.0,0.0,0.0,0.0,251877.33258795188,848162.1322833033
CULL1Q,0.0,0.0,0.0,0.0,251877.33258795188,848162.1322833033
CULJ4A,0.0,0.0,0.0,0.0,451627.0861895181,195539.8840683062
CULJ41,0.0,0.0,0.0,0.0,451627.0861895181,195539.8840683062
CULJ33,0.0,0.0,0.0,0.0,451627.0861895181,195539.8840683062
CULJ32,0.0,0.0,0.0,0.0,451627.0861895181,195539.8840683062
CULJ31,0.0,0.0,0.0,0.0,451627.0861895181,195539.8840683062
CRYR4-,0.0,0.0,0.0,0.0,366686.55639605917,667373.8221195232
CRYR32,0.0,0.0,0.0,0.0,366686.55639605917,667373.8221195232
CRYR31,0.0,0.0,0.0,0.0,366686.55639605917,667373.8221195232
CRYR1A,0.0,0.0,0.0,0.0,366686.55639605917,667373.8221195232
BEAU1P,0.0,0.0,0.0,0.0,250766.25113590952,844663.8219369339
CRUA2R,0.0,0.0,0.0,0.0,207916.59870549614,726744.6386424582
CRUA2Q,0.0,0.0,0.0,0.0,207916.59870549614,726744.6386424582
BEAU1Q,0.0,0.0,0.0,0.0,250766.25113590952,844663.8219369339
DAAS2-,0.0,0.0,0.0,0.0,312194.8729762516,852224.8135891965
DAIN41,0.0,0.0,0.0,0.0,374912.8905323259,392199.3883196023
CRSS2C,0.0,0.0,0.0,0.0,183186.99852749883,651103.1523920998
BEAU1L,0.0,0.0,0.0,0.0,250766.25113590952,844663.8219369339
DEWP2Q,0.0,0.0,0.0,0.0,324592.8446816625,673344.6523149216
DEVO3-,0.0,0.0,0.0,0.0,289530.4338971976,695272.453805036
DEVO1-,0.0,0.0,0.0,0.0,289530.4338971976,695272.453805036
BEAU1J,0.0,0.0,0.0,0.0,250766.25113590952,844663.8219369339
DEVM3-,0.0,0.0,0.0,0.0,232854.76883102444,673716.8941819936
DEVM1-,0.0,0.0,0.0,0.0,232854.76883102444,673716.8941819936
DESA3-,0.0,0.0,0.0,0.0,243394.0401764317,605558.4541194174
DESA1Q,0.0,0.0,0.0,0.0,243394.0401764317,605558.4541194174
DENS1R,0.0,0.0,0.0,0.0,345998.0013700365,760481.6295683181
DENS1Q,0.0,0.0,0.0,0.0,345998.0013700365,760481.6295683181
BEAU1K,0.0,0.0,0.0,0.0,250766.25113590952,844663.8219369339
DENN2-,0.0,0.0,0.0,0.0,285071.1963047299,683185.24754535
DENN1-,0.0,0.0,0.0,0.0,285071.1963047299,683185.24754535
DEAN5-,0.0,0.0,0.0,0.0,260981.84962599757,847951.940633253
DEAN1Q,0.0,0.0,0.0,0.0,260918.13082745444,847842.7032862924
DBBWDC,0.0,0.0,0.0,0.0,506006.98275624414,434401.9970470164
DBBW61,0.0,0.0,0.0,0.0,506006.98275624414,434401.9970470164
DBBODC,0.0,0.0,0.0,0.0,506006.98275624414,434401.9970470164
DBBO41,0.0,0.0,0.0,0.0,506006.98275624414,434401.9970470164
DBAWD,0.0,0.0,0.0,0.0,506006.98275624414,434401.9970470164
DBAW61,0.0,0.0,0.0,0.0,506006.98275624414,434401.9970470164
DBAOD,0.0,0.0,0.0,0.0,506006.98275624414,434401.9970470164
DBAO41,0.0,0.0,0.0,0.0,506006.98275624414,434401.9970470164
DALM3-,0.0,0.0,0.0,0.0,262092.34685588008,662432.8078143852
DALM2R,0.0,0.0,0.0,0.0,262092.34685588008,662432.8078143852
DALM2Q,0.0,0.0,0.0,0.0,262092.34685588008,662432.8078143852
DALM1-,0.0,0.0,0.0,0.0,262092.34685588008,662432.8078143852
CRSS2D,0.0,0.0,0.0,0.0,183186.99852749883,651103.1523920998
CRSS2B,0.0,0.0,0.0,0.0,183186.99852749883,651103.1523920998
DEWP3-,0.0,0.0,0.0,0.0,324592.8446816625,673344.6523149216
COYW2T,0.0,0.0,0.0,0.0,240672.7925803218,619819.8772364749
COYT1T,0.0,0.0,0.0,0.0,240672.7925803218,619819.8772364749
COYL3-,0.0,0.0,0.0,0.0,246462.02797568004,619711.474224169
COYL2-,0.0,0.0,0.0,0.0,246462.02797568004,619711.474224169
COYL1-,0.0,0.0,0.0,0.0,246462.02797568004,619711.474224169
COWT2A,0.0,0.0,0.0,0.0,298694.5186770615,175904.1020910028
COWL41,0.0,0.0,0.0,0.0,455998.8646362101,201599.69807517744
COWL12,0.0,0.0,0.0,0.0,455998.8646362101,201599.69807517744
COWL11,0.0,0.0,0.0,0.0,455998.8646362101,201599.69807517744
COVE21,0.0,0.0,0.0,0.0,436522.3483304502,284308.1943575468
COVE12,0.0,0.0,0.0,0.0,436522.3483304502,284308.1943575468
COVE11,0.0,0.0,0.0,0.0,436522.3483304502,284308.1943575468
COUA3-,0.0,0.0,0.0,0.0,321811.3849854441,739184.502571313
COUA1R,0.0,0.0,0.0,0.0,321811.3849854441,739184.502571313
COUA1Q,0.0,0.0,0.0,0.0,321811.3849854441,739184.502571313
COTT41,0.0,0.0,0.0,0.0,481478.9890473841,379218.5314841755
CORI3J,0.0,0.0,0.0,0.0,234354.11661059136,867132.2412994268
CORI3-,0.0,0.0,0.0,0.0,234354.11661059136,867132.2412994268
CORI1Q,0.0,0.0,0.0,0.0,234354.11661059136,867132.2412994268
CORI1P,0.0,0.0,0.0,0.0,234354.11661059136,867132.2412994268
CORI1K,0.0,0.0,0.0,0.0,234354.11661059136,867132.2412994268
BEAU1T,0.0,0.0,0.0,0.0,250766.25113590952,844663.8219369339
CONQ13,0.0,0.0,0.0,0.0,328488.5600786216,370591.7757933684
CONQ12,0.0,0.0,0.0,0.0,328488.5600786216,370591.7757933684
CONQ11,0.0,0.0,0.0,0.0,328488.5600786216,370591.7757933684
CONN2J,0.0,0.0,0.0,0.0,294365.28725691943,958500.2556072106
CONN1J,0.0,0.0,0.0,0.0,292247.0174153663,948799.2798645471
CONN1C,0.0,0.0,0.0,0.0,275856.7072675156,875109.6602324091
COYW2S,0.0,0.0,0.0,0.0,240672.7925803218,619819.8772364749
CRAI1-,0.0,0.0,0.0,0.0,390837.40196772653,804479.9797283371
CRSS2A,0.0,0.0,0.0,0.0,183186.99852749883,651103.1523920998
CRAI1P,0.0,0.0,0.0,0.0,390837.40196772653,804479.9797283371
CRSS1R,0.0,0.0,0.0,0.0,183186.99852749883,651103.1523920998
CRSS1Q,0.0,0.0,0.0,0.0,183186.99852749883,651103.1523920998
CRSS1K,0.0,0.0,0.0,0.0,183186.99852749883,651103.1523920998
CRSS1J,0.0,0.0,0.0,0.0,183186.99852749883,651103.1523920998
CROO3K,0.0,0.0,0.0,0.0,252002.11960258303,663532.7619092758
CROO3J,0.0,0.0,0.0,0.0,252002.11960258303,663532.7619092758
CROO1R,0.0,0.0,0.0,0.0,252002.11960258303,663532.7619092758
CROO1Q,0.0,0.0,0.0,0.0,252002.11960258303,663532.7619092758
CREB41,0.0,0.0,0.0,0.0,504521.6000379641,435015.83741480124
CREB2B,0.0,0.0,0.0,0.0,504521.6000379641,435015.83741480124
CREB2A,0.0,0.0,0.0,0.0,504521.6000379641,435015.83741480124
CREB22,0.0,0.0,0.0,0.0,504521.6000379641,435015.83741480124
CREB21,0.0,0.0,0.0,0.0,504521.6000379641,435015.83741480124
CREB12,0.0,0.0,0.0,0.0,504521.6000379641,435015.83741480124
CREB11,0.0,0.0,0.0,0.0,504521.6000379641,435015.83741480124
CREA3-,0.0,0.0,0.0,0.0,252589.0218711658,928364.0311092394
BEAU1R,0.0,0.0,0.0,0.0,250766.25113590952,844663.8219369339
CREA1A,0.0,0.0,0.0,0.0,252589.0218711658,928364.0311092394
CREA1-,0.0,0.0,0.0,0.0,252589.0218711658,928364.0311092394
CRDY3B,0.0,0.0,0.0,0.0,267190.6825384584,673221.1604429871
CRDY3A,0.0,0.0,0.0,0.0,267190.6825384584,673221.1604429871
CRDY31,0.0,0.0,0.0,0.0,267190.6825384584,673221.1604429871
BEAU1S,0.0,0.0,0.0,0.0,250766.25113590952,844663.8219369339
CRAR1R,0.0,0.0,0.0,0.0,299983.9439361404,646179.373473354
CRAI3-,0.0,0.0,0.0,0.0,390837.40196772653,804479.9797283371
CRAI1R,0.0,0.0,0.0,0.0,390837.40196772653,804479.9797283371
CRAI1Q,0.0,0.0,0.0,0.0,390837.40196772653,804479.9797283371
DEWP2R,0.0,0.0,0.0,0.0,324592.8446816625,673344.6523149216
DINO41,0.0,0.0,0.0,0.0,259308.134574474,359835.90648326254
COGA1C,0.0,0.0,0.0,0.0,257500.0169509698,813500.0289685986
ECCF1K,0.0,0.0,0.0,0.0,319300.64152947767,574642.7365323111
EAST5-,0.0,0.0,0.0,0.0,261718.4197915482,581684.6043330148
EAST1Q,0.0,0.0,0.0,0.0,261718.4197915482,581684.6043330148
EASO4B,0.0,0.0,0.0,0.0,516067.81766147126,258769.82538134896
EASO4A,0.0,0.0,0.0,0.0,516067.81766147126,258769.82538134896
EASO41,0.0,0.0,0.0,0.0,516067.81766147126,258769.82538134896
EASO12,0.0,0.0,0.0,0.0,516067.81766147126,258769.82538134896
EASO11,0.0,0.0,0.0,0.0,516067.81766147126,258769.82538134896
EALI61,0.0,0.0,0.0,0.0,518317.2515740665,179448.67512888438
EALI21,0.0,0.0,0.0,0.0,518317.2515740665,179448.67512888438
EAAW64,0.0,0.0,0.0,0.0,705868.4821985238,268594.2735808685
EAAW63,0.0,0.0,0.0,0.0,705868.4821985238,268594.2735808685
EAAW62,0.0,0.0,0.0,0.0,705868.4821985238,268594.2735808685
EAAW61,0.0,0.0,0.0,0.0,705868.4821985238,268594.2735808685
EAAW22,0.0,0.0,0.0,0.0,705868.4821985238,268594.2735808685
EAAW21,0.0,0.0,0.0,0.0,705868.4821985238,268594.2735808685
DYCE3-,0.0,0.0,0.0,0.0,389166.06677967246,813423.2644586193
DYCE1U,0.0,0.0,0.0,0.0,389166.06677967246,813423.2644586193
DYCE1T,0.0,0.0,0.0,0.0,389166.06677967246,813423.2644586193
DYCE1R,0.0,0.0,0.0,0.0,389166.06677967246,813423.2644586193
DYCE1Q,0.0,0.0,0.0,0.0,389166.06677967246,813423.2644586193
DYCE1J,0.0,0.0,0.0,0.0,389166.06677967246,813423.2644586193
DUNO3-,0.0,0.0,0.0,0.0,216640.16998401147,679640.6156092829
DUNO1R,0.0,0.0,0.0,0.0,216640.16998401147,679640.6156092829
DUNO1Q,0.0,0.0,0.0,0.0,216640.16998401147,679640.6156092829
DUNM3-,0.0,0.0,0.0,0.0,259300.43172461085,822264.7407809687
DUNM1T,0.0,0.0,0.0,0.0,259300.43172461085,822264.7407809687
DUNM1C,0.0,0.0,0.0,0.0,259300.43172461085,822264.7407809687
ECCF1J,0.0,0.0,0.0,0.0,319300.64152947767,574642.7365323111
ECCL1-,0.0,0.0,0.0,0.0,379485.4209335479,641673.0232436595
DUNH3-,0.0,0.0,0.0,0.0,281625.7119939654,641333.0070624468
ECCL4A,0.0,0.0,0.0,0.0,379485.4209335479,641673.0232436595
ELGI1M,0.0,0.0,0.0,0.0,321509.34530317236,864369.5845111359
BEAT21,0.0,0.0,0.0,0.0,342739.08210220665,848569.6185376373
ELDE3-,0.0,0.0,0.0,0.0,245868.72161432347,663444.9613599243
ELDE1R,0.0,0.0,0.0,0.0,245868.72161432347,663444.9613599243
ELDE1Q,0.0,0.0,0.0,0.0,245868.72161432347,663444.9613599243
EKIS3B,0.0,0.0,0.0,0.0,264416.9893746509,651686.7638929151
EKIS3A,0.0,0.0,0.0,0.0,264416.9893746509,651686.7638929151
EKIS3-,0.0,0.0,0.0,0.0,264416.9893746509,651686.7638929151
BEAT22,0.0,0.0,0.0,0.0,342739.08210220665,848569.6185376373
EKIL3B,0.0,0.0,0.0,0.0,262662.2705343857,656798.3946445158
KINT1-,0.0,0.0,0.0,0.0,377508.90374093025,813637.7765280615
EKIL2T,0.0,0.0,0.0,0.0,262662.2705343857,656798.3946445158
EKIL2S,0.0,0.0,0.0,0.0,262662.2705343857,656798.3946445158
EKIL2R,0.0,0.0,0.0,0.0,262662.2705343857,656798.3946445158
EKIL2Q,0.0,0.0,0.0,0.0,262662.2705343857,656798.3946445158
EGGB42,0.0,0.0,0.0,0.0,457785.73487998365,424250.0032303991
EGGB41,0.0,0.0,0.0,0.0,457785.73487998365,424250.0032303991
EERH3-,0.0,0.0,0.0,0.0,270410.8268803295,666993.3277404201
EERH2-,0.0,0.0,0.0,0.0,270410.8268803295,666993.3277404201
EDIN3-,0.0,0.0,0.0,0.0,134546.74452140596,850977.3168778961
BEAT41,0.0,0.0,0.0,0.0,342739.08210220665,848569.6185376373
ECLA41,0.0,0.0,0.0,0.0,475166.4174595947,225968.0476004742
ECLA12,0.0,0.0,0.0,0.0,475166.4174595947,225968.0476004742
ECLA11,0.0,0.0,0.0,0.0,475166.4174595947,225968.0476004742
ECCL4D,0.0,0.0,0.0,0.0,379485.4209335479,641673.0232436595
ECCL4C,0.0,0.0,0.0,0.0,379485.4209335479,641673.0232436595
ECCL4B,0.0,0.0,0.0,0.0,379485.4209335479,641673.0232436595
DUNM1-,0.0,0.0,0.0,0.0,259300.43172461085,822264.7407809687
DUNH1T,0.0,0.0,0.0,0.0,281625.7119939654,641333.0070624468
DISS4A,0.0,0.0,0.0,0.0,611704.2285391154,279976.62158799346
DUDH1R,0.0,0.0,0.0,0.0,341557.074189085,730359.2018167032
DUCC1K,0.0,0.0,0.0,0.0,289330.76383883145,689443.8335700359
DUCC1J,0.0,0.0,0.0,0.0,289330.76383883145,689443.8335700359
DUBE3-,0.0,0.0,0.0,0.0,316183.6259078034,930251.5454363524
BEAT4B,0.0,0.0,0.0,0.0,342739.08210220665,848569.6185376373
DRUM3-,0.0,0.0,0.0,0.0,253293.95099271642,671675.2370061814
DRUM2R,0.0,0.0,0.0,0.0,253293.95099271642,671675.2370061814
DRUM2Q,0.0,0.0,0.0,0.0,253293.95099271642,671675.2370061814
DRCR3-,0.0,0.0,0.0,0.0,300845.69991178275,669291.7558316492
BEAU10,0.0,0.0,0.0,0.0,250766.25113590952,844663.8219369339
DRCR1Q,0.0,0.0,0.0,0.0,300845.69991178275,669291.7558316492
DRAX42,0.0,0.0,0.0,0.0,466558.2174088211,426700.31667411665
DRAX11,0.0,0.0,0.0,0.0,466558.2174088211,426700.31667411665
DRAK41,0.0,0.0,0.0,0.0,423745.3718218893,319568.2359847259
DRAK21,0.0,0.0,0.0,0.0,423745.3718218893,319568.2359847259
DRAK11,0.0,0.0,0.0,0.0,423745.3718218893,319568.2359847259
DOUN3-,0.0,0.0,0.0,0.0,298125.6762379365,966655.8920514917
DOUN2-,0.0,0.0,0.0,0.0,298125.6762379365,966655.8920514917
DOUN1-,0.0,0.0,0.0,0.0,298125.6762379365,966655.8920514917
DORE32,0.0,0.0,0.0,0.0,332000.0046455809,829499.973349562
DORE31,0.0,0.0,0.0,0.0,332000.0046455809,829499.973349562
DORE12,0.0,0.0,0.0,0.0,332000.0046455809,829499.973349562
DORE11,0.0,0.0,0.0,0.0,332000.0046455809,829499.973349562
DONO3A,0.0,0.0,0.0,0.0,283530.21267691656,630787.6950097026
DONO1-,0.0,0.0,0.0,0.0,283530.21267691656,630787.6950097026
DLCH1B,0.0,0.0,0.0,0.0,257334.86476320488,910614.2932947115
DLCH1A,0.0,0.0,0.0,0.0,257334.86476320488,910614.2932947115
DISS4B,0.0,0.0,0.0,0.0,611704.2285391154,279976.62158799346
DUDH1Q,0.0,0.0,0.0,0.0,341557.074189085,730359.2018167032
DUDH3-,0.0,0.0,0.0,0.0,341557.074189085,730359.2018167032
DUNH1S,0.0,0.0,0.0,0.0,281625.7119939654,641333.0070624468
DUDO11,0.0,0.0,0.0,0.0,588854.8224434775,310573.03087905137
DUNH1R,0.0,0.0,0.0,0.0,281559.7724937231,641223.4417189611
DUNH1Q,0.0,0.0,0.0,0.0,281559.7724937231,641223.4417189611
DUNG41,0.0,0.0,0.0,0.0,608295.9666349376,116870.40574760447
DUNG21,0.0,0.0,0.0,0.0,608295.9666349376,116870.40574760447
DUNF3-,0.0,0.0,0.0,0.0,309943.5311974589,689475.7295749331
DUNF1R,0.0,0.0,0.0,0.0,309943.5311974589,689475.7295749331
DUNF1Q,0.0,0.0,0.0,0.0,309943.5311974589,689475.7295749331
DUNE3-,0.0,0.0,0.0,0.0,327910.19011232734,668850.8788665662
DUNE1-,0.0,0.0,0.0,0.0,327910.19011232734,668850.8788665662
DUNB3B,0.0,0.0,0.0,0.0,364358.31458894775,676105.9300364661
DUNB3A,0.0,0.0,0.0,0.0,364358.31458894775,676105.9300364661
DUNB3-,0.0,0.0,0.0,0.0,364358.31458894775,676105.9300364661
DUNB1T,0.0,0.0,0.0,0.0,364358.31458894775,676105.9300364661
DUNB1S,0.0,0.0,0.0,0.0,364358.31458894775,676105.9300364661
DUNB1R,0.0,0.0,0.0,0.0,364358.31458894775,676105.9300364661
DUNB1Q,0.0,0.0,0.0,0.0,364358.31458894775,676105.9300364661
DUMF3I,0.0,0.0,0.0,0.0,297231.8626195431,576155.3905196224
DUMF3B,0.0,0.0,0.0,0.0,297231.8626195431,576155.3905196224
DUMF3A,0.0,0.0,0.0,0.0,297231.8626195431,576155.3905196224
DUMF1-,0.0,0.0,0.0,0.0,297231.8626195431,576155.3905196224
DUGR3-,0.0,0.0,0.0,0.0,128127.78721658699,846582.820962869
BEAT42,0.0,0.0,0.0,0.0,342739.08210220665,848569.6185376373
DUDW32,0.0,0.0,0.0,0.0,625508.142454939,379550.02192661207
DUDW31,0.0,0.0,0.0,0.0,625508.142454939,379550.02192661207
DUDW12,0.0,0.0,0.0,0.0,625508.142454939,379550.02192661207
DUDW11,0.0,0.0,0.0,0.0,625508.142454939,379550.02192661207
DUDO12,0.0,0.0,0.0,0.0,588854.8224434775,310573.03087905137
COGA3-,0.0,0.0,0.0,0.0,257500.0169509698,813500.0289685986
COGA1-,0.0,0.0,0.0,0.0,257500.0169509698,813500.0289685986
ELGI1R,0.0,0.0,0.0,0.0,321509.34530317236,864369.5845111359
BRID1Q,0.0,0.0,0.0,0.0,366035.9378890825,758887.1127113937
BRFO11,0.0,0.0,0.0,0.0,610012.2552811322,245737.47111094272
BRED21,0.0,0.0,0.0,0.0,391371.85274336534,390942.3977474307
BRED11,0.0,0.0,0.0,0.0,391371.85274336534,390942.3977474307
BREC1R,0.0,0.0,0.0,0.0,359715.31639410515,760180.1832031948
BREC1Q,0.0,0.0,0.0,0.0,359715.31639410515,760180.1832031948
BEDD22,0.0,0.0,0.0,0.0,530309.9841127837,165546.6147682044
BEDD23,0.0,0.0,0.0,0.0,530309.9841127837,165546.6147682044
BRCW2J,0.0,0.0,0.0,0.0,283670.72630506946,709534.2668493561
BRAW4A,0.0,0.0,0.0,0.0,408856.65373023076,434874.40713156096
BRAW21,0.0,0.0,0.0,0.0,408856.65373023076,434874.40713156096
BRAW12,0.0,0.0,0.0,0.0,408856.65373023076,434874.40713156096
BRAW11,0.0,0.0,0.0,0.0,408856.65373023076,434874.40713156096
BRAP3-,0.0,0.0,0.0,0.0,251154.08941911315,667849.6226731963
BRAP1-,0.0,0.0,0.0,0.0,251154.08941911315,667849.6226731963
BRAI4B,0.0,0.0,0.0,0.0,577462.7641804109,221666.93200329185
BRAI4A,0.0,0.0,0.0,0.0,577462.7641804109,221666.93200329185
BRAI11,0.0,0.0,0.0,0.0,577462.7641804109,221666.93200329185
BPGR3J,0.0,0.0,0.0,0.0,291151.49508143566,681288.5799959091
BOTW41,0.0,0.0,0.0,0.0,454049.57889952394,109779.05025339872
BOTW11,0.0,0.0,0.0,0.0,454049.57889952394,109779.05025339872
BOSW31,0.0,0.0,0.0,0.0,314997.44815683266,455885.44487017684
BOSW30,0.0,0.0,0.0,0.0,319695.0659266479,467354.3508407938
BOSW11,0.0,0.0,0.0,0.0,314997.44815683266,455885.44487017684
BOSO11,0.0,0.0,0.0,0.0,321055.252428687,467882.9940431145
BONN3-,0.0,0.0,0.0,0.0,284100.591921682,680914.4266760133
BONN2B,0.0,0.0,0.0,0.0,284100.591921682,680914.4266760133
BONN2A,0.0,0.0,0.0,0.0,284100.591921682,680914.4266760133
BRFO12,0.0,0.0,0.0,0.0,610012.2552811322,245737.47111094272
BRID1R,0.0,0.0,0.0,0.0,366035.9378890825,758887.1127113937
BONB4-,0.0,0.0,0.0,0.0,282377.38958180905,680329.9157732122
BRID3-,0.0,0.0,0.0,0.0,366035.9378890825,758887.1127113937
BRST42,0.0,0.0,0.0,0.0,610025.2669136812,245717.76313786482
BRST41,0.0,0.0,0.0,0.0,610025.2669136812,245717.76313786482
BRST22,0.0,0.0,0.0,0.0,610025.2669136812,245717.76313786482
BRST21,0.0,0.0,0.0,0.0,610025.2669136812,245717.76313786482
BROX3-,0.0,0.0,0.0,0.0,309264.94725789037,670537.0142303862
BROX1R,0.0,0.0,0.0,0.0,309264.94725789037,670537.0142303862
BROX1Q,0.0,0.0,0.0,0.0,309264.94725789037,670537.0142303862
BROT1-,0.0,0.0,0.0,0.0,297275.0647777388,740021.6961342506
BROR3-,0.0,0.0,0.0,0.0,289354.42678426305,904956.4093137522
BROR1Q,0.0,0.0,0.0,0.0,289354.42678426305,904956.4093137522
BEDD12,0.0,0.0,0.0,0.0,530309.9841127837,165546.6147682044
BROC1-,0.0,0.0,0.0,0.0,285017.9204761967,637364.8555147782
BROA3-,0.0,0.0,0.0,0.0,162669.27181330245,824336.6862327995
BEDD21,0.0,0.0,0.0,0.0,530309.9841127837,165546.6147682044
BRLE1B,0.0,0.0,0.0,0.0,464398.3897140703,159999.52216094645
BRLE1A,0.0,0.0,0.0,0.0,464398.3897140703,159999.52216094645
BRLE14,0.0,0.0,0.0,0.0,464398.3897140703,159999.52216094645
BRLE13,0.0,0.0,0.0,0.0,464398.3897140703,159999.52216094645
BRLE12,0.0,0.0,0.0,0.0,464398.3897140703,159999.52216094645
BRLE11,0.0,0.0,0.0,0.0,464398.3897140703,159999.52216094645
BRIN41,0.0,0.0,0.0,0.0,442115.26607480505,389853.35361505323
BRIN22,0.0,0.0,0.0,0.0,442115.26607480505,389853.35361505323
BRIN21,0.0,0.0,0.0,0.0,442115.26607480505,389853.35361505323
BRIM2D,0.0,0.0,0.0,0.0,536699.73561281,197926.79036675364
BRIM2C,0.0,0.0,0.0,0.0,536699.73561281,197926.79036675364
BRIM2B,0.0,0.0,0.0,0.0,536699.73561281,197926.79036675364
BRIM2A,0.0,0.0,0.0,0.0,536699.73561281,197926.79036675364
BONN1-,0.0,0.0,0.0,0.0,284100.591921682,680914.4266760133
BONB2J,0.0,0.0,0.0,0.0,282377.38958180905,680329.9157732122
BRWA41,0.0,0.0,0.0,0.0,332284.24209498824,135783.52443838763
BLHI1J,0.0,0.0,0.0,0.0,345819.88531278336,844795.4582821309
BLCW3-,0.0,0.0,0.0,0.0,302747.5101301725,671905.3589772054
BLCW1-,0.0,0.0,0.0,0.0,302747.5101301725,671905.3589772054
BLAH3B,0.0,0.0,0.0,0.0,283210.5076962553,643503.8560740522
BLAH3A,0.0,0.0,0.0,0.0,283210.5076962553,643503.8560740522
BLAH1-,0.0,0.0,0.0,0.0,283210.5076962553,643503.8560740522
BISW21,0.0,0.0,0.0,0.0,383548.54446182365,268291.47961990617
BIRK21,0.0,0.0,0.0,0.0,329476.06542206457,385971.8144544208
BIRK11,0.0,0.0,0.0,0.0,329476.06542206457,385971.8144544208
BIHI1R,0.0,0.0,0.0,0.0,335036.36321600917,734302.985273544
BIHI1Q,0.0,0.0,0.0,0.0,335036.36321600917,734302.985273544
BIGG41,0.0,0.0,0.0,0.0,518088.30429694935,243906.91459287232
BIGG11,0.0,0.0,0.0,0.0,518088.30429694935,243906.91459287232
BICF41,0.0,0.0,0.0,0.0,519664.11994190834,338522.21419538796
BICF11,0.0,0.0,0.0,0.0,519664.11994190834,338522.21419538796
BHLA31,0.0,0.0,0.0,0.0,244193.993161283,817221.002235653
BEDT1A,0.0,0.0,0.0,0.0,530092.1498263676,165313.8445166499
BESW21,0.0,0.0,0.0,0.0,426370.9932812461,276580.08512982517
BESW12,0.0,0.0,0.0,0.0,426370.9932812461,276580.08512982517
BESW11,0.0,0.0,0.0,0.0,426370.9932812461,276580.08512982517
BEDT1B,0.0,0.0,0.0,0.0,530092.1498263676,165313.8445166499
BERW1R,0.0,0.0,0.0,0.0,395162.30483317684,653791.8762863745
BERW1Q,0.0,0.0,0.0,0.0,395162.30483317684,653791.8762863745
BERB3-,0.0,0.0,0.0,0.0,304257.91760640434,847113.7267125144
BERB2Q,0.0,0.0,0.0,0.0,304257.91760640434,847113.7267125144
BEIW32,0.0,0.0,0.0,0.0,348446.1172916257,929372.0035577759
BEIW31,0.0,0.0,0.0,0.0,348446.1172916257,929372.0035577759
BEIW22,0.0,0.0,0.0,0.0,348446.1172916257,929372.0035577759
BLHI10,0.0,0.0,0.0,0.0,345819.88531278336,844795.4582821309
BLHI1K,0.0,0.0,0.0,0.0,345819.88531278336,844795.4582821309
BOLN12,0.0,0.0,0.0,0.0,523907.3339107641,120920.43815736461
BLHI2J,0.0,0.0,0.0,0.0,345819.88531278336,844795.4582821309
BOLN11,0.0,0.0,0.0,0.0,523907.3339107641,120920.43815736461
BODE42,0.0,0.0,0.0,0.0,299197.949622507,375906.7657750453
BODE41,0.0,0.0,0.0,0.0,299197.949622507,375906.7657750453
BOAG3-,0.0,0.0,0.0,0.0,296134.70085447544,818943.0708301157
BOAG1R,0.0,0.0,0.0,0.0,296134.70085447544,818943.0708301157
BOAG1Q,0.0,0.0,0.0,0.0,296134.70085447544,818943.0708301157
BOAG1P,0.0,0.0,0.0,0.0,296134.70085447544,818943.0708301157
BOAG1M,0.0,0.0,0.0,0.0,296134.70085447544,818943.0708301157
BOAG1L,0.0,0.0,0.0,0.0,296134.70085447544,818943.0708301157
BLYT61,0.0,0.0,0.0,0.0,430013.9673082635,583076.0248502347
BLYT41,0.0,0.0,0.0,0.0,430013.9673082635,583076.0248502347
BLYT23,0.0,0.0,0.0,0.0,430013.9673082635,583076.0248502347
BEDD4A,0.0,0.0,0.0,0.0,530309.9841127837,165546.6147682044
BLYT21,0.0,0.0,0.0,0.0,430013.9673082635,583076.0248502347
BLYT1B,0.0,0.0,0.0,0.0,430013.9673082635,583076.0248502347
BLYT1A,0.0,0.0,0.0,0.0,430013.9673082635,583076.0248502347
BLLX3-,0.0,0.0,0.0,0.0,308801.1203252075,620984.196450909
BLLX1-,0.0,0.0,0.0,0.0,308801.1203252075,620984.196450909
BLKS3-,0.0,0.0,0.0,0.0,268825.690854248,655174.6219979648
BLKL3B,0.0,0.0,0.0,0.0,308801.1203252075,620984.196450909
BLKL3A,0.0,0.0,0.0,0.0,308801.1203252075,620984.196450909
BLKL1-,0.0,0.0,0.0,0.0,308801.1203252075,620984.196450909
BLHI4R,0.0,0.0,0.0,0.0,345819.88531278336,844795.4582821309
BLHI42,0.0,0.0,0.0,0.0,345819.88531278336,844795.4582821309
BLHI41,0.0,0.0,0.0,0.0,345819.88531278336,844795.4582821309
BEDD4B,0.0,0.0,0.0,0.0,530309.9841127837,165546.6147682044
BLHI2K,0.0,0.0,0.0,0.0,345819.88531278336,844795.4582821309
BRWA11,0.0,0.0,0.0,0.0,332284.24209498824,135783.52443838763
BRWA42,0.0,0.0,0.0,0.0,332284.24209498824,135783.52443838763
COCK4R,0.0,0.0,0.0,0.0,339736.3256757838,675269.2781755353
CLUN1B,0.0,0.0,0.0,0.0,311014.1625825217,743863.5734634877
CLTO11,0.0,0.0,0.0,0.0,610093.5607029016,245678.5369698385
CLEH41,0.0,0.0,0.0,0.0,605055.4971123929,163628.53407657013
CLAY3-,0.0,0.0,0.0,0.0,394132.04681890213,805486.9981205657
CLAY1R,0.0,0.0,0.0,0.0,394132.04681890213,805486.9981205657
CLAC5J,0.0,0.0,0.0,0.0,219189.4828584084,713245.9618711105
CLAC1Q,0.0,0.0,0.0,0.0,219189.4828584084,713245.9618711105
CITR41,0.0,0.0,0.0,0.0,532180.1901665765,183027.04684263427
CITR12,0.0,0.0,0.0,0.0,532180.1901665765,183027.04684263427
CITR11,0.0,0.0,0.0,0.0,532180.1901665765,183027.04684263427
CILF41,0.0,0.0,0.0,0.0,308641.8361145547,192070.29349990172
CILF2B,0.0,0.0,0.0,0.0,308641.8361145547,192070.29349990172
CILF2A,0.0,0.0,0.0,0.0,308641.8361145547,192070.29349990172
CHUE4B,0.0,0.0,0.0,0.0,558919.3587904889,178774.45803469128
CHUE4A,0.0,0.0,0.0,0.0,558919.3587904889,178774.45803469128
CHTE21,0.0,0.0,0.0,0.0,440990.9762221965,369865.65959873784
CHTE12,0.0,0.0,0.0,0.0,440990.9762221965,369865.65959873784
CHTE11,0.0,0.0,0.0,0.0,440990.9762221965,369865.65959873784
CHSI21,0.0,0.0,0.0,0.0,516874.00834687636,161816.57968313288
CHSI1B,0.0,0.0,0.0,0.0,516874.00834687636,161816.57968313288
CHSI1A,0.0,0.0,0.0,0.0,516874.00834687636,161816.57968313288
CHSI11,0.0,0.0,0.0,0.0,516874.00834687636,161816.57968313288
CHIL41,0.0,0.0,0.0,0.0,450931.59567398875,104246.10314528656
CHIC4A,0.0,0.0,0.0,0.0,365487.45957667823,80634.31888519894
CHIC41,0.0,0.0,0.0,0.0,365487.45957667823,80634.31888519894
CHIC11,0.0,0.0,0.0,0.0,365487.45957667823,80634.31888519894
CHAS3C,0.0,0.0,0.0,0.0,259942.14423902356,664696.6949358287
CHAS3A,0.0,0.0,0.0,0.0,259942.14423902356,664696.6949358287
CLUN1A,0.0,0.0,0.0,0.0,311014.1625825217,743863.5734634877
CLUN1Q,0.0,0.0,0.0,0.0,311014.1625825217,743863.5734634877
CHAS2R,0.0,0.0,0.0,0.0,259942.14423902356,664696.6949358287
CLUN1R,0.0,0.0,0.0,0.0,311014.1625825217,743863.5734634877
BEAU2J,0.0,0.0,0.0,0.0,250766.25113590952,844663.8219369339
COCK3-,0.0,0.0,0.0,0.0,339736.3256757838,675269.2781755353
COCK2-,0.0,0.0,0.0,0.0,339736.3256757838,675269.2781755353
COAT3-,0.0,0.0,0.0,0.0,274048.38105486275,663861.0653231664
COAT2R,0.0,0.0,0.0,0.0,274048.38105486275,663861.0653231664
COAT2Q,0.0,0.0,0.0,0.0,274048.38105486275,663861.0653231664
COAL4-,0.0,0.0,0.0,0.0,281008.2854171587,634766.3152151417
COAL1B,0.0,0.0,0.0,0.0,281008.2854171587,634766.3152151417
COAL1A,0.0,0.0,0.0,0.0,281008.2854171587,634766.3152151417
COAL1-,0.0,0.0,0.0,0.0,281008.2854171587,634766.3152151417
CLYS3X,0.0,0.0,0.0,0.0,273661.80388729984,653031.4848172757
CLYS3B,0.0,0.0,0.0,0.0,273661.80388729984,653031.4848172757
CLYS3A,0.0,0.0,0.0,0.0,273661.80388729984,653031.4848172757
CLYS2R,0.0,0.0,0.0,0.0,273661.80388729984,653031.4848172757
CLYN3D,0.0,0.0,0.0,0.0,325659.67035110545,674259.5459690444
CLYN3C,0.0,0.0,0.0,0.0,325659.67035110545,674259.5459690444
CLYN3B,0.0,0.0,0.0,0.0,325659.67035110545,674259.5459690444
CLYN3A,0.0,0.0,0.0,0.0,325659.67035110545,674259.5459690444
CLYN2Q,0.0,0.0,0.0,0.0,325659.67035110545,674259.5459690444
CLYM3B,0.0,0.0,0.0,0.0,265445.4440123455,660887.0012772612
CLYM3A,0.0,0.0,0.0,0.0,265445.4440123455,660887.0012772612
CLYM3-,0.0,0.0,0.0,0.0,265445.4440123455,660887.0012772612
CLYM2-,0.0,0.0,0.0,0.0,265445.4440123455,660887.0012772612
CLUN5K,0.0,0.0,0.0,0.0,311014.1625825217,743863.5734634877
CLUN5J,0.0,0.0,0.0,0.0,311014.1625825217,743863.5734634877
CLUN1T,0.0,0.0,0.0,0.0,311014.1625825217,743863.5734634877
CLUN1S,0.0,0.0,0.0,0.0,311014.1625825217,743863.5734634877
CHAS3-,0.0,0.0,0.0,0.0,259942.14423902356,664696.6949358287
CHAS2Q,0.0,0.0,0.0,0.0,259942.14423902356,664696.6949358287
BRWA4A,0.0,0.0,0.0,0.0,332284.24209498824,135783.52443838763
CAPE11,0.0,0.0,0.0,0.0,336867.62989942066,374774.9901364359
CANT14,0.0,0.0,0.0,0.0,615827.9490298582,159346.68560894814
CANT13,0.0,0.0,0.0,0.0,615827.9490298582,159346.68560894814
CAML61,0.0,0.0,0.0,0.0,466016.6026554581,426356.913607551
CAMA12,0.0,0.0,0.0,0.0,545073.3959920852,258675.96776162356
CAMA11,0.0,0.0,0.0,0.0,545073.3959920852,258675.96776162356
CAIN3J,0.0,0.0,0.0,0.0,349107.4400507233,840481.253775572
CAIN2-,0.0,0.0,0.0,0.0,349031.8541436024,840882.0225014868
CAFA5R,0.0,0.0,0.0,0.0,260559.57944505927,585427.0955484761
CAFA1Q,0.0,0.0,0.0,0.0,260559.57944505927,585427.0955484761
CAAD3J,0.0,0.0,0.0,0.0,179402.35253153546,638527.5964031415
CAAD3-,0.0,0.0,0.0,0.0,179402.35253153546,638527.5964031415
BEDD11,0.0,0.0,0.0,0.0,530309.9841127837,165546.6147682044
CAAD1Q,0.0,0.0,0.0,0.0,179402.35253153546,638527.5964031415
BUST4B,0.0,0.0,0.0,0.0,402536.0309648002,295010.8814720463
BUST4A,0.0,0.0,0.0,0.0,402536.0309648002,295010.8814720463
BUST21,0.0,0.0,0.0,0.0,402536.0309648002,295010.8814720463
BUST11,0.0,0.0,0.0,0.0,402536.0309648002,295010.8814720463
BUSH21,0.0,0.0,0.0,0.0,392330.64892310696,304279.48944584525
BUSH11,0.0,0.0,0.0,0.0,392330.64892310696,304279.48944584525
BUSB2-,0.0,0.0,0.0,0.0,258217.6719876709,656436.6938356282
BURW41,0.0,0.0,0.0,0.0,558940.9684225994,266730.9607760942
BURW11,0.0,0.0,0.0,0.0,557820.9403230031,267171.9957169779
BUMU3-,0.0,0.0,0.0,0.0,308280.1384551814,723709.0937875295
BUMU1R,0.0,0.0,0.0,0.0,308280.1384551814,723709.0937875295
BUMU1Q,0.0,0.0,0.0,0.0,308280.1384551814,723709.0937875295
BULL41,0.0,0.0,0.0,0.0,573805.9537250955,210262.3118502634
BRWA4B,0.0,0.0,0.0,0.0,332284.24209498824,135783.52443838763
CANT41,0.0,0.0,0.0,0.0,615827.9490298582,159346.68560894814
CAPE1A,0.0,0.0,0.0,0.0,336867.62989942066,374774.9901364359
CHAR3-,0.0,0.0,0.0,0.0,335735.93226194987,731790.7491054458
CAPE1B,0.0,0.0,0.0,0.0,336867.62989942066,374774.9901364359
CHAR1T,0.0,0.0,0.0,0.0,335735.93226194987,731790.7491054458
CHAR1S,0.0,0.0,0.0,0.0,335735.93226194987,731790.7491054458
CHAR1R,0.0,0.0,0.0,0.0,335735.93226194987,731790.7491054458
CHAR1-,0.0,0.0,0.0,0.0,335735.93226194987,731790.7491054458
CHAP3-,0.0,0.0,0.0,0.0,322012.1811479107,569455.7407560585
CHAP1-,0.0,0.0,0.0,0.0,322012.1811479107,569455.7407560585
CELL41,0.0,0.0,0.0,0.0,394347.1254698024,349320.5509528251
CELL11,0.0,0.0,0.0,0.0,394347.1254698024,349320.5509528251
CEAN5-,0.0,0.0,0.0,0.0,222464.51533515955,810844.5823054723
BEAU2K,0.0,0.0,0.0,0.0,250766.25113590952,844663.8219369339
CCSS3-,0.0,0.0,0.0,0.0,277966.285439329,634117.7874668951
CCSS1-,0.0,0.0,0.0,0.0,277966.285439329,634117.7874668951
CATY3-,0.0,0.0,0.0,0.0,262602.6199867849,664826.3606329452
CATY1R,0.0,0.0,0.0,0.0,262602.6199867849,664826.3606329452
CATY1Q,0.0,0.0,0.0,0.0,262602.6199867849,664826.3606329452
CASS3-,0.0,0.0,0.0,0.0,245356.32617992992,741741.430968889
BEAU3-,0.0,0.0,0.0,0.0,250766.25113590952,844663.8219369339
CARR4B,0.0,0.0,0.0,0.0,373499.7235272403,393198.4008821505
CARR4A,0.0,0.0,0.0,0.0,373499.7235272403,393198.4008821505
CARR42,0.0,0.0,0.0,0.0,373499.7235272403,393198.4008821505
CARR12,0.0,0.0,0.0,0.0,373499.7235272403,393198.4008821505
CARR11,0.0,0.0,0.0,0.0,373499.7235272403,393198.4008821505
CARE21,0.0,0.0,0.0,0.0,320629.4978229205,178013.66402759717
CARE11,0.0,0.0,0.0,0.0,320629.4978229205,178013.66402759717
CAPE4B,0.0,0.0,0.0,0.0,336867.62989942066,374774.9901364359
CAPE4A,0.0,0.0,0.0,0.0,336867.62989942066,374774.9901364359
CAPE21,0.0,0.0,0.0,0.0,336867.62989942066,374774.9901364359
ELGI1Q,0.0,0.0,0.0,0.0,321509.34530317236,864369.5845111359
EKIL3A,0.0,0.0,0.0,0.0,262662.2705343857,656798.3946445158
ELGI3-,0.0,0.0,0.0,0.0,321509.34530317236,864369.5845111359
HUMW32,0.0,0.0,0.0,0.0,551768.3266835446,415935.82393887034
HUMW12,0.0,0.0,0.0,0.0,551768.3266835446,415935.82393887034
HUMW11,0.0,0.0,0.0,0.0,551768.3266835446,415935.82393887034
HUMR41,0.0,0.0,0.0,0.0,522809.1382001879,413275.25203196576
HUMR31,0.0,0.0,0.0,0.0,522809.1382001879,413275.25203196576
HUMO22,0.0,0.0,0.0,0.0,522809.1382001879,413275.25203196576
HUMO21,0.0,0.0,0.0,0.0,522809.1382001879,413275.25203196576
HUMO12,0.0,0.0,0.0,0.0,522809.1382001879,413275.25203196576
HUMO11,0.0,0.0,0.0,0.0,522809.1382001879,413275.25203196576
HUER4-,0.0,0.0,0.0,0.0,220346.45534561176,653697.2825515952
HUER1-,0.0,0.0,0.0,0.0,220346.45534561176,653697.2825515952
HUCS4-,0.0,0.0,0.0,0.0,218458.77561055977,651397.6273252767
HOWW6D,0.0,0.0,0.0,0.0,649077.6979263645,451524.9756833139
HOWW3C,0.0,0.0,0.0,0.0,649077.6979263645,451524.9756833139
HOWW3B,0.0,0.0,0.0,0.0,649077.6979263645,451524.9756833139
HOWW3A,0.0,0.0,0.0,0.0,649077.6979263645,451524.9756833139
HOWW36,0.0,0.0,0.0,0.0,627606.1640389345,339580.9695272425
HOWW35,0.0,0.0,0.0,0.0,627606.1640389345,339580.9695272425
HOWW34,0.0,0.0,0.0,0.0,627606.1640389345,339580.9695272425
HOWW33,0.0,0.0,0.0,0.0,627606.1640389345,339580.9695272425
HOWW2D,0.0,0.0,0.0,0.0,649077.6979263645,451524.9756833139
HOWW2C,0.0,0.0,0.0,0.0,649077.6979263645,451524.9756833139
HOWW2B,0.0,0.0,0.0,0.0,649077.6979263645,451524.9756833139
HOWW2A,0.0,0.0,0.0,0.0,649077.6979263645,451524.9756833139
HOWR2B,0.0,0.0,0.0,0.0,649077.6979263645,451524.9756833125
HOWR2A,0.0,0.0,0.0,0.0,595975.5907336723,449605.29078487505
HOWB41,0.0,0.0,0.0,0.0,515392.3539303307,419130.1198776293
HOWB21,0.0,0.0,0.0,0.0,582440.1021661978,434844.9372836333
HUMW31,0.0,0.0,0.0,0.0,551768.3266835446,415935.82393887034
HUNF1Q,0.0,0.0,0.0,0.0,218458.77561055977,651397.6273252767
HOWA21,0.0,0.0,0.0,0.0,520369.4797572602,447918.3309798549
HUNF1R,0.0,0.0,0.0,0.0,218458.77561055977,651397.6273252767
AYR-2Q,0.0,0.0,0.0,0.0,236449.99143810652,621217.6315612431
AYR-2R,0.0,0.0,0.0,0.0,236449.99143810652,621217.6315612431
INDQ11,0.0,0.0,0.0,0.0,193924.86947411828,59025.99486805644
IMPP41,0.0,0.0,0.0,0.0,328606.6370033689,183738.02419689886
IMPP31,0.0,0.0,0.0,0.0,328571.0727040542,183674.2870669135
HVDC_External_Northern_Ireland_Ballycronan_More,29286.000000001346,29286.000000001346,0.0,0.0,146881.30396083792,544692.1008774715
HVDC_External_Netherlands_Maasvlakte,0.0,0.0,0.0,0.0,815766.9184565952,249665.8846533714
HVDC_External_Ireland_Rush_North_Beach,0.0,0.0,0.0,0.0,128806.729761174,410176.2841286672
HVDC_External_Ireland_Great_Island,0.0,0.0,0.0,0.0,61413.42126541369,270657.196904625
HVDC_External_France_Calais,0.0,0.0,0.0,0.0,671107.4442501252,123964.33114329787
HVDC_External_Belgium_Zeebrugge,0.0,0.0,0.0,0.0,762566.9892089879,168493.6584799803
HUTT71,0.0,0.0,0.0,0.0,356352.8904328007,489340.3566194698
HUTT43,0.0,0.0,0.0,0.0,356352.8904328007,489340.3566194698
HUTT42,0.0,0.0,0.0,0.0,356352.8904328007,489340.3566194698
HUTT41,0.0,0.0,0.0,0.0,356352.8904328007,489340.3566194698
HUTT11,0.0,0.0,0.0,0.0,356352.8904328007,489340.3566194698
HURS21,0.0,0.0,0.0,0.0,549789.3760761605,172951.9971242114
HURS1D,0.0,0.0,0.0,0.0,549789.3760761605,172951.9971242114
HURS1C,0.0,0.0,0.0,0.0,549789.3760761605,172951.9971242114
HURS1B,0.0,0.0,0.0,0.0,549789.3760761605,172951.9971242114
HUNN4B,0.0,0.0,0.0,0.0,218458.77561055977,651397.6273252767
HUNN4A,0.0,0.0,0.0,0.0,218458.77561055977,651397.6273252767
HUNN2D,0.0,0.0,0.0,0.0,218458.77561055977,651397.6273252767
HUNN2C,0.0,0.0,0.0,0.0,218458.77561055977,651397.6273252767
HUNN2B,0.0,0.0,0.0,0.0,218458.77561055977,651397.6273252767
HUNN2A,0.0,0.0,0.0,0.0,218458.77561055977,651397.6273252767
HUNF3-,0.0,0.0,0.0,0.0,218458.77561055977,651397.6273252767
HOWA41,0.0,0.0,0.0,0.0,520369.4797572602,447918.3309798549
HINP41,0.0,0.0,0.0,0.0,321338.48393827374,146160.57890531755
GWBW11,0.0,0.0,0.0,0.0,248748.59793393125,361250.9069705893
HARE3B,0.0,0.0,0.0,0.0,267110.32869752374,674464.3719014971
HARE1-,0.0,0.0,0.0,0.0,267110.32869752374,674464.3719014971
HAMH41,0.0,0.0,0.0,0.0,419855.4845462195,292348.03677217686
HAMH2A,0.0,0.0,0.0,0.0,419855.4845462195,292348.03677217686
HAMH1B,0.0,0.0,0.0,0.0,419855.4845462195,292348.03677217686
HAMH1A,0.0,0.0,0.0,0.0,419855.4845462195,292348.03677217686
HAMB4B,0.0,0.0,0.0,0.0,436789.684043937,484008.77270930214
HAMB4A,0.0,0.0,0.0,0.0,436789.684043937,484008.77270930214
HAKB4B,0.0,0.0,0.0,0.0,332914.398271124,566260.8825060156
HAKB4-,0.0,0.0,0.0,0.0,332786.8757239338,569277.9605240651
HAKB1-,0.0,0.0,0.0,0.0,337276.5420579495,561711.8089769034
HAHA3-,0.0,0.0,0.0,0.0,280578.236793385,634045.6553189936
HAGR3-,0.0,0.0,0.0,0.0,256253.26899320236,662029.6151073878
HAGR1R,0.0,0.0,0.0,0.0,256253.26899320236,662029.6151073878
HAGR1Q,0.0,0.0,0.0,0.0,256253.26899320236,662029.6151073878
HAGH3-,0.0,0.0,0.0,0.0,291065.0544732973,630593.6452083244
HADH3-,0.0,0.0,0.0,0.0,227149.62877568617,601330.960544271
HACK61,0.0,0.0,0.0,0.0,535657.3232230891,186327.7408718592
HACK41,0.0,0.0,0.0,0.0,535910.3080875864,186327.57733989402
HACK2B,0.0,0.0,0.0,0.0,535910.3080875864,186327.57733989402
HACK2A,0.0,0.0,0.0,0.0,535910.3080875864,186327.57733989402
HACK11,0.0,0.0,0.0,0.0,535910.3080875864,186327.57733989402
GWYO12,0.0,0.0,0.0,0.0,277296.1057145053,378749.5410793354
GWYO11,0.0,0.0,0.0,0.0,277296.1057145053,378749.5410793354
GWYN4B,0.0,0.0,0.0,0.0,248607.8970454243,363484.52413781884
GWYN4A,0.0,0.0,0.0,0.0,248607.8970454243,363484.52413781884
GWBW32,0.0,0.0,0.0,0.0,274014.2424719153,368512.8550950032
GWBW31,0.0,0.0,0.0,0.0,248661.09176571426,361201.6257170799
HARE3A,0.0,0.0,0.0,0.0,267110.32869752374,674464.3719014971
HARK11,0.0,0.0,0.0,0.0,338315.4141605811,561187.6337473397
HINP22,0.0,0.0,0.0,0.0,321338.48393827374,146160.57890531755
HARK12,0.0,0.0,0.0,0.0,338315.4141605811,561187.6337473397
HINP21,0.0,0.0,0.0,0.0,321338.48393827374,146160.57890531755
HIGM4A,0.0,0.0,0.0,0.0,480725.88776527235,370181.67250685586
HIGM41,0.0,0.0,0.0,0.0,480725.88776527235,370181.67250685586
HIGM21,0.0,0.0,0.0,0.0,480725.88776527235,370181.67250685586
HIBU41,0.0,0.0,0.0,0.0,531657.1214873078,184694.84543863026
HEYS41,0.0,0.0,0.0,0.0,341871.2491377795,459998.4338093918
HEYS11,0.0,0.0,0.0,0.0,341871.2491377795,459998.4338093918
HEND11,0.0,0.0,0.0,0.0,523294.90984888567,189371.4406376123
HELE3-,0.0,0.0,0.0,0.0,231746.8473049195,684071.6712544694
HELE1R,0.0,0.0,0.0,0.0,231746.8473049195,684071.6712544694
HELE1Q,0.0,0.0,0.0,0.0,231746.8473049195,684071.6712544694
HEDO21,0.0,0.0,0.0,0.0,519216.4488477319,428623.0374709746
HAWP61,0.0,0.0,0.0,0.0,438562.3702652263,545872.1172515333
HAWP4A,0.0,0.0,0.0,0.0,438562.3702652263,545872.1172515333
HAWP2A,0.0,0.0,0.0,0.0,438562.3702652263,545872.1172515333
HAWP21,0.0,0.0,0.0,0.0,438562.3702652263,545872.1172515333
HAWI3-,0.0,0.0,0.0,0.0,350038.8147549352,615209.5771168177
HAWI1B,0.0,0.0,0.0,0.0,350038.8147549352,615209.5771168177
HAWI1-,0.0,0.0,0.0,0.0,350038.8147549352,615209.5771168177
HATL21,0.0,0.0,0.0,0.0,452485.8493723226,527370.7585363013
AYR-3-,0.0,0.0,0.0,0.0,236486.3082441474,621158.6753195482
HARM21,0.0,0.0,0.0,0.0,445816.9676182631,534252.9930167802
HARK41,0.0,0.0,0.0,0.0,338315.4141605811,561187.6337473397
HARK24,0.0,0.0,0.0,0.0,338315.4141605811,561187.6337473397
HARK23,0.0,0.0,0.0,0.0,338315.4141605811,561187.6337473397
HARK21,0.0,0.0,0.0,0.0,338315.4141605811,561187.6337473397
HARK13,0.0,0.0,0.0,0.0,338315.4141605811,561187.6337473397
INGA5-,0.0,0.0,0.0,0.0,230044.5058418242,801129.5895871583
INKE1Q,0.0,0.0,0.0,0.0,313532.03371101705,684126.7832001116
INKE1R,0.0,0.0,0.0,0.0,313532.03371101705,684126.7832001116
KIER3-,0.0,0.0,0.0,0.0,255684.8274495199,670213.4330457995
KIER1Q,0.0,0.0,0.0,0.0,255684.8274495199,670213.4330457995
KIBY21,0.0,0.0,0.0,0.0,343707.83476586913,397290.0730198924
KIBY11,0.0,0.0,0.0,0.0,343707.83476586913,397290.0730198924
KERG1T,0.0,0.0,0.0,0.0,440346.83420997945,1156870.3945931674
KERG1R,0.0,0.0,0.0,0.0,440346.83420997945,1156870.3945931674
KERG1Q,0.0,0.0,0.0,0.0,440346.83420997945,1156870.3945931674
KERG1P,0.0,0.0,0.0,0.0,440346.83420997945,1156870.3945931674
KERG1J,0.0,0.0,0.0,0.0,440346.83420997945,1156870.3945931674
KERG1-,0.0,0.0,0.0,0.0,440346.83420997945,1156870.3945931674
ABHA11,0.0,0.0,0.0,0.0,277366.7704361002,64956.93548942605
KEOO1-,0.0,0.0,0.0,0.0,261179.94150830852,587336.5674621015
KENN3-,0.0,0.0,0.0,0.0,300564.0547754445,634388.9633068116
KENN1-,0.0,0.0,0.0,0.0,300498.5055985943,634279.1186653357
KENG41,0.0,0.0,0.0,0.0,523257.7215808025,182793.3467218841
KENE3-,0.0,0.0,0.0,0.0,285978.9856836063,625808.2645656462
KEMS4B,0.0,0.0,0.0,0.0,590871.3914890977,166700.81362549553
KEMS4A,0.0,0.0,0.0,0.0,590871.3914890977,166700.81362549553
KEMS41,0.0,0.0,0.0,0.0,590871.3914890977,166700.81362549553
KEMS11,0.0,0.0,0.0,0.0,590871.3914890977,166700.81362549553
KEIT3A,0.0,0.0,0.0,0.0,344258.5579768246,850106.9760927658
KEIT3-,0.0,0.0,0.0,0.0,344258.5579768246,850106.9760927658
KEIT2R,0.0,0.0,0.0,0.0,344258.5579768246,850106.9760927658
KEIT2Q,0.0,0.0,0.0,0.0,344258.5579768246,850106.9760927658
KEIT1K,0.0,0.0,0.0,0.0,344258.5579768246,850106.9760927658
KEIT1J,0.0,0.0,0.0,0.0,344258.5579768246,850106.9760927658
KEIT1-,0.0,0.0,0.0,0.0,344258.5579768246,850106.9760927658
KEIH3-,0.0,0.0,0.0,0.0,332678.94042672595,668773.8836172057
KIER1R,0.0,0.0,0.0,0.0,255684.8274495199,670213.4330457995
KIIN1-,0.0,0.0,0.0,0.0,256919.78595632355,733901.8178370036
INKE3-,0.0,0.0,0.0,0.0,313532.03371101705,684126.7832001116
KIIN3-,0.0,0.0,0.0,0.0,256919.78595632355,733901.8178370036
KINO41,0.0,0.0,0.0,0.0,580612.0471326249,172198.05301127397
KINO11,0.0,0.0,0.0,0.0,580612.0471326249,172198.05301127397
KINC2-,0.0,0.0,0.0,0.0,293113.4437475084,687505.8175807579
KINB2K,0.0,0.0,0.0,0.0,293113.4437475084,687505.8175807579
KINB2J,0.0,0.0,0.0,0.0,293113.4437475084,687505.8175807579
ARDK1-,0.0,0.0,0.0,0.0,217163.96029031262,714451.5386367938
KILW3-,0.0,0.0,0.0,0.0,231640.93105205568,644420.586567985
KILW1R,0.0,0.0,0.0,0.0,231640.93105205568,644420.586567985
KILT3A,0.0,0.0,0.0,0.0,243375.71883215394,636084.6266673711
KILT2R,0.0,0.0,0.0,0.0,243375.71883215394,636084.6266673711
KILT2Q,0.0,0.0,0.0,0.0,243375.71883215394,636084.6266673711
KILS4T,0.0,0.0,0.0,0.0,245275.6806867964,634513.0617473668
KILS3-,0.0,0.0,0.0,0.0,245275.6806867964,634513.0617473668
KILS2-,0.0,0.0,0.0,0.0,245275.6806867964,634513.0617473668
KILS1-,0.0,0.0,0.0,0.0,245275.6806867964,634513.0617473668
AREC3-,0.0,0.0,0.0,0.0,293576.9511083891,554864.0245850661
AREC3A,0.0,0.0,0.0,0.0,293704.8796561224,554845.3433938882
KILL41,0.0,0.0,0.0,0.0,515392.3539303307,419130.1198776293
KILG3C,0.0,0.0,0.0,0.0,294613.0391376314,564752.6319385228
KILG3B,0.0,0.0,0.0,0.0,294613.0391376314,564752.6319385228
KILG3A,0.0,0.0,0.0,0.0,294613.0391376314,564752.6319385228
KILG2-,0.0,0.0,0.0,0.0,294546.4004931684,564642.8731998932
KILC1Q,0.0,0.0,0.0,0.0,257188.24680435794,732920.8410546277
KILB5-,0.0,0.0,0.0,0.0,249880.9109199128,670984.2047697209
KILB3-,0.0,0.0,0.0,0.0,249880.9109199128,670984.2047697209
KILB1R,0.0,0.0,0.0,0.0,249880.9109199128,670984.2047697209
KILB1Q,0.0,0.0,0.0,0.0,249880.9109199128,670984.2047697209
KEAR41,0.0,0.0,0.0,0.0,376302.68542546046,404670.66890510893
KEAR31,0.0,0.0,0.0,0.0,376302.68542546046,404670.66890510893
KEAR11,0.0,0.0,0.0,0.0,376302.68542546046,404670.66890510893
KEAP42,0.0,0.0,0.0,0.0,482853.3288719101,411616.41570062825
IRON12,0.0,0.0,0.0,0.0,365581.81171722745,303979.56984837144
IRON11,0.0,0.0,0.0,0.0,365581.81171722745,303979.56984837144
IROA21,0.0,0.0,0.0,0.0,366739.9455990163,185677.72717116616
IROA13,0.0,0.0,0.0,0.0,366739.9455990163,185677.72717116616
IROA12,0.0,0.0,0.0,0.0,366739.9455990163,185677.72717116616
IROA11,0.0,0.0,0.0,0.0,366739.9455990163,185677.72717116616
INWI1R,0.0,0.0,0.0,0.0,372025.08826550195,673993.4888326249
INWI1Q,0.0,0.0,0.0,0.0,372025.08826550195,673993.4888326249
INVR2-,0.0,0.0,0.0,0.0,231739.13932513262,718420.1990093448
INVR1D,0.0,0.0,0.0,0.0,231739.13932513262,718420.1990093448
AXMI11,0.0,0.0,0.0,0.0,334933.62890597834,99019.65396011874
INVR1B,0.0,0.0,0.0,0.0,231739.13932513262,718420.1990093448
INVR1A,0.0,0.0,0.0,0.0,231739.13932513262,718420.1990093448
INVR1-,0.0,0.0,0.0,0.0,231739.13932513262,718420.1990093448
INVE1K,0.0,0.0,0.0,0.0,209605.89162767745,708449.6912931232
AXMI41,0.0,0.0,0.0,0.0,334933.62890597834,99019.65396011874
INVB2B,0.0,0.0,0.0,0.0,231739.13932513262,718420.1990093448
INVB2A,0.0,0.0,0.0,0.0,231739.13932513262,718420.1990093448
INRU1S,0.0,0.0,0.0,0.0,410189.30637049593,848307.2559363465
INRU1R,0.0,0.0,0.0,0.0,410189.30637049593,848307.2559363465
INRU1Q,0.0,0.0,0.0,0.0,410189.30637049593,848307.2559363465
INNE3-,0.0,0.0,0.0,0.0,265604.1925269506,842412.0668700896
INNE1R,0.0,0.0,0.0,0.0,265604.1925269506,842412.0668700896
INNE1Q,0.0,0.0,0.0,0.0,265604.1925269506,842412.0668700896
INNE1L,0.0,0.0,0.0,0.0,265604.1925269506,842412.0668700896
INNE1K,0.0,0.0,0.0,0.0,265604.1925269506,842412.0668700896
INNE1J,0.0,0.0,0.0,0.0,265604.1925269506,842412.0668700896
IRON13,0.0,0.0,0.0,0.0,365581.81171722745,303979.56984837144
IRON41,0.0,0.0,0.0,0.0,365581.81171722745,303979.56984837144
ISLI11,0.0,0.0,0.0,0.0,530868.4613494267,186408.23695282446
JUNV1-,0.0,0.0,0.0,0.0,326948.00709574326,675909.3363924588
AREC3B,0.0,0.0,0.0,0.0,293704.8796561224,554845.3433938882
KEAD4D,0.0,0.0,0.0,0.0,482300.0051028088,411897.73339351016
KEAD4C,0.0,0.0,0.0,0.0,482300.0051028088,411897.73339351016
KEAD44,0.0,0.0,0.0,0.0,482300.0051028088,411897.73339351016
KEAD43,0.0,0.0,0.0,0.0,482300.0051028088,411897.73339351016
KEAD42,0.0,0.0,0.0,0.0,482300.0051028088,411897.73339351016
KEAD41,0.0,0.0,0.0,0.0,482300.0051028088,411897.73339351016
KEAD11,0.0,0.0,0.0,0.0,482300.0051028088,411897.73339351016
ARMO3-,0.0,0.0,0.0,0.0,122255.00827441312,861108.6424961549
KAIM3A,0.0,0.0,0.0,0.0,327334.4021207099,666988.9116764779
KAIM3-,0.0,0.0,0.0,0.0,327334.4021207099,666988.9116764779
KAIM2-,0.0,0.0,0.0,0.0,327334.4021207099,666988.9116764779
AUCW1-,0.0,0.0,0.0,0.0,230290.63059462732,608001.86520702
IVER11,0.0,0.0,0.0,0.0,504282.97443769587,183617.7776656762
JUNA1T,0.0,0.0,0.0,0.0,326924.62674795766,675955.3762717461
JORD31,0.0,0.0,0.0,0.0,436499.7445634306,381597.7588071593
JORD21,0.0,0.0,0.0,0.0,436499.7445634306,381597.7588071593
JOHN3-,0.0,0.0,0.0,0.0,243308.62891100938,664071.6059217267
JOHN1R,0.0,0.0,0.0,0.0,243308.62891100938,664071.6059217267
JOHN1Q,0.0,0.0,0.0,0.0,243308.62891100938,664071.6059217267
IVER61,0.0,0.0,0.0,0.0,504362.7157533341,183564.9719537198
IVER4B,0.0,0.0,0.0,0.0,504282.97443769587,183617.7776656762
IVER4A,0.0,0.0,0.0,0.0,504282.97443769587,183617.7776656762
IVER2A,0.0,0.0,0.0,0.0,504282.97443769587,183617.7776656762
IVER22,0.0,0.0,0.0,0.0,504282.97443769587,183617.7776656762
IVER21,0.0,0.0,0.0,0.0,504282.97443769587,183617.7776656762
GWBW12,0.0,0.0,0.0,0.0,248748.59793393125,361250.9069705893
HADH1-,0.0,0.0,0.0,0.0,227149.62877568617,601330.960544271
FRIS4B,0.0,0.0,0.0,0.0,640767.0637127473,260394.74425976753
FRAS3-,0.0,0.0,0.0,0.0,398670.3011726087,866269.2109849573
FRAS1Q,0.0,0.0,0.0,0.0,398670.3011726087,866269.2109849573
BARK21,0.0,0.0,0.0,0.0,546713.7503967853,182031.19690071873
FOYE2-,0.0,0.0,0.0,0.0,249605.6513627468,820883.9188653013
FOUR71,0.0,0.0,0.0,0.0,389649.71128635044,568652.1510353211
BBWW21,0.0,0.0,0.0,0.0,298722.1166357798,375537.50087540917
FOUR31,0.0,0.0,0.0,0.0,389649.71128635044,568652.1510353211
ERRO1T,0.0,0.0,0.0,0.0,268276.47507254826,765267.15545545
FOUR21,0.0,0.0,0.0,0.0,389649.71128635044,568652.1510353211
FOGG1R,0.0,0.0,0.0,0.0,386685.91757768736,803473.1919956215
FOGG1Q,0.0,0.0,0.0,0.0,386685.91757768736,803473.1919956215
ERRO5J,0.0,0.0,0.0,0.0,268276.47507254826,765267.15545545
FLEE41,0.0,0.0,0.0,0.0,478191.25308758335,150713.07715742273
FLEE12,0.0,0.0,0.0,0.0,478191.25308758335,150713.07715742273
FINN3-,0.0,0.0,0.0,0.0,257026.64390133473,665721.4383322586
FINN1R,0.0,0.0,0.0,0.0,257026.64390133473,665721.4383322586
ERRO5L,0.0,0.0,0.0,0.0,268276.47507254826,765267.15545545
FINN1Q,0.0,0.0,0.0,0.0,257026.64390133473,665721.4383322586
FINL5-,0.0,0.0,0.0,0.0,299440.50657527,825396.5940287756
ERSK1Q,0.0,0.0,0.0,0.0,244991.3614313829,670617.3793673891
FINL1Q,0.0,0.0,0.0,0.0,299440.50657527,825396.5940287756
FIDF21,0.0,0.0,0.0,0.0,354299.8534099072,386297.8583915169
FIDF12,0.0,0.0,0.0,0.0,354299.8534099072,386297.8583915169
FIDF11,0.0,0.0,0.0,0.0,354299.8534099072,386297.8583915169
BARK22,0.0,0.0,0.0,0.0,546713.7503967853,182031.19690071873
FIDD1R,0.0,0.0,0.0,0.0,382322.87512352795,781119.2363161682
FRAS1R,0.0,0.0,0.0,0.0,398670.3011726087,866269.2109849573
ERRO1J,0.0,0.0,0.0,0.0,268276.47507254826,765267.15545545
GANW14,0.0,0.0,0.0,0.0,645862.8823743315,249917.80246077967
FRIN4A,0.0,0.0,0.0,0.0,640767.0637127473,260394.74425976753
GANW11,0.0,0.0,0.0,0.0,667040.1987591776,233211.78932673053
GALO12,0.0,0.0,0.0,0.0,647493.3198320458,262775.377557505
GALO11,0.0,0.0,0.0,0.0,647493.3198320458,262775.377557505
BAIN1R,0.0,0.0,0.0,0.0,289892.4871270334,681512.1208168331
FYRI2K,0.0,0.0,0.0,0.0,260764.57483991826,869714.0446702401
FYRI2J,0.0,0.0,0.0,0.0,260764.57483991826,869714.0446702401
BBWW31,0.0,0.0,0.0,0.0,298722.1166357798,375537.50087540917
FYRI1K,0.0,0.0,0.0,0.0,260764.57483991826,869714.0446702401
BAIN3-,0.0,0.0,0.0,0.0,289892.4871270334,681512.1208168331
FWIL3-,0.0,0.0,0.0,0.0,212467.1526840001,773976.0313437601
FWIL1R,0.0,0.0,0.0,0.0,212467.1526840001,773976.0313437601
ERRO10,0.0,0.0,0.0,0.0,268276.47507254826,765267.15545545
BARK11,0.0,0.0,0.0,0.0,546713.7503967853,182031.19690071873
FROD41,0.0,0.0,0.0,0.0,352300.20919169666,379398.39775981754
FROD22,0.0,0.0,0.0,0.0,352300.20919169666,379398.39775981754
ERRO1A,0.0,0.0,0.0,0.0,268276.47507254826,765267.15545545
FROD21,0.0,0.0,0.0,0.0,352300.20919169666,379398.39775981754
FROD11,0.0,0.0,0.0,0.0,352300.20919169666,379398.39775981754
FRIS4D,0.0,0.0,0.0,0.0,640767.0637127473,260394.74425976753
FRIS4C,0.0,0.0,0.0,0.0,638940.8435150343,259792.16489085718
GWAW32,0.0,0.0,0.0,0.0,251241.76431674007,362770.92408934975
FRIS4A,0.0,0.0,0.0,0.0,640767.0637127473,260394.74425976753
FRIS41,0.0,0.0,0.0,0.0,640767.0637127473,260394.74425976753
ERRO1B,0.0,0.0,0.0,0.0,268276.47507254826,765267.15545545
FRIN4B,0.0,0.0,0.0,0.0,638940.8435150343,259792.16489085718
FIDD1Q,0.0,0.0,0.0,0.0,382322.87512352795,781119.2363161682
FIDD1B,0.0,0.0,0.0,0.0,382322.87512352795,781119.2363161682
ERSK1R,0.0,0.0,0.0,0.0,244991.3614313829,670617.3793673891
ERSK3-,0.0,0.0,0.0,0.0,244991.3614313829,670617.3793673891
BARW32,0.0,0.0,0.0,0.0,546288.6375404167,181830.97732633044
EWEH3-,0.0,0.0,0.0,0.0,254068.9909551794,612689.1388108901
FAUG3-,0.0,0.0,0.0,0.0,235823.53681322356,808352.4161125647
FAUG2K,0.0,0.0,0.0,0.0,235823.53681322356,808352.4161125647
FAUG2J,0.0,0.0,0.0,0.0,235823.53681322356,808352.4161125647
FAUG1Q,0.0,0.0,0.0,0.0,235823.53681322356,808352.4161125647
FAUG1N,0.0,0.0,0.0,0.0,235823.53681322356,808352.4161125647
FAUG1M,0.0,0.0,0.0,0.0,235823.53681322356,808352.4161125647
FAUG1K,0.0,0.0,0.0,0.0,235823.53681322356,808352.4161125647
FAUG1J,0.0,0.0,0.0,0.0,235823.53681322356,808352.4161125647
FAUG1-,0.0,0.0,0.0,0.0,235823.53681322356,808352.4161125647
BBWO21,0.0,0.0,0.0,0.0,298722.1166357798,375537.50087540917
EXET11,0.0,0.0,0.0,0.0,300948.1807579156,97271.62215195547
FASN2-,0.0,0.0,0.0,0.0,232141.21457936545,829253.6196298874
FARI2K,0.0,0.0,0.0,0.0,257160.95532002285,826464.0320885631
FARI2J,0.0,0.0,0.0,0.0,257160.95532002285,826464.0320885631
FARI1K,0.0,0.0,0.0,0.0,257160.95532002285,826464.0320885631
FARI1J,0.0,0.0,0.0,0.0,257160.95532002285,826464.0320885631
FALL4-,0.0,0.0,0.0,0.0,354786.5416376698,675438.2953905981
FALL3B,0.0,0.0,0.0,0.0,354850.1297328231,675548.9387324414
FALL3A,0.0,0.0,0.0,0.0,354850.1297328231,675548.9387324414
FAAR3K,0.0,0.0,0.0,0.0,273500.0044022445,828999.9816315745
FAAR3J,0.0,0.0,0.0,0.0,273500.0044022445,828999.9816315745
FAAR1R,0.0,0.0,0.0,0.0,273500.0044022445,828999.9816315745
EXET41,0.0,0.0,0.0,0.0,300948.1807579156,97271.62215195547
FAUG4K,0.0,0.0,0.0,0.0,235823.53681322356,808352.4161125647
FAWL11,0.0,0.0,0.0,0.0,447309.91935869603,102601.4561069133
FAWL41,0.0,0.0,0.0,0.0,447309.91935869603,102601.4561069133
FERR2B,0.0,0.0,0.0,0.0,448100.1790880782,425097.96842170274
FIDD1A,0.0,0.0,0.0,0.0,382322.87512352795,781119.2363161682
FFES22,0.0,0.0,0.0,0.0,267784.45363452786,344299.6110690411
BBWO41,0.0,0.0,0.0,0.0,298722.1166357798,375537.50087540917
FFES21,0.0,0.0,0.0,0.0,267784.45363452786,344299.6110690411
FETT3S,0.0,0.0,0.0,0.0,378976.519453751,785989.5733791006
FETT2R,0.0,0.0,0.0,0.0,378976.519453751,785989.5733791006
FETT2Q,0.0,0.0,0.0,0.0,378976.519453751,785989.5733791006
BARK41,0.0,0.0,0.0,0.0,546713.7503967853,182031.19690071873
FETT1-,0.0,0.0,0.0,0.0,378976.519453751,785989.5733791006
FERR61,0.0,0.0,0.0,0.0,448100.1790880782,425097.96842170274
FERR4A,0.0,0.0,0.0,0.0,448100.1790880782,425097.96842170274
FERR2A,0.0,0.0,0.0,0.0,448100.1790880782,425097.96842170274
EWEH1Q,0.0,0.0,0.0,0.0,254068.9909551794,612689.1388108901
FERR23,0.0,0.0,0.0,0.0,448100.1790880782,425097.96842170274
FERR22,0.0,0.0,0.0,0.0,448100.1790880782,425097.96842170274
FERR21,0.0,0.0,0.0,0.0,448100.1790880782,425097.96842170274
ESST1Q,0.0,0.0,0.0,0.0,345131.59349793557,620727.8769115425
FERO3-,0.0,0.0,0.0,0.0,186061.60759058554,688546.6805620089
FERO1S,0.0,0.0,0.0,0.0,186061.60759058554,688546.6805620089
BARW31,0.0,0.0,0.0,0.0,546288.6375404167,181830.97732633044
FENW4A,0.0,0.0,0.0,0.0,459378.6477488504,416345.5367916715
FECK61,0.0,0.0,0.0,0.0,401997.6376319963,261580.72544577392
FECK41,0.0,0.0,0.0,0.0,401997.6376319963,261580.72544577392
FECK21,0.0,0.0,0.0,0.0,401997.6376319963,261580.72544577392
FAAR1Q,0.0,0.0,0.0,0.0,273500.0044022445,828999.9816315745
GANW12,0.0,0.0,0.0,0.0,667040.1987591776,233211.78932673053
GANW31,0.0,0.0,0.0,0.0,667040.1987591776,233211.78932673053
BAGA3-,0.0,0.0,0.0,0.0,295435.800103107,668745.3564919492
GREN12,0.0,0.0,0.0,0.0,487103.86207326996,261338.67059593333
GREN11,0.0,0.0,0.0,0.0,487103.86207326996,261338.67059593333
GREG3B,0.0,0.0,0.0,0.0,667040.1987591776,233211.78932673053
GREG3A,0.0,0.0,0.0,0.0,667040.1987591776,233211.78932673053
GREG36,0.0,0.0,0.0,0.0,667040.1987591776,233211.78932673053
GREG35,0.0,0.0,0.0,0.0,667040.1987591776,233211.78932673053
GREG34,0.0,0.0,0.0,0.0,667040.1987591776,233211.78932673053
GREG33,0.0,0.0,0.0,0.0,667040.1987591776,233211.78932673053
GREG32,0.0,0.0,0.0,0.0,667040.1987591776,233211.78932673053
GREG31,0.0,0.0,0.0,0.0,667040.1987591776,233211.78932673053
GREG14,0.0,0.0,0.0,0.0,667040.1987591776,233211.78932673053
GREG13,0.0,0.0,0.0,0.0,667040.1987591776,233211.78932673053
GREG12,0.0,0.0,0.0,0.0,667040.1987591776,233211.78932673053
GREG11,0.0,0.0,0.0,0.0,667040.1987591776,233211.78932673053
GRAN61,0.0,0.0,0.0,0.0,278504.18018440454,186028.66901178955
ELST13,0.0,0.0,0.0,0.0,514757.0262171908,196991.4300520189
GRAI11,0.0,0.0,0.0,0.0,588783.0429591723,175871.50075489754
GOVA3-,0.0,0.0,0.0,0.0,255230.67045024474,664681.3456976081
GOVA1R,0.0,0.0,0.0,0.0,255230.67045024474,664681.3456976081
GOVA1Q,0.0,0.0,0.0,0.0,255230.67045024474,664681.3456976081
GORW3-,0.0,0.0,0.0,0.0,284603.9907914599,912696.9458197969
GORW2-,0.0,0.0,0.0,0.0,284603.9907914599,912696.9458197969
ELST21,0.0,0.0,0.0,0.0,514757.0262171908,196991.4300520189
GORG3-,0.0,0.0,0.0,0.0,322957.4132408977,672018.6850450814
GORG1R,0.0,0.0,0.0,0.0,322957.4132408977,672018.6850450814
GRIF1S,0.0,0.0,0.0,0.0,293599.9944888333,744599.9795793779
GRIF36,0.0,0.0,0.0,0.0,293599.9944888333,744599.9795793779
GANW32,0.0,0.0,0.0,0.0,667040.1987591776,233211.78932673053
GRIF38,0.0,0.0,0.0,0.0,293599.9944888333,744599.9795793779
ELLA12,0.0,0.0,0.0,0.0,411810.65912823105,422066.26049033523
GWAW12,0.0,0.0,0.0,0.0,251329.11179843725,362820.48309598735
GWAW11,0.0,0.0,0.0,0.0,251329.11179843725,362820.48309598735
GUNS32,0.0,0.0,0.0,0.0,610174.8712525687,245619.6097521112
ELLA21,0.0,0.0,0.0,0.0,411810.65912823105,422066.26049033523
GUNS31,0.0,0.0,0.0,0.0,610093.5607029016,245678.5369698371
GUNS11,0.0,0.0,0.0,0.0,610093.5607029016,245678.5369698385
BAGA1Q,0.0,0.0,0.0,0.0,295435.800103107,668745.3564919492
GRUB1R,0.0,0.0,0.0,0.0,231056.22209769802,861811.7244503238
GRUB1Q,0.0,0.0,0.0,0.0,231056.22209769802,861811.7244503238
GRTO61,0.0,0.0,0.0,0.0,440567.91000391106,554776.9621846833
GRST61,0.0,0.0,0.0,0.0,432268.2248629755,385384.61288804637
ELST11,0.0,0.0,0.0,0.0,514757.0262171908,196991.4300520189
GRST2B,0.0,0.0,0.0,0.0,432268.2248629755,385384.61288804637
GRST2A,0.0,0.0,0.0,0.0,432268.2248629755,385384.61288804637
GRNA4C,0.0,0.0,0.0,0.0,331836.43960505835,567275.6088921909
GRNA4-,0.0,0.0,0.0,0.0,331836.43960505835,567275.6088921909
ELST12,0.0,0.0,0.0,0.0,514757.0262171908,196991.4300520189
GRNA1-,0.0,0.0,0.0,0.0,331836.43960505835,567275.6088921909
GRMO3C,0.0,0.0,0.0,0.0,292691.75861648814,682005.2178056667
GRMO3A,0.0,0.0,0.0,0.0,292691.75861648814,682005.2178056667
GRMO2-,0.0,0.0,0.0,0.0,292691.75861648814,682005.2178056667
GRIW41,0.0,0.0,0.0,0.0,522569.45033524086,409292.98362163483
GRIW12,0.0,0.0,0.0,0.0,522569.45033524086,409292.98362163483
GRIW11,0.0,0.0,0.0,0.0,522569.45033524086,409292.98362163483
GORG1Q,0.0,0.0,0.0,0.0,322957.4132408977,672018.6850450814
GLRO3B,0.0,0.0,0.0,0.0,325881.35206249804,701914.6237518236
GLRO3A,0.0,0.0,0.0,0.0,325881.35206249804,701914.6237518236
GART4B,0.0,0.0,0.0,0.0,433894.6645063671,456839.71320706885
ELVA1-,0.0,0.0,0.0,0.0,295174.5145133196,617278.3009872923
GIFF2R,0.0,0.0,0.0,0.0,256058.40895817956,658471.6705658337
ELVA2Q,0.0,0.0,0.0,0.0,295174.5145133196,617278.3009872923
BAIN1Q,0.0,0.0,0.0,0.0,289892.4871270334,681512.1208168331
GGON13,0.0,0.0,0.0,0.0,647493.3198320458,262775.377557505
GGON12,0.0,0.0,0.0,0.0,647493.3198320458,262775.377557505
ELVA2R,0.0,0.0,0.0,0.0,295174.5145133196,617278.3009872923
GGON11,0.0,0.0,0.0,0.0,647493.3198320458,262775.377557505
GAWH3-,0.0,0.0,0.0,0.0,280578.236793385,634045.6553189936
ELVA3A,0.0,0.0,0.0,0.0,295174.5145133196,617278.3009872923
GAWH1Q,0.0,0.0,0.0,0.0,280578.236793385,634045.6553189936
GART4A,0.0,0.0,0.0,0.0,433894.6645063671,456839.71320706885
GLRO2-,0.0,0.0,0.0,0.0,325881.35206249804,701914.6237518236
BBWW32,0.0,0.0,0.0,0.0,298722.1166357798,375537.50087540917
ENDE11,0.0,0.0,0.0,0.0,453278.4012927426,300316.6484523253
GARE1T,0.0,0.0,0.0,0.0,226871.5744616533,683888.7884732955
ENDE41,0.0,0.0,0.0,0.0,453278.4012927426,300316.6484523253
GARE1S,0.0,0.0,0.0,0.0,226871.5744616533,683888.7884732955
GARB1T,0.0,0.0,0.0,0.0,226871.5744616533,683888.7884732955
GARB1S,0.0,0.0,0.0,0.0,226871.5744616533,683888.7884732955
GARB1R,0.0,0.0,0.0,0.0,226871.5744616533,683888.7884732955
GARB1Q,0.0,0.0,0.0,0.0,226871.5744616533,683888.7884732955
GANW34,0.0,0.0,0.0,0.0,667040.1987591776,233211.78932673053
GANW33,0.0,0.0,0.0,0.0,667040.1987591776,233211.78932673053
GIFF3A,0.0,0.0,0.0,0.0,256058.40895817956,658471.6705658337
GIFF3B,0.0,0.0,0.0,0.0,256058.40895817956,658471.6705658337
GLAG1Q,0.0,0.0,0.0,0.0,338622.94165081583,730401.3284884274
GLGL3-,0.0,0.0,0.0,0.0,286274.40447044384,612985.4497126018
GLRB2-,0.0,0.0,0.0,0.0,327396.91024453926,701016.3875346963
ELST22,0.0,0.0,0.0,0.0,514757.0262171908,196991.4300520189
GLNI1-,0.0,0.0,0.0,0.0,321293.7097520695,691353.3433120387
GLLU3-,0.0,0.0,0.0,0.0,220582.67620035275,557125.6185399236
GLLU1R,0.0,0.0,0.0,0.0,220582.67620035275,557125.6185399236
GLLU1Q,0.0,0.0,0.0,0.0,220582.67620035275,557125.6185399236
GLLE5-,0.0,0.0,0.0,0.0,260927.02514979933,580261.4919197444
ELST41,0.0,0.0,0.0,0.0,514757.0262171908,196991.4300520189
GLLE1-,0.0,0.0,0.0,0.0,260927.02514979933,580261.4919197444
GLKO1-,0.0,0.0,0.0,0.0,283362.9245735506,828672.914763633
GLAG1R,0.0,0.0,0.0,0.0,338622.94165081583,730401.3284884274
ELST4A,0.0,0.0,0.0,0.0,514757.0262171908,196991.4300520189
GLGL1R,0.0,0.0,0.0,0.0,286274.40447044384,612985.4497126018
GLGL1Q,0.0,0.0,0.0,0.0,286274.40447044384,612985.4497126018
GLFA3-,0.0,0.0,0.0,0.0,321050.28198351956,836946.792609277
GLFA1-,0.0,0.0,0.0,0.0,321172.2197747503,838178.5903120028
GLEN5-,0.0,0.0,0.0,0.0,266525.9982286587,844693.4273198224
ELST4B,0.0,0.0,0.0,0.0,514757.0262171908,196991.4300520189
GLEN1Q,0.0,0.0,0.0,0.0,266525.9982286587,844693.4273198224
GLDO8-,0.0,0.0,0.0,0.0,245980.17311286158,803407.83520733
GLDO1G,0.0,0.0,0.0,0.0,245980.17311286158,803407.83520733
GLAP3-,0.0,0.0,0.0,0.0,283406.10419490095,576351.1967920382
BRLE41,0.0,1.3304912727107876e-11,1.8959819153191274e-09,-1.3304912727107876e-11,464398.3897140703,159999.52216094645
AIKE3B,0.0,3.2855496101547026e-11,3.285221055193688e-07,-3.2855496101547026e-11,371400.8317530092,670299.2159354611
HUNE4-,0.0,8.239453563874122e-11,8.239453563874122e-07,-8.239453563874122e-11,218458.77561055977,651397.6273252767
LAND11,4.0330405681743287e-11,1.9198276302034856e-10,1.3624712113678769e-08,-1.5165235733860527e-10,240904.98011125883,62896.73087862483
AREC1-,0.0,2.5016788640641607e-10,3.4100384596058585e-08,-2.5016788640641607e-10,293638.0868290875,554735.5977399172
YAXL41,2.5366375666635577e-12,3.6661873537013884e-10,7.119230767574025e-08,-3.640820978034753e-10,519454.2724401413,291841.8557998837
NECU2-,0.0,1.144105254979877e-09,0.0001144093813927,-1.144105254979877e-09,261839.91984032482,614201.8835852908
KILS4-,0.0,1.0240910341963172e-08,0.0001023988625092,-1.0240910341963172e-08,245275.6806867964,634513.0617473668
ABNE1Q,0.0,3.285,394.2000000000001,-3.285,320119.109859484,717096.6312341893
CLAY1Q,0.0,4.995000000000001,599.4000000000002,-4.995000000000001,394132.04681890213,805486.9981205657
BPGR3K,0.0,6.449999999999999,773.9999999999999,-6.449999999999999,291151.49508143566,681288.5799959091
MILC1R,0.0,8.235,988.1999999999998,-8.235,343600.816183283,731099.5555995437
CELL12,0.0,14.91,1789.1999999999998,-14.91,394347.1254698024,349320.5509528251
KEAR21,0.0,25.92,3110.400000000001,-25.92,376302.68542546046,404670.66890510893
NORM41,9.378595677844712e-10,28.500000000909484,1425.000008616552,-28.499999999971624,621798.4090255044,302297.79683950107
KILW1Q,0.0,30.6,3672.0,-30.6,231640.93105205568,644420.586567985
FLIB41,0.0,36.00000000000001,4320.000000000001,-36.00000000000001,328949.9133423546,370801.5749481884
CARR21,5.95363758293388e-11,61.385013726382525,4402.135828469709,-61.38501372632299,373499.7235272403,393198.4008821505
INCE11,0.0,63.0,7560.0,-63.0,345088.0114539189,376528.02008412685
WHGA21,0.0,80.4,9648.0,-80.4,389256.36235907656,403670.9725303248
KNAR11,0.0,87.82108299901672,10538.529959882006,-87.82108299901672,433645.4243611822,459588.66171046
ELLA11,2.3653967673453732e-11,99.22500000003697,8285.51451168382,-99.22500000001332,411810.65912823105,422066.26049033523
KERG1K,18.212999290751718,157.06121389807407,18062.919141076345,-138.84821460732235,440346.83420997945,1156870.3945931674
WEAV71,0.0,139.91024575626938,16789.229490752325,-139.91024575626938,357796.30746817903,377689.6751423322
SKLG21,0.0,172.71000000000004,20725.200000000004,-172.71000000000004,433283.3846517063,431146.2183061651
RYEH41,3.85369958166848e-10,310.651850131438,15998.570281769422,-310.6518501310526,538371.035733913,208504.732512558
FERR11,0.0,500.6741774009878,60080.90128811853,-500.6741774009878,447728.50681140856,425321.7532452791
PEMB41,4.540144971088012e-08,1404.6569695961257,75343.3164748721,-1404.6569695507242,193589.04268229604,202380.66225742077
BAGB21,3.4690117445279606e-10,2818.876024971189,220646.6881249422,-2818.876024970842,273254.3290351434,192578.64497449703
COTT42,210.47831857093385,4421.204883864528,213680.8104213279,-4210.726565293594,481478.9890473841,379218.5314841755
MAWO41,1.0983862326618963e-09,4694.093219602156,216746.68481952703,-4694.093219601057,439679.6191407163,111109.73807999984
DIDC41,1.6727639717828424e-08,5431.300275463481,279758.437026628,-5431.300275446753,451117.8844505583,191919.31426573312
SHBA41,5444.291169759612,12520.414537837663,648199.9518369021,-7076.1233680780515,522809.1382001879,413275.25203196576
STAY41,2.0985027049391647e-08,7968.220980942499,443358.8822088493,-7968.220980921515,475866.0554142961,353956.77760789386
SPLN41,7560.300542681583,15880.004971275455,609642.836901733,-8319.704428593872,525968.4654450181,324920.1755506683
BISW11,1.4243184409679086e-09,14956.45363607614,868911.8665259376,-14956.453636074715,383548.54446182365,268291.47961990617
WALP41,2.8424893550038632e-09,16151.668177070009,832655.2536974866,-16151.668177067166,548588.2531954346,316721.28278947255
LAGA41,8.211387125811597e-10,16855.717022770863,888747.735787686,-16855.71702277004,257097.87251373928,56216.087401302415
MEDW41,540.7489692457093,19629.933948008853,974107.3745457357,-19089.184978763144,586876.3328941312,174437.31269187183
BRIM11,8.368665760372095e-10,22076.27244788128,1076821.3904594544,-22076.272447880445,536699.73561281,197926.79036675364
MONF4A,4162.19613126637,26358.47516415938,1293574.7444579727,-22196.27903289301,451888.62867498235,430104.9970191538
CARR41,1.3622738492813367e-09,22914.684045323345,1439177.697522587,-22914.684045321985,373499.7235272403,393198.4008821505
CONQ41,2.561506562415161e-09,31374.38957109544,1852478.7105282808,-31374.389571092877,328488.5600786216,370591.7757933684
COSO41,2.9679370072699385e-10,44230.16725988664,2638366.7672158345,-44230.167259886344,574099.4531377079,182238.2248682761
ROCK41,6.381526418408612e-10,46064.53724394665,2766116.5215470204,-46064.53724394601,351849.0799201264,380068.72145800584
SEAB41,7.010626745795889e-09,47126.14119889426,2650062.157967442,-47126.14119888724,353592.55301552935,182144.85765848274
DAMC41,2.9170621473895153e-10,109451.34203339924,6538910.613020577,-109451.34203339895,580935.1844364333,172826.0578953855
GRAI41,6493.333715666557,130652.8375286266,7288816.881491398,-124159.50381296004,588783.0429591723,175871.50075489754
DRAX41,1568.4687188283383,125760.39301490528,6206752.186044439,-124191.92429607693,466558.2174088211,426700.31667411665
WBUR42,3827.534004745928,203535.0678190272,10438894.446090318,-199707.53381428128,479480.9819728244,385494.73700657877
